product_code,brand_name,generic_name,brand_description,department,dosage_form,unit,category,raw_cost,company,full_pack_quantity,unit_quantity
6044.00,A- ZED,,A- ZED CAPS  X 20,Pharmacy,CAPSULES,BLISTER,,195,,20,10
,AB-MULTI-CHLOR WATER PURIFICATION,,AB-MULTI-CHLOR WATER PURIFICATION TABS 75MG X 100,Pharmacy,TABLETS,BLISTER,,1400,ABJ PHARMACEUTICAL LIMITED,100,10
1008695.00,ACECLOFENAC (MULTICOY),Aceclofenac,ACECLOFENAC (MULTICOY) TABS  X 100,Pharmacy,TABLETS,BLISTER,Non-steroidal anti-inflammatory drugs (NSAIDs),920,,100,10
8906040000000.00,ACETAZOLAMIDE,Acetazolamide,ACETAZOLAMIDE (MULTICOY)  TABS 250MG X 30,Pharmacy,TABLETS,BLISTER,Carbonic anhydrase inhibitors,1450,,30,10
15055.00,acetazolamide,Acetazolamide,ACETAZOLAMIDE (MULTICOY)  TABS 250MG X 500,Pharmacy,TABLETS,PCS,Carbonic anhydrase inhibitors,16000,,500,1
6013037.00,ACOFENAC,Diclofenac,ACOFENAC TABS  X 100,Pharmacy,TABLETS,BLISTER,Non-steroidal anti-inflammatory drugs (NSAIDs),600,,100,10
6008895.00,ACTIVODYN,,ACTIVODYN CAPS  X 30,Pharmacy,CAPSULES,BLISTER,Multivitamin and amino acid preparations,290,OANG LIMITED,30,15
15361.00,ADALAT LA,Nifedipine,ADALAT LA TABS 30MG X 30,Pharmacy,TABLETS,BLISTER,Calcium-channel blockers,4650,,30,10
15363.00,AdALAT LA,Nifedipine,ADALAT LA TABS 60MG X 30,Pharmacy,TABLETS,BLISTER,Calcium-channel blockers,8435,,30,10
1008774.00,ADRIDE,Glimepiride,ADRIDE TABS 2MG X 30,Pharmacy,TABLETS,SACHET,Oral antidiabetic drugs,565,,30,10
6010179.00,advant,Candesartan,ADVANT TABS 16MG X 28,Pharmacy,TABLETS,BLISTER,Angiotensin Receptor Blocker,2700,,28,7
6010492.00,ADVANT,Candesartan,ADVANT TABS 8MG X 14,Pharmacy,TABLETS,BLISTER,Angiotensin Receptor Blocker,1250,,14,7
6010487.00,ADVANTEC,Candesartan and Hydrochlorothiazide,ADVANTEC  16MG/12.5MG X 28,Pharmacy,,BLISTER,Angiotensin Receptor Blocker,3150,,28,7
6012954.00,africlo cod liver oil,Cod Liver Oil,AFRICLO COD LIVER OIL CAPS 1000MG X 30,Pharmacy,CAPSULES,BLISTER,Vitamins,450,,30,15
6011979.00,AFTER 5,,AFTER 5 POWDER  X 120,Pharmacy,POWDER,BLISTER,,4500,,120,1
7767.00,akineton,Biperiden,AKINETON INJ 5MG 1ML,Pharmacy,INJECTION (SOLUTION),AMPOULES,,4700,,5,1ml
1001011.00,ALABUKUN,,ALABUKUN POWDER 2G X 100,Pharmacy,POWDER,PACK,Non-opioid analgesics and antipyretics,890,,100,10
1007919.00,ALDACTONE,Spironolactone,ALDACTONE TABS 25MG X 100,Pharmacy,TABLETS,SACHET,POTASSIUM-SPARING DIURETICS,6105,,100,10
1001152.00,ALDACTONE,Spironolactone,ALDACTONE TABS 25MG X 20,Pharmacy,TABLETS,SACHET,POTASSIUM-SPARING DIURETICS,1800,WWCVL (PFIZER),20,10
1007865.00,ALDOCURE,Methyldopa,ALDOCURE TABS 250MG X 100,Pharmacy,TABLETS,SACHET,CENTRALLY ACTING ANTIHYPERTENSIVE DRUGS,1950,,100,10
6013155.00,ALDOMET,,ALDOMET (PARALLEL)  TABS  X 100,Pharmacy,TABLETS,BLISTER,,4500,,100,10
6001390000000.00,ALDOMET,Methyldopate Hydrochloride,ALDOMET TABS 250MG X 60 [ENGLAND],Pharmacy,TABLETS,SACHET,CENTRALLY ACTING ANTIHYPERTENSIVE DRUGS,2400,,60,10
6012608.00,ALENDROIC ACID,Alendronate,ALENDROIC ACID TABS  X 28,Pharmacy,TABLETS,BLISTER,,900,,28,14
6013498.00,ALGAFEN(EVANS BAROQUE),Ibuprofen,ALGAFEN(EVANS BAROQUE) TABS 200MG X 100,Pharmacy,TABLETS,BLISTER,,960,,100,10
6013445.00,allglobin,,ALLGLOBIN CAPS  X 30,Pharmacy,CAPSULES,BLISTER,,1350,,30,15
7016.00,ALLOPURINOL,Allopurinol,ALLOPURINOL TABS 100MG X 28 [ENGLAND],Pharmacy,TABLETS,BLISTER,DRUGS USED IN GOUT,990,,28,14
6970.00,ALLOPURINOL,Allopurinol,ALLOPURINOL TABS 300MG X 28 [ENGLAND],Pharmacy,TABLETS,BLISTER,DRUGS USED IN GOUT,1335,,28,14
5017010000000.00,alluporinol,Allopurinol,ALLUPORINOL TABS 300MG X 28 {TEVA},Pharmacy,TABLETS,BLISTER,DRUGS USED IN GOUT,1350,,28,14
14832.00,ALOE-COD,Cod Liver Oil,ALOE-COD CAPS 1000MG X 30,Pharmacy,CAPSULES,BLISTER,Vitamins,900,,30,15
14833.00,ALOE-COD,Cod Liver Oil,ALOE-COD CAPS 300MG X 30,Pharmacy,CAPSULES,BLISTER,Vitamins,450,,30,15
12361.00,ALPHA-APETI,,ALPHA-APETI TABS  X 30,Pharmacy,TABLETS,BLISTER,Antihistamines,1800,,30,10
6013238.00,ALPHAMET(methyldopa),Methyldopa,ALPHAMET(METHYLDOPA) TABS 250MG X 100,Pharmacy,TABLETS,SACHET,,1605,,100,10
6010797.00,alphaquine,,ALPHAQUINE TABS 300MG X 100,Pharmacy,TABLETS,BLISTER,,4700,,100,10
,ALTADON-2,Risperidone,ALTADON-2 TABS 2MG X 30,Pharmacy,TABLETS,BLISTER,,1600,PHARMACY PLUS LIMITED,30,10
9104.00,AMALAR PLUS,Artesunate + Sulfadoxine and Pyrimethamine,AMALAR PLUS TABS  X 150,Pharmacy,TABLETS,BLISTER,,2375,,150,3
1000069.00,AMALAR,Sulfadoxine and Pyrimethamine,AMALAR TABS  X 50,Pharmacy,TABLETS,BLISTER,,13250,ELBE PHARMA NIG LTD,50,1
3582910000000.00,Amaryl,Glimepiride,AMARYL TABS 1MG X 30,Pharmacy,TABLETS,SACHET,Oral antidiabetic drugs,1675,WWCVL (SANOFI),30,15
3582910000000.00,Amaryl,Glimepiride,AMARYL TABS 2MG X 30,Pharmacy,TABLETS,BLISTER,Oral antidiabetic drugs,3400,WWCVL (SANOFI),30,15
3582910000000.00,Amaryl,Glimepiride,AMARYL TABS 4MG X 30,Pharmacy,TABLETS,BLISTER,Oral antidiabetic drugs,5535,WWCVL (SANOFI),30,15
6010500.00,AMCARD,,AMCARD TABS 10MG X 30,Pharmacy,TABLETS,BLISTER,,570,,30,10
6010501.00,AMCARD,,AMCARD TABS 5MG X 30,Pharmacy,TABLETS,BLISTER,,470,,30,10
11610.00,AMIDREX,Risperidone,AMIDREX  2MG TAB X 30,Pharmacy,TABLETS,BLISTER,Drugs used in Psychotic Disorders,1700,,30,10
8906000000000.00,AMINODYN PLUS,,AMINODYN PLUS CAPS  X 30,Pharmacy,CAPSULES,BLISTER,Multivitamin and amino acid preparations,200,AWARD GLOBAL COMPANY LTD.,30,15
6013040.00,aminogard,,AMINOGARD TABS  X 100,Pharmacy,TABLETS,BLISTER,Multivitamin and amino acid preparations,2225,,100,10
6631.00,AMINOPHILIN,Aminophylline,AMINOPHILIN INJ 250MG X 100,Pharmacy,INJECTION (SOLUTION),AMPOULES,BRONCHODILATORS,4000,,100,1
6013314.00,AMIODARONE,,AMIODARONE (EXCEL)  INJ  X 5,Pharmacy,INJECTION (SOLUTION),AMPOULES,,7600,,5,1
5017010000000.00,AMIODARONE,Amiodarone,AMIODARONE (MULTICOY)  TABS 100MG X 28,Pharmacy,TABLETS,BLISTER,Antiarrhythmic drugs,2250,,28,14
5017010000000.00,AMIODARONE,Amiodarone,AMIODARONE TABS 200MG X 28,Pharmacy,TABLETS,BLISTER,Antiarrhythmic drugs,2750,,28,14
15114.00,AMITRIPTYLINE,Amitriptyline,AMITRIPTYLINE (MULTICOY)  TABS 25MG X 100,Pharmacy,TABLETS,BLISTER,DRUGS USED IN DEPRESSIVE DISORDERS,535,,100,10
8512.00,AMITRIPTYLINE,Amitriptyline,AMITRIPTYLINE TABS 25MG X 500 [INDIA],Pharmacy,TABLETS,PCS,DRUGS USED IN DEPRESSIVE DISORDERS,2700,,500,1
6013194.00,AMITRYPTILLINE,,AMITRYPTILLINE (TEVA)  TABS 10MG X 28,Pharmacy,TABLETS,BLISTER,,900,,28,14
1008934.00,AMITRYPTILLINE,Amitriptyline,AMITRYPTILLINE (TEVA)  TABS 25MG X 28,Pharmacy,TABLETS,SACHET,DRUGS USED IN DEPRESSIVE DISORDERS,800,,28,14
6010123.00,AMITRYPTILLINE,Amitriptyline,AMITRYPTILLINE (TEVA)  TABS 50MG X 28,Pharmacy,TABLETS,BLISTER,DRUGS USED IN DEPRESSIVE DISORDERS,1600,,28,14
,AMLODIPINE (DE-SHARP),,AMLODIPINE (DE-SHARP) TABS 10MG X 28,Pharmacy,TABLETS,BLISTER,,280,DE SHARP PHARAMACEUTICALS LTD,28,14
,AMLODIPINE,,AMLODIPINE (EVERDESTINY)  TABS 5MG X 28,Pharmacy,TABLETS,BLISTER,,295,,28,14
6012252.00,amlodipine,Amlodipine,AMLODIPINE (NEW TEVA)  TABS 10MG X 28,Pharmacy,TABLETS,BLISTER,Calcium-channel blockers,500,,28,14
6012251.00,amlodipine,Amlodipine,AMLODIPINE (NEW TEVA)  TABS 5MG X 28,Pharmacy,TABLETS,BLISTER,Calcium-channel blockers,400,,28,14
6008961.00,AMLODIPINE,Amlodipine,AMLODIPINE (PHARMAMAX)  TABS 5MG X 28,Pharmacy,TABLETS,BLISTER,Calcium-channel blockers,450,,28,14
6012169.00,amlodipine,Amlodipine,AMLODIPINE (POCCO)  TABS 10MG X 28,Pharmacy,TABLETS,BLISTER,Calcium-channel blockers,485,,28,14
6012170.00,AMLODIPINE,Amlodipine,AMLODIPINE (POCCO)  TABS 5MG X 28,Pharmacy,TABLETS,BLISTER,Calcium-channel blockers,365,,28,14
1008932.00,AMLODIPINE,Amlodipine,AMLODIPINE (TEVA)  TABS 10MG X 28,Pharmacy,TABLETS,BLISTER,Calcium-channel blockers,450,,28,14
5017010000000.00,AMLODIPINE,Amlodipine,AMLODIPINE (TEVA)  TABS 5MG X 28,Pharmacy,TABLETS,SACHET,Calcium-channel blockers,400,,28,14
,AMLODIPINE(CHEZ),,AMLODIPINE(CHEZ) TABS 10MG X 28,Pharmacy,TABLETS,PACK,,290,CHEZ RESOURCES PHARM. LTD,28,14
,AMLODIPINE(COVASC),,AMLODIPINE(COVASC) TABS 10MG X 30,Pharmacy,TABLETS,BLISTER,,800,,30,10
,AMLODIPINE(COVASC),,AMLODIPINE(COVASC) TABS 5MG X 30,Pharmacy,TABLETS,BLISTER,,750,,30,10
,AMLODIPINE(DE-SHARP),,AMLODIPINE(DE-SHARP) TABS 5MG X 28,Pharmacy,TABLETS,BLISTER,,270,EZE-BEN GLOBAL RESOURCES NIG.LTD,28,14
,AMLODIPINE(EVERDESTINY),,AMLODIPINE(EVERDESTINY) TABS 10MG X 28,Pharmacy,TABLETS,BLISTER,,290,OANG LIMITED,28,14
,AMLODIPINE(LALID),,AMLODIPINE(LALID) TABS 10MG X 28,Pharmacy,TABLETS,BLISTER,,320,OANG LIMITED,28,14
,AMLODIPINE(lifeback),,AMLODIPINE(LIFEBACK) TABS 10MG X 28,Pharmacy,TABLETS,BLISTER,,420,TOM HABEEB NIG.ENTERPRISES,28,14
6013307.00,AMLODIPINE(NCI),,AMLODIPINE(NCI) TABS 10MG X 28,Pharmacy,TABLETS,BLISTER,,250,,28,14
6013308.00,AMLODIPINE(NCI),,AMLODIPINE(NCI) TABS 5MG X 28,Pharmacy,TABLETS,BLISTER,,210,,28,14
18906000000000.00,AMLODIPNE,Amlodipine,AMLODIPNE TABS 10MG X 28 {PHARMA MAX},Pharmacy,TABLETS,BLISTER,Calcium-channel blockers,480,,28,14
1002433.00,AMLONG,Amlodipine,AMLONG TABS 10MG X 30,Pharmacy,TABLETS,SACHET,Calcium-channel blockers,450,,30,10
1002432.00,AMLONG,Amlodipine,AMLONG TABS 5MG X 30,Pharmacy,TABLETS,SACHET,Calcium-channel blockers,485,,30,10
1008861.00,AMLOSTAR,Amlodipine,AMLOSTAR TABS 10MG X 100,Pharmacy,TABLETS,SACHET,Calcium-channel blockers,1115,STRIDES VITAL NIG LTD,100,10
1008775.00,AMLOSTAR,Amlodipine,AMLOSTAR TABS 5MG X 100,Pharmacy,TABLETS,SACHET,Calcium-channel blockers,1040,,100,10
1001886.00,AMLOVAR,Amlodipine,AMLOVAR TABS 10MG X 100,Pharmacy,TABLETS,SACHET,Calcium-channel blockers,3800,,100,10
1001960.00,AMLOVAR,Amlodipine,AMLOVAR TABS 5MG X 100,Pharmacy,TABLETS,SACHET,Calcium-channel blockers,1975,,100,10
6013041.00,amlozaar,,AMLOZAAR TABS  X 30,Pharmacy,TABLETS,BLISTER,,2600,,30,10
3838960000000.00,AMOKSIKLAV,Amoxicillin and Clavulanate,AMOKSIKLAV TABS 1G X 14,Pharmacy,TABLETS,BLISTER,Penicillins,1570,,14,7
1007625.00,AMOKSIKLAV,Amoxicillin and Clavulanate,AMOKSIKLAV TABS 375MG X 14,Pharmacy,TABLETS,BLISTER,Penicillins,1175,,14,7
3838960000000.00,AMOKSIKLAV,Amoxicillin and Clavulanate,AMOKSIKLAV TABS 625MG X 14,Pharmacy,TABLETS,BLISTER,Penicillins,1450,,14,7
15249.00,AMOVIN,Amoxicillin and Clavulanate,AMOVIN TABS 1G X 14,Pharmacy,TABLETS,BLISTER,Penicillins,1500,,14,7
8906040000000.00,AMOVIN,Amoxicillin and Clavulanate,AMOVIN TABS 625MG X 14,Pharmacy,TABLETS,BLISTER,Penicillins,1455,,14,7
1008935.00,AMOXICILLIN,Amoxicillin,AMOXICILLIN (MULTICOY)  CAPS 250MG X 100,Pharmacy,CAPSULES,BLISTER,Penicillins,1400,,100,10
1008936.00,AMOXICILLIN,Amoxicillin,AMOXICILLIN (MULTICOY)  CAPS 500MG X 100,Pharmacy,CAPSULES,BLISTER,Penicillins,1850,,100,10
6008752.00,AMOXICILLIN,Amoxicillin,AMOXICILLIN (MULTICOY)  INJ 500MG X 10,Pharmacy,INJECTION (SOLUTION),VIALS,Penicillins,2050,,10,1
8901040000000.00,AMOXIL,Amoxicillin,AMOXIL (BE)  CAPS 500MG X 12,Pharmacy,CAPSULES,BLISTER,Penicillins,590,WWCVL (GSK),12,4
8901040000000.00,AMOXIL,Amoxycillin,AMOXIL (BECM)  CAPS 500MG X 100,Pharmacy,CAPSULES,BLISTER,Penicillins,5400,WWCVL (GSK),100,10
8901040000000.00,AMOXIL,Amoxycillin,AMOXIL (BEECHAM)  CAPS 250MG X 100,Pharmacy,CAPSULES,BLISTER,Penicillins,2932,WWCVL (GSK),100,10
1000620.00,AMPICILLIN,Ampicillin,AMPICILLIN  250MG CAP X 100 (MULTI COY),Pharmacy,CAPSULES,BLISTER,Penicillins,1300,,100,10
1007891.00,AMPICILLIN (MAYDON),Ampicillin,AMPICILLIN (MAYDON) CAPS 250MG X 100,Pharmacy,CAPSULES,BLISTER,Penicillins,815,MAYDON PHARMACEUTICALS & CHEMICAL CO.LTD,100,10
6941390000000.00,AMPICILLIN,Ampicillin,AMPICILLIN (REICHLIN)  CAPS 500MG X 100,Pharmacy,CAPSULES,BLISTER,Penicillins,490,,100,10
6156150000000.00,AMPICILLIN/CLOXACILLIN(MULTICOY),Ampicillin and Cloxacillin,AMPICILLIN/CLOXACILLIN(MULTICOY) CAPS 500MG X 100,Pharmacy,CAPSULES,BLISTER,Penicillins,1950,,100,10
1000289.00,AMPICLOX ,Ampicillin and Cloxacillin,AMPICLOX  (BEECHAM)  CAPS 500MG X 100,Pharmacy,CAPSULES,BLISTER,Penicillins,6900,WWCVL (GSK),100,10
,amzak,,AMZAK TABS 5MG X 50,Pharmacy,TABLETS,BLISTER,,550,,50,10
,ANACIN,,ANACIN TABS 300MG X 144,Pharmacy,TABLETS,SACHET,,1100,,144,1
1002237.00,ANAFRANIL,,ANAFRANIL TABS 25MG X 30,Pharmacy,TABLETS,BLISTER,,3000,,30,10
,ANAFRANIL,,ANAFRANIL TABS 25MG X 40,Pharmacy,TABLETS,PACK,,4500,E-MEC IMPEX COMPANY LTD,40,20
,ANAFRANIL,,ANAFRANIL TABS 25MG X 50,Pharmacy,TABLETS,BLISTER,,3500,,50,25
,ANAFRANIL,,ANAFRANIL TABS 25MG X 60,Pharmacy,TABLETS,BLISTER,,5500,,60,20
6013111.00,ANALGIN,Paracetamol,ANALGIN INJ  X 100,Pharmacy,INJECTION (POWDER),AMPOULES,Non-opioid analgesics and antipyretics,10000,,100,1
,anastrozole,,ANASTROZOLE (TEVA)  TABS 1MG X 28,Pharmacy,TABLETS,BLISTER,,3200,,28,14
6011662.00,ANDREWS LIVER REGULAR,Magnesium Sulfate,ANDREWS LIVER REGULAR   X 25,Pharmacy,,SACHET,LAXATIVES,2040,,25,1
6161110000000.00,ANDREWS LIVER SALTS,Magnesium Sulfate,ANDREWS LIVER SALTS POWDER  X 50,Pharmacy,POWDER,SACHET,LAXATIVES,2680,WWCVL (GSK-CX),50,1
,ANGITEL,Telmisartan,ANGITEL TABS 40MG X 30,Pharmacy,TABLETS,BLISTER,,2100,ZIFAM PINNACLE NIG.LTD,30,10
,angitel,Telmisartan,ANGITEL TABS 80MG X 30,Pharmacy,TABLETS,BLISTER,,2600,ZIFAM PINNACLE NIG.LTD,30,10
1008892.00,ANGIZAGR H,Losartan and Hydrochlorothiazide,ANGIZAGR H TABS  X 30,Pharmacy,TABLETS,BLISTER,Angiotensin Receptor Blocker,2360,MICRO NOVA PHARM.IND LIMITED,30,10
6010605.00,ANGIZAR,Losartan and Hydrochlorothiazide,ANGIZAR TABS 50MG X 30,Pharmacy,TABLETS,BLISTER,Angiotensin Receptor Blocker,1850,,30,10
39442030542.00,animal pump,,ANIMAL PUMP   X 30,Pharmacy,,SACHET,,20000,,30,1
uano01,ANOROL,Paracetamol,ANOROL TABS  X 100,Pharmacy,TABLETS,BLISTER,Non-opioid analgesics and antipyretics,3000,HOVID,100,10
6011557.00,ANTALGEX-T,Tramadol and Acetaminophen,ANTALGEX-T CAPS  X 20,Pharmacy,CAPSULES,BLISTER,OPIOID ANALGESICS ,1650,,20,10
6008960.00,ANTI T.B KIT,,ANTI T.B KIT TABS  X 168,Pharmacy,TABLETS,SACHET,,6800,,168,28
,ANUDOL,,ANUDOL SUPP  X 12,Pharmacy,SUPPOSITORY,FOIL STRIP,,1600,DAILY-NEED INDUSTRIES LTD.,12,6
5010120000000.00,ANUSOL HC,Hydrocortisone,ANUSOL HC SUPP  X 12,Pharmacy,SUPPOSITORY,SACHET,ANTIHAEMORRHOIDAL DRUGS,2415,,12,6
6011095.00,ANUSOL,,ANUSOL SUPP  X 12,Pharmacy,SUPPOSITORY,SACHET,ANTIHAEMORRHOIDAL DRUGS,2600,,12,6
5010120000000.00,ANUSOL,,ANUSOL SUPP  X 24 [BLISTER],Pharmacy,SUPPOSITORY,BLISTER,ANTIHAEMORRHOIDAL DRUGS,5400,,24,6
6012587.00,APHAZOLE,Metronidazole,APHAZOLE TABS 400MG X 20,Pharmacy,TABLETS,PACK,"Antiamoebic, antiglardial and antitrichomonal drugs",700,,20,1
4465.00,apresoline ASSENE,Hydralazine,APRESOLINE ASSENE INJ 1ML X 100,Pharmacy,INJECTION (POWDER),AMPOULES,VASODILATORS,9335,,100,1
1008782.00,aprovasc,,APROVASC TABS 150/10MG X 28,Pharmacy,TABLETS,BLISTER,,5685,WWCVL (SANOFI),28,7
6009862.00,aprovasc,,APROVASC TABS 150MG/5MG X 28,Pharmacy,TABLETS,SACHET,,6479,,28,7
6009863.00,aprovasc,,APROVASC TABS 300/10MG X 28,Pharmacy,TABLETS,SACHET,,7450,,28,7
1008783.00,aprovasc,,APROVASC TABS 300/5MG X 28,Pharmacy,TABLETS,SACHET,,6800,,28,7
3582910000000.00,APROVEL,Irbesartan,APROVEL TABS 150MG X 28,Pharmacy,TABLETS,BLISTER,Angiotensin Receptor Blocker,4528.22,,28,14
1007774.00,APROVEL,Irbesartan,APROVEL TABS 300MG X 28,Pharmacy,TABLETS,BLISTER,Angiotensin Receptor Blocker,5870,WWCVL (SANOFI),28,14
6012750.00,AQUACLAV,Amoxicillin and Clavulanate,AQUACLAV TABS 1G X 14,Pharmacy,TABLETS,BLISTER,Penicillins,1150,,14,7
,AQUACLAV,,AQUACLAV TABS 375MG X 14,Pharmacy,TABLETS,BLISTER,,920,,14,7
8047.00,AQUASULF,Sulfur,AQUASULF OINTMENT 30MG X 12,Pharmacy,SKIN OINTMENT,TUBE,Prepations for acne,4975,,12,1
,arbitel,,ARBITEL TABS 40H X 30,Pharmacy,TABLETS,BLISTER,,2890,MICRO NOVA PHARM.IND LIMITED,30,10
,ARBITEL,,ARBITEL TABS 80H X 30,Pharmacy,TABLETS,BLISTER,,3540,MICRO NOVA PHARM.IND LIMITED,30,10
6010640.00,ARBITEL,Telmisartan,ARBITEL TABS 80MG X 30,Pharmacy,TABLETS,BLISTER,Angiotensin Receptor Blocker,3430,,30,10
8902500000000.00,ARCOGIN,,ARCOGIN CAPS  X 30,Pharmacy,CAPSULES,BLISTER,Multivitamin and amino acid preparations,1045,STRIDES VITAL NIG LTD,30,15
6012753.00,ARIMIDEX,Anastrozole,ARIMIDEX TABS 1MG X 28,Pharmacy,TABLETS,BLISTER,Sex hormones and antagonists used in malignant diseases,31020,,28,14
,ARIPIPRAZOLE (MILPHARM),Aripiprazole,ARIPIPRAZOLE (MILPHARM) TABS 10MG X 28,Pharmacy,TABLETS,BLISTER,,1950,ONYI-JEK GLOBAL RESOURCES,28,14
6012622.00,ARISTOCAL D,,ARISTOCAL D TABS 500MG/200IU X 50,Pharmacy,TABLETS,BLISTER,,650,,50,10
6012710.00,artemether,Artemeter,ARTEMETHER INJ 80MG X 60 {LABETA},Pharmacy,INJECTION (SOLUTION),PACK,Antimalarial drugs,2800,,60,6
6010859.00,artemether(bg),Artemeter,ARTEMETHER(BG) INJ 80MG X 60,Pharmacy,INJECTION (POWDER),PACK,Antimalarial drugs,2060,,60,6
6008713.00,artemether(clarion),Artemeter,ARTEMETHER(CLARION) INJ  X 60,Pharmacy,INJECTION (POWDER),PACK,Antimalarial drugs,1600,,60,6
1007958.00,ARTEMETHER(LION),Artemeter,ARTEMETHER(LION) INJ  X 60,Pharmacy,INJECTION (SOLUTION),PACK,Antimalarial drugs,2400,,60,6
8018.00,Artesunate,Artesunate,ARTESUNATE INJ 60MG X 6,Pharmacy,INJECTION (POWDER),AMPOULES,Antimalarial drugs,4100,,6,1
1008445.00,arthelad,,ARTHELAD TABS 40MG/320MG X 8,Pharmacy,TABLETS,PACK,,290,,8,1
6012341.00,ARTHRITIS CARE PLUS,,ARTHRITIS CARE PLUS TABS  X 100,Pharmacy,TABLETS,BLISTER,Other antirheumatic drugs,4300,,100,10
8936030000000.00,ARTHRITISCARE,,ARTHRITISCARE CAPS  X 100,Pharmacy,CAPSULES,BLISTER,Other antirheumatic drugs,3400,AL-TINEZ PHARMA LTD.,100,10
1007740.00,ARTHROTEC,Diclofenac Sodium\ Misoprostol,ARTHROTEC TABS 75MG X 100,Pharmacy,TABLETS,SACHET,Non-steroidal anti-inflammatory drugs (NSAIDs),7500,WWCVL (PFIZER),100,10
1002962.00,ARTHROTEC,Diclofenac Sodium\ Misoprostol,ARTHROTEC TABS 75MG/200MCG X 20,Pharmacy,TABLETS,BLISTER,Non-steroidal anti-inflammatory drugs (NSAIDs),1980,WWCVL (PFIZER),20,10
6011519.00,ARTOM,,ARTOM TABS 20MG X 30,Pharmacy,TABLETS,BLISTER,,900,,30,10
6011382.00,ASARTAN-H,Losartan and Hydrochlorothiazide,ASARTAN-H TABS 50/12.5 X 30,Pharmacy,TABLETS,BLISTER,Angiotensin Receptor Blocker,1350,,30,10
8902320000000.00,ASOMEX,Amlodipine,ASOMEX TABS 2.5MG X 30,Pharmacy,TABLETS,SACHET,Calcium-channel blockers,1890,,30,10
8902320000000.00,ASOMEX,Amlodipine,ASOMEX TABS 5MG X 30,Pharmacy,TABLETS,SACHET,Calcium-channel blockers,3305,,30,10
1007633.00,ASPHAGE,Metformin,ASPHAGE TABS  X 90,Pharmacy,TABLETS,BLISTER,Biguanides,750,,90,15
15001.00,ASPIRIN,,ASPIRIN (TEVA)  TABS 75MG X 56,Pharmacy,TABLETS,BLISTER,Non-opioid analgesics and antipyretics,360,,56,14
4008500000000.00,ASPIRIN CARDIO,,ASPIRIN CARDIO TABS 100MG X 30,Pharmacy,TABLETS,BLISTER,Antithrombotic drugs and myocardial infaretion,1600,,30,10
5786.00,ASPIRIN,Aspirin,ASPIRIN TABS 300MG X 1000 {MULTICOY},Pharmacy,TABLETS,PCS,Non-opioid analgesics and antipyretics,1180,BOND CHEMICAL INDUSTRIES LIMITED,1000,1
1000010.00,ASPIRIN,Aspirin,ASPIRIN TABS 300MG X 16 {DISPERSIBLE},Pharmacy,TABLETS,BLISTER,Non-opioid analgesics and antipyretics,45,,16,8
8908000000000.00,ASTYFER,Ferrous Salt\Folic Acid,ASTYFER CAPS  X 30,Pharmacy,CAPSULES,BLISTER,Drugs used in iron-deficiency and megaloblastic anaemias.,1580,,30,15
8908000000000.00,Astymin,,ASTYMIN CAPS  X 30,Pharmacy,CAPSULES,BLISTER,Multivitamin and amino acid preparations,1580,,30,15
14896.00,ATACAND PLUS,Candesartan and Hydrochlorothiazide,ATACAND PLUS TABS 16/12.5MG X 28,Pharmacy,TABLETS,SACHET,Angiotensin Receptor Blocker,2505,,28,14
1008033.00,Atacand plus,Candesartan and Hydrochlorothiazide,ATACAND PLUS TABS 16MG/25 X 28,Pharmacy,TABLETS,BLISTER,Angiotensin Receptor Blocker,4000,,28,14
7321840000000.00,ATACAND,Candesartan,ATACAND TABS 16MG X 28,Pharmacy,TABLETS,BLISTER,Angiotensin Receptor Blocker,8945,,28,14
7321840000000.00,ATACAND,Candesartan,ATACAND TABS 8MG X 28,Pharmacy,TABLETS,BLISTER,Angiotensin Receptor Blocker,6495,,28,14
1003318.00,ATADYN (loratidine),Loratadine,ATADYN (LORATIDINE) TABS 10MG X 100,Pharmacy,TABLETS,BLISTER,Antihistamines,1285,,100,10
5017010000000.00,ATENOLOL (TEVA),Atenolol,ATENOLOL (TEVA) TABS 100MG X 28,Pharmacy,TABLETS,BLISTER,BETA-ADRENOCEPTOR DRUGS,1050,,28,14
5017010000000.00,ATENOLOL,Atenolol,ATENOLOL TABS 50MG X 28 [TEVA],Pharmacy,TABLETS,SACHET,BETA-ADRENOCEPTOR DRUGS,1500,,28,14
5012730000000.00,ATENOLOL,Atenolol,ATENOLOL(MULTICOY)  50MG TAB X 28,Pharmacy,TABLETS,BLISTER,BETA-ADRENOCEPTOR DRUGS,370,,28,14
5017010000000.00,ATENOLOL,Atenolol,ATENOLOL(MULTICOY) 100MG TAB X 28,Pharmacy,TABLETS,BLISTER,BETA-ADRENOCEPTOR DRUGS,260,,28,14
6012174.00,atenolol(pocco),Atenolol,ATENOLOL(POCCO) TABS 100MG X 28,Pharmacy,TABLETS,BLISTER,BETA-ADRENOCEPTOR DRUGS,445,,28,14
6012175.00,atenolol(pocco),Atenolol,ATENOLOL(POCCO) TABS 50MG X 28,Pharmacy,TABLETS,BLISTER,BETA-ADRENOCEPTOR DRUGS,435,,28,14
6012197.00,ATENOLOL(TEVA),Atenolol,ATENOLOL(TEVA) TABS 25MG X 28,Pharmacy,TABLETS,BLISTER,BETA-ADRENOCEPTOR DRUGS,850,,28,14
6011236.00,ATOCARD,Atorvastatin,ATOCARD TABS 10MG X 30,Pharmacy,TABLETS,BLISTER,Lipid-regulating drugs,1260,,30,10
6013064.00,ATORSTAT,Atorvastatin,ATORSTAT TABS 10MG X 30,Pharmacy,TABLETS,BLISTER,Lipid-regulating drugs,1050,,30,10
6013065.00,ATORSTAT,Atorvastatin,ATORSTAT TABS 20MG X 30,Pharmacy,TABLETS,BLISTER,Lipid-regulating drugs,1150,,30,10
6013092.00,ATORVASTATIN,Atorvastatin,ATORVASTATIN (LIFEBACK)  TABS 10MG X 30,Pharmacy,TABLETS,BLISTER,MOUTHWASHES,900,,30,10
6013091.00,ATORVASTATIN,Atorvastatin,ATORVASTATIN (LIFEBACK)  TABS 20MG X 30,Pharmacy,TABLETS,BLISTER,Lipid-regulating drugs,950,,30,10
6008852.00,atorvastatin,Atorvastatin,ATORVASTATIN (OVERTCARE)  TABS 10MG X 30,Pharmacy,TABLETS,BLISTER,Lipid-regulating drugs,1200,,30,10
6008851.00,atorvastatin,Atorvastatin,ATORVASTATIN (OVERTCARE)  TABS 20MG X 30,Pharmacy,TABLETS,BLISTER,Lipid-regulating drugs,1300,,30,10
6011238.00,atorvastatin,Atorvastatin,ATORVASTATIN (TEVA)  TABS 40MG X 28,Pharmacy,TABLETS,BLISTER,Lipid-regulating drugs,1050,,28,7
6012243.00,atorvastatin(newteva),Atorvastatin,ATORVASTATIN(NEWTEVA) TABS 20MG X 30,Pharmacy,TABLETS,BLISTER,Lipid-regulating drugs,860,,30,10
6011036.00,ATORVASTATIN(TEVA),Atorvastatin,ATORVASTATIN(TEVA) TABS 10MG X 28,Pharmacy,TABLETS,BLISTER,Lipid-regulating drugs,650,,28,7
6011037.00,ATORVASTATIN(TEVA),Atorvastatin,ATORVASTATIN(TEVA) TABS 20MG X 28,Pharmacy,TABLETS,BLISTER,Lipid-regulating drugs,850,,28,14
6012616.00,ATRIBEX,Cetirizine,ATRIBEX TABS 10MG X 100,Pharmacy,TABLETS,BLISTER,Antihistamines,800,,100,10
5149.00,ATROPINE,Atropine,ATROPINE INJ 15ML X 100 {MULTICOY},Pharmacy,INJECTION (SOLUTION),AMPOULES,,8200,,100,1
7652.00,ATS,,ATS  10000IU INJ,Pharmacy,INJECTION (POWDER),AMPOULES,,1150,,10,XML
7653.00,ATS,,ATS  1500IU INJ 1ML,Pharmacy,INJECTION (POWDER),AMPOULES,,3130,,10,1ML
15413.00,AUGLOCEF,Amoxicillin and Clavulanate,AUGLOCEF CAPLET 1G X 2,Pharmacy,CAPLET,BLISTER,Penicillins,1400,,2,7
6827.00,Augmentin,Amoxicillin and Clavulanate,AUGMENTIN INJ 1.2G X 10,Pharmacy,INJECTION (POWDER),VIALS,Penicillins,14000,,10,1
8904080000000.00,AuRITZ,Atorvastatin,AURITZ TABS 10MG X 30,Pharmacy,TABLETS,BLISTER,Lipid-regulating drugs,3370,,30,10
1008644.00,AvOCARD(PROMETHAZINE)l,Promethazine,AVOCARD(PROMETHAZINE)L   X 50,Pharmacy,,BLISTER,Antihistamines,300,ONYI-JEK GLOBAL RESOURCES,50,10
1000919.00,AVOMINE,Promethazine,AVOMINE TABS 25MG X 100,Pharmacy,TABLETS,BLISTER,Antihistamines,350,,100,20
1003281.00,AVROGYL,Metronidazole,AVROGYL TABS 200MG X 100,Pharmacy,TABLETS,BLISTER,"Antiamoebic, antiglardial and antitrichomonal drugs",380,AVRO PHARMA LTD,100,10
6008836.00,AVROGYL,Metronidazole,AVROGYL TABS 400MG X 100,Pharmacy,TABLETS,BLISTER,"Antiamoebic, antiglardial and antitrichomonal drugs",650,AVRO PHARMA LTD,100,10
5012520000000.00,avrophage,Metformin,AVROPHAGE TABS 500MG X 84,Pharmacy,TABLETS,BLISTER,Biguanides,695,,84,14
6008832.00,avrotrim,Cotrimoxazole,AVROTRIM TABS 480MG X 1000,Pharmacy,TABLETS,BLISTER,Sulfonamides and trimethoprim,5200,AVRO PHARMA LTD,1000,10
6010947.00,avstat,Atorvastatin,AVSTAT TABS 20MG X 30,Pharmacy,TABLETS,BLISTER,Lipid-regulating drugs,2600,,30,10
8906000000000.00,AVSTAT(ATORVASTATIN),Atorvastatin,AVSTAT(ATORVASTATIN) TABS 10MG X 30,Pharmacy,TABLETS,BLISTER,Lipid-regulating drugs,2050,,30,10
8531.00,AZATHIOPRINE,Azathioprine,AZATHIOPRINE TABS 50MG X 100 [UK],Pharmacy,TABLETS,BLISTER,Cytotoxic immunosuppressants,9000,,100,10
,AZATHIOPRINE,,AZATHIOPRINE TABS 50MG X 56 [PACK],Pharmacy,TABLETS,BLISTER,,4200,,56,14
6251600000000.00,b-cor,Bisoprolol,B-COR TABS 10MG X 30,Pharmacy,TABLETS,BLISTER,BETA-ADRENOCEPTOR DRUGS,2075,,30,10
6009059.00,b-cor,Bisoprolol,B-COR TABS 2.5MG X 30,Pharmacy,TABLETS,BLISTER,BETA-ADRENOCEPTOR DRUGS,1750,,30,10
15074.00,b-cor,Bisoprolol,B-COR TABS 5MG X 30,Pharmacy,TABLETS,BLISTER,BETA-ADRENOCEPTOR DRUGS,1670,,30,15
1007642.00,BABY ZINC,Zinc Sulfate,BABY ZINC TABS  X 100,Pharmacy,TABLETS,BLISTER,DRUGS USED IN DIARRHOEA,740,BABY ZINC,100,10
15374.00,BACLOFEN,,BACLOFEN TABS 10MG X 84 [BLISTER],Pharmacy,TABLETS,BLISTER,,3700,,84,28
6010569.00,BACO PLUS,,BACO PLUS SOFTGEL  X 30,Pharmacy,SOFTGEL,BLISTER,,340,,30,15
8906010000000.00,bafama cream,,BAFAMA CREAM   X 12,Pharmacy,,TUBE,,2800,SEAGREEN PHARMACEUTICALS LTD.,12,1
6156000000000.00,BARBICLOX,Ampicillin and Cloxacillin,BARBICLOX CAPS 500MG X 100,Pharmacy,CAPSULES,SACHET,Penicillins,1335,JUHEL (NIGERIA) LIMITED,100,10
6156000000000.00,BARBIMOX,Amoxicillin,BARBIMOX CAPS 500MG X 100,Pharmacy,CAPSULES,BLISTER,Penicillins,1270,,100,10
1001768.00,BAROLE(MEGA),,BAROLE(MEGA) CAPS 20MG X 30,Pharmacy,CAPSULES,BLISTER,,2450,,30,10
6008630.00,basslox,Ampicillin and Cloxacillin,BASSLOX CAPS 500MG X 100,Pharmacy,CAPSULES,BLISTER,Penicillins,1420,,100,10
6010663.00,BEFENAC PLUS,,BEFENAC PLUS TABS 50/500MG X 100,Pharmacy,TABLETS,BLISTER,,500,,100,10
6010662.00,BEFENAC,,BEFENAC TABS 50MG X 100,Pharmacy,TABLETS,BLISTER,,300,,100,10
4798.00,BEFIT,,BEFIT CAPS  X 30,Pharmacy,CAPSULES,BLISTER,,395,,30,10
5060010000000.00,BENDROFLUMETHIAZID (bristol),Bendroflumethiazide,BENDROFLUMETHIAZID (BRISTOL) TABS 5MG X 28,Pharmacy,TABLETS,BLISTER,Thiazide diuretic,860,,28,14
5060010000000.00,BENDROFLUMETHIAZIDE,Bendroflumethiazide,BENDROFLUMETHIAZIDE TABS 2.5MG X 28 [MULTICOY],Pharmacy,TABLETS,BLISTER,Thiazide diuretic,450,,28,14
6013489.00,BENTICIL,,BENTICIL TABS  X 96,Pharmacy,TABLETS,BLISTER,,270,BENTOS PHARMACEUTICAL PRODUCTS LTD,96,12
6013490.00,BENTONIC,,BENTONIC CAPS  X 30,Pharmacy,CAPSULES,BLISTER,,200,BENTOS PHARMACEUTICAL PRODUCTS LTD,30,10
6010600.00,BENZATHINE PENICILLIN 2.4M,,BENZATHINE PENICILLIN 2.4M INJ  X 100,Pharmacy,INJECTION (POWDER),VIALS,,10735,,100,1
10772.00,BENZHEXOL,,BENZHEXOL (ARTANE)  TABS 5MG X 500,Pharmacy,TABLETS,PCS,Drugs used in bipolar disorders,1750,,500,1
15183.00,BENZHEXOL,Benzhexol,BENZHEXOL (PHARMABASE)  TABS 5MG X 1000,Pharmacy,TABLETS,PCS,Drugs used in bipolar disorders,2450,,1000,1
1001814.00,BETAFIL,Atenolol,BETAFIL TABS 100MG X 28,Pharmacy,TABLETS,SACHET,BETA-ADRENOCEPTOR DRUGS,330,UNIQUE PHARMACEUTICALS LIMITED,28,14
1002168.00,BETAFIL,Atenolol,BETAFIL TABS 50MG X 28,Pharmacy,TABLETS,SACHET,BETA-ADRENOCEPTOR DRUGS,280,,28,14
,BETAGLIP,Glipizide,BETAGLIP TABS 5MG X 30,Pharmacy,TABLETS,BLISTER,,500,SWISS PHARMA NIG. LTD.,30,10
,betahistine,,BETAHISTINE  16MG X 84 {TABLET},,,BLISTER,,2800,,84,21
,betahistine,,BETAHISTINE  8MG X 84 {TABLET},Pharmacy,,BLISTER,,2400,,84,21
6011986.00,betaman,,BETAMAN SOFTGEL  X 30,Pharmacy,SOFTGEL,BLISTER,,2350,,30,15
1007924.00,BETAPHAGE,Metformin,BETAPHAGE TABS 500MG X 100,Pharmacy,TABLETS,BLISTER,Biguanides,840,,100,10
6010075.00,BETAREN DEXCEL,,BETAREN DEXCEL TABS 50MG X 100,Pharmacy,TABLETS,BLISTER,,1100,,100,10
6011985.00,betawoman,,BETAWOMAN CAPS  X 30,Pharmacy,CAPSULES,BLISTER,Multivitamin and amino acid preparations,2600,,30,15
1000707.00,BETNELAN,,BETNELAN TABS 0.5MG X 500,Pharmacy,TABLETS,BLISTER,,4650,,500,10
6008631.00,BICALUTAMIDE,Bicalutamide,BICALUTAMIDE (TEVA)  TABS 150MG X 28,Pharmacy,TABLETS,BLISTER,Sex hormones and antagonists used in malignant diseases,2000,,28,14
5017010000000.00,BICALUTAMIDE,Bicalutamide,BICALUTAMIDE (TEVA)  TABS 50MG X 28 [BLISTER],Pharmacy,TABLETS,BLISTER,Sex hormones and antagonists used in malignant diseases,4570,,28,14
6008811.00,biobetic,,BIOBETIC CAPS  X 30,Pharmacy,CAPSULES,BLISTER,,3950,,30,10
15503.00,BIOFLOR,,BIOFLOR CAPS 50MG X 20,Pharmacy,CAPSULES,SACHET,,3625,,20,1
,biopentin NT,,BIOPENTIN NT TABS 400MG/10MG X 30,Pharmacy,TABLETS,BLISTER,,4800,,30,10
1007811.00,biopentin,Gabapentin,BIOPENTIN TABS 100MG X 100,Pharmacy,TABLETS,SACHET,ANTICONVULSANTS (ANTIEPILEPTICS),8850,,100,10
6008810.00,biopentin,Gabapentin,BIOPENTIN TABS 300/500MG X 30,Pharmacy,TABLETS,BLISTER,ANTICONVULSANTS (ANTIEPILEPTICS),1500,BIOFEM PHAMACEUTICAL (NIGERIA) LIMITED,30,10
6008850.00,BIORIL,,BIORIL (SABIZ)  TABS 10MG X 30,Pharmacy,TABLETS,BLISTER,,200,,30,10
,biotonic,,BIOTONIC CAPS  X 120,Pharmacy,CAPSULES,BLISTER,,1150,,120,10
6156000000000.00,bisacodyl,Bisacodyl,BISACODYL TABS  X 105 {UNBRANDED},Pharmacy,TABLETS,BLISTER,LAXATIVES,305,,105,15
6011309.00,bisoprolo fumerate(teva),Bisoprolol,BISOPROLO FUMERATE(TEVA) TABS 10MG X 28,Pharmacy,TABLETS,BLISTER,BETA-ADRENOCEPTOR DRUGS,500,,28,14
6013444.00,BISOPROLOL (NOVARTIS ACCESS SFH),,BISOPROLOL (NOVARTIS ACCESS SFH) TABS 5MG X 100,Pharmacy,TABLETS,BLISTER,,2070,,100,25
5017010000000.00,BISOPROLOL FUMERATE(TEVA),Bisoprolol,BISOPROLOL FUMERATE(TEVA) TABS 5MG X 28,Pharmacy,TABLETS,BLISTER,BETA-ADRENOCEPTOR DRUGS,500,,28,14
6011686.00,BISOPROLOL FURMERATE,Bisoprolol,BISOPROLOL FURMERATE TABS 2.5MG X 28,Pharmacy,TABLETS,BLISTER,BETA-ADRENOCEPTOR DRUGS,500,,28,14
5017010000000.00,BISOPROLOL FURMERATE(SANDOZ),Bisoprolol,BISOPROLOL FURMERATE(SANDOZ) TABS 10MG X 28,Pharmacy,TABLETS,BLISTER,BETA-ADRENOCEPTOR DRUGS,550,,28,14
,BISOPROLOL(SANDOZ),,BISOPROLOL(SANDOZ) TABS 2.5MG X 28,Pharmacy,TABLETS,BLISTER,,470,ONYI-JEK GLOBAL RESOURCES,28,14
,BISOPROLOL(SANDOZ),,BISOPROLOL(SANDOZ) TABS 5MG X 28,Pharmacy,TABLETS,BLISTER,,600,ONYI-JEK GLOBAL RESOURCES,28,14
,BISOPROLOL(SK MEDICINES),,BISOPROLOL(SK MEDICINES) TABS 1.25MG X 28,Pharmacy,TABLETS,BLISTER,,550,SK MEDICINES  LTD,28,14
,BISOPROLOL(SK MEDICINES),Bisoprolol,BISOPROLOL(SK MEDICINES) TABS 2.5MG X 28,Pharmacy,TABLETS,BLISTER,,700,SK MEDICINES  LTD,28,14
,BISOPROLOL(SK MEDICINES),,BISOPROLOL(SK MEDICINES) TABS 5MG X 28,Pharmacy,TABLETS,BLISTER,,750,SK MEDICINES  LTD,28,14
6012619.00,BIZORAN,,BIZORAN TABS 5MG/20MG X 30,Pharmacy,TABLETS,BLISTER,,1040,,30,10
8142.00,BLOOD BAG,,BLOOD BAG   X 5,Pharmacy,,PCS,,2475,,5,1
6010645.00,BNS,Paracetamol,BNS TABS  X 100,Pharmacy,TABLETS,BLISTER,Non-opioid analgesics and antipyretics,280,,100,10
11373.00,BONADOL,Paracetamol,BONADOL TABS 500MG X 100,Pharmacy,TABLETS,BLISTER,Non-opioid analgesics and antipyretics,450,EMZOR PHARMACEUTICAL INDUSTRIES,100,10
1007626.00,BoNATRIM,Cotrimoxazole,BONATRIM TABS 480MG X 100,Pharmacy,TABLETS,SACHET,Sulfonamides and trimethoprim,200,,100,10
1002012.00,BONDOMET,Methyldopa,BONDOMET TABS 250MG X 100,Pharmacy,TABLETS,SACHET,CENTRALLY ACTING ANTIHYPERTENSIVE DRUGS,2650,,100,10
1002389.00,BONDURETIC,Amiloride and Hydrochlorothiazide,BONDURETIC TABS  X 100,Pharmacy,TABLETS,SACHET,POTASSIUM-SPARING DIURETICS,800,,100,10
6012154.00,BOOSFEN,,BOOSFEN TABS 400MG X 50,Pharmacy,TABLETS,PACK,,2510,,50,1
,BRAIN BOOSTER (ORGANIC HEALTH),,BRAIN BOOSTER (ORGANIC HEALTH) CAPLET  X 30,Pharmacy,CAPLET,BLISTER,,2850,,30,10
1000011.00,Brinerdin,Chlorthalidone,BRINERDIN TABS  X 100,Pharmacy,TABLETS,SACHET,,4050,,100,10
4473.00,Brinerdin,Chlorthalidone,BRINERDIN TABS  X 30,Pharmacy,TABLETS,SACHET,,4500,,30,10
11943.00,BROMATAN,,BROMATAN TABS 1.5MG X 30,Pharmacy,TABLETS,SACHET,,210,MAY & BAKER NIGERIA PLC,30,10
11942.00,BROMATAN,,BROMATAN TABS 3MG X 30,Pharmacy,TABLETS,SACHET,,450,,30,10
18906100000000.00,BROMINOL -F,,BROMINOL -F TABS  X 100,Pharmacy,TABLETS,BLISTER,,420,,100,10
UBUP06,Buprol,Ibuprofen,BUPROL TABS 400MG X 100,Pharmacy,TABLETS,BLISTER,Non-steroidal anti-inflammatory drugs (NSAIDs),1200,HOVID,100,10
1786.00,Buscopan (HYOCINE),Hyoscine,BUSCOPAN (HYOSCINE) INJ 10MG/1ML X 100,Pharmacy,INJECTION (SOLUTION),AMPOULES,ANTISPASMODIC DRUGS,6800,,100,1
1000344.00,BUSCOPAN MIKOPAN,Hyoscine,BUSCOPAN MIKOPAN  10MG TAB X 100,Pharmacy,TABLETS,BLISTER,ANTISPASMODIC DRUGS,1150,,100,10
8699710000000.00,cafergot ENGLAND,Ergotamine,CAFERGOT ENGLAND TABS  X 20,Pharmacy,TABLETS,BLISTER,,1875,,20,10
,cafergot ENGLAND,,CAFERGOT ENGLAND TABS  X 30,Pharmacy,TABLETS,BLISTER,,3200,,30,10
6012977.00,cal-vitan,,CAL-VITAN TABS  X 30,Pharmacy,TABLETS,BLISTER,,1950,,30,15
4811.00,CALCIUM GLUCONATE,Calcium Gluconate,CALCIUM GLUCONATE  INJ 20ML X 100,Pharmacy,INJECTION (SOLUTION),AMPOULES,Minerals,2950,,100,1
6008830.00,CALDOPA,,CALDOPA TABS 250MG X 100,Pharmacy,TABLETS,BLISTER,,850,DRUGFIELD PHARMACEUTICALS LIMITED,100,10
799873000000.00,CALM NITE(N/F),,CALM NITE(N/F) TABS  X 100,Pharmacy,TABLETS,FOIL STRIP,,11225,,100,10
1056.00,Camoquin x25,Amodiaquine Hydrochloride,CAMOQUIN X25 TABS 200MG X 75,Pharmacy,TABLETS,SACHET,,3550,,75,3
6928620000000.00,CAMOSUNATE (1-6),,CAMOSUNATE (1-6) TABS  X 10,Pharmacy,TABLETS,PACK,,6165,GENEITH PHARM. LIMITED,10,1
6928620000000.00,CAMOSUNATE [7-13YRS],,CAMOSUNATE [7-13YRS] TABS  X 10,Pharmacy,TABLETS,PACK,,6390,,10,1
6928620000000.00,CAMOSUNATE ADULT,,CAMOSUNATE ADULT TABS  X 10,Pharmacy,TABLETS,PACK,,7450,GENEITH PHARM. LIMITED,10,1
6013184.00,CANDESARTAN,Candesartan,CANDESARTAN (KORLYNS)  TABS 16MG X 30,Pharmacy,TABLETS,BLISTER,,2450,,30,10
6013183.00,CANDESARTAN,Candesartan,CANDESARTAN (KORLYNS)  TABS 8MG X 30,Pharmacy,TABLETS,BLISTER,,2300,,30,10
6013204.00,candesartan,,CANDESARTAN (TEVA)  TABS 4MG X 28,Pharmacy,TABLETS,BLISTER,,1400,,28,14
6009058.00,CANDESARTAN HCT,,CANDESARTAN HCT TABS 16/12.5MG X 28,Pharmacy,TABLETS,PACK,,2850,,28,14
6013496.00,candesARTAN(korlyns),,CANDESARTAN(KORLYNS) TABS 4MG X 30,Pharmacy,TABLETS,BLISTER,,2050,KORLYNS PHARMACEUTICALS,30,10
1009161.00,CANDESARTAN(SANDOZ),,CANDESARTAN(SANDOZ) TABS 16MG X 28,Pharmacy,TABLETS,BLISTER,,4120,,28,7
1009163.00,CANDESARTAN(SANDOZ),,CANDESARTAN(SANDOZ) TABS 8/12.5MG X 98,Pharmacy,TABLETS,BLISTER,,6610,,98,7
1009162.00,CANDESARTAN(SANDOZ),,CANDESARTAN(SANDOZ) TABS 8MG X 28,Pharmacy,TABLETS,BLISTER,,1950,,28,7
,CANDESARTAN/hct(SANDOZ),,CANDESARTAN/HCT(SANDOZ) TABS 16MG/12.5MG X 30,Pharmacy,TABLETS,BLISTER,,4950,TAYLEK DRUGS COMPANY LTD,30,10
,cannula(yellow),,CANNULA(YELLOW)  24G X 100,Pharmacy,,PCS,,7115,TAH PHARMACEUTICALS LIMITED,100,1
6010222.00,canula(blue),,CANULA(BLUE)   X 50,Pharmacy,,PCS,,2800,,50,1
6227.00,CANULLA,,CANULLA  20G X 50 {PINK},Pharmacy,,SACHET,,2720,,50,1
8903550000000.00,CANULLA  24G [YELLOW],,CANULLA  24G [YELLOW]   X 50,Pharmacy,,SACHET,,3400,,50,1
4792.00,CANULLA 21G,,CANULLA 21G   X 50 {GREEN},Pharmacy,,SACHET,,2685,,50,1
5060010000000.00,Captopril,Captopril,CAPTOPRIL  50MG TABS X 56,Pharmacy,TABLETS,BLISTER,Antifibrinolytics and haemostatics,1015,,56,14
5060010000000.00,Captopril,Captopril,CAPTOPRIL TABS 25MG X 56,Pharmacy,TABLETS,BLISTER,,940,,56,14
,carbamal,,CARBAMAL TABS 200MG CR X 100,Pharmacy,TABLETS,BLISTER,,3000,,100,10
,carbamal,,CARBAMAL TABS 400MG CR X 100,Pharmacy,TABLETS,BLISTER,,5024,,100,10
ucar01,CARBIROID,,CARBIROID TABS 5MG X 100,Pharmacy,TABLETS,BLISTER,,4800,HOVID,100,20
6890.00,CARDOVASC RETARD,,CARDOVASC RETARD TABS 20MG X 30,Pharmacy,TABLETS,BLISTER,,875,,30,10
6009523.00,CARDOVASC RETARD,,CARDOVASC RETARD TABS 20MG X 50,Pharmacy,TABLETS,SACHET,,1080,,50,10
1001141.00,cardovasc xl,,CARDOVASC XL TABS 30MG X 30,Pharmacy,TABLETS,BLISTER,,1100,,30,10
1001246.00,CARDURA XL,Doxazosin,CARDURA XL (PFIZER)  TABS 4MG X 30,Pharmacy,TABLETS,BLISTER,,3705,WWCVL (PFIZER),30,10
8699710000000.00,CARFEGOT TAB,,CARFEGOT TAB   X 100,Pharmacy,,BLISTER,,2720,,100,10
6013226.00,CARVEDIloL,,CARVEDILOL (MULTICHRIS)  TABS 25MG X 28,Pharmacy,TABLETS,BLISTER,,900,,28,14
5017010000000.00,CARVEDILOL,,CARVEDILOL (MULTICOY)  TABS 12.5MG X 28,Pharmacy,TABLETS,BLISTER,,1250,,28,14
5017010000000.00,CARVEDILOL,,CARVEDILOL TABS  X 28 {3.125},Pharmacy,TABLETS,BLISTER,,900,,28,14
5017010000000.00,CARVEDILOL,Carvedilol,CARVEDILOL TABS 6.25MG X 28 [ENGLAND],Pharmacy,TABLETS,BLISTER,,900,,28,14
6011505.00,CARVEDILOL(TEVA),,CARVEDILOL(TEVA) TABS 25MG X 28,Pharmacy,TABLETS,BLISTER,,1350,,28,14
UCAR08,CARZEPIN,Carbamazepine,CARZEPIN TABS 200MG X 100,Pharmacy,TABLETS,SACHET,,3800,,100,10
1007606.00,CARZEPIN,,CARZEPIN TABS 200MG X 500,Pharmacy,TABLETS,PCS,,7150,,500,1
1008928.00,CASODEX,Bicalutamide,CASODEX  100MG X 28,Pharmacy,,SACHET,,5585,,28,14
6012720.00,CASODEX,,CASODEX TABS 150MG X 28,Pharmacy,TABLETS,BLISTER,,22000,,28,14
6012282.00,CASODEX,,CASODEX TABS 50MG X 28,Pharmacy,TABLETS,BLISTER,,9000,,28,14
1001027.00,CATAFLAM,Diclofenac Potassium,CATAFLAM TABS 50MG X 100,Pharmacy,TABLETS,SACHET,,5435,WWCVL (NOVARTIS),100,10
1641.00,Cataflam,Diclofenac Potassium,CATAFLAM TABS 50MG X 20,Pharmacy,TABLETS,BLISTER,,1800,,20,10
7613.00,CATHETER,,CATHETER  10 INCHES X 10,Pharmacy,,SACHET,,3200,AGARY PHARMACEUTICALS LIMITED,10,1
6699.00,CATHETER,,CATHETER  12INCH X 10,Pharmacy,,SACHET,,3200,,10,1
6700.00,CATHETER,,CATHETER  14INCH X 10,Pharmacy,MIXTURE,SACHET,,2355,,10,1
4545.00,CATHETER,,CATHETER  16INCH X 10,Pharmacy,,SACHET,,3050,AGARY PHARMACEUTICALS LIMITED,10,1
6219.00,CATHETER,,CATHETER  18INCH X 10,Pharmacy,,SACHET,,3015,AGARY PHARMACEUTICALS LIMITED,10,1
6220.00,CATHETER,,CATHETER  20INCH X 10,Pharmacy,,SACHET,,2355,,10,1
5637.00,CATHETER,,CATHETER  22 INCH X 10,Pharmacy,,SACHET,,2355,AGARY PHARMACEUTICALS LIMITED,10,1
6277.00,CATHETER,,CATHETER  24INCH X 10,Pharmacy,,SACHET,,1765,,10,1
6012723.00,CATHETHER 6 INCHES,,CATHETHER 6 INCHES   X 10,Pharmacy,,SACHET,,3200,,10,1
10361.00,CEDAX (NAPROXEN),,CEDAX (NAPROXEN) TABS 500MG X 100,Pharmacy,TABLETS,BLISTER,,1500,,100,10
6012744.00,CEEMORAL,,CEEMORAL TABS  X 30,Pharmacy,TABLETS,BLISTER,,260,,30,10
12175.00,CEFIZIM,,CEFIZIM TABS 200MG X 20,Pharmacy,TABLETS,BLISTER,,2285,,20,10
6012241.00,celecoxib,,CELECOXIB (TEVA)  TABS 200MG X 28,Pharmacy,TABLETS,BLISTER,,1240,,28,14
UCEL16,CELEXIN,,CELEXIN  500MG CAP X 100,Pharmacy,CAPSULES,BLISTER,,3685,HOVID,100,10
10608.00,CENTRUM A-Z,,CENTRUM A-Z CAPLET  X 130,Pharmacy,CAPLET,JAR,,696410,,130,1
4650.00,CENTRUM SILVER,,CENTRUM SILVER CAPLET  X 130,Pharmacy,CAPLET,JAR,,670280,,130,1
10848.00,CEPHALAXIN,,CEPHALAXIN  500MG CAP X 100(MULTICOY),Pharmacy,CAPSULES,BLISTER,,500,,100,10
9556590000000.00,CEPHALEXIN-250 CAPS,,CEPHALEXIN-250 CAPS   X 100,Pharmacy,,BLISTER,,850,,100,10
1007756.00,CERIZINE,,CERIZINE TABS  X 100,Pharmacy,TABLETS,BLISTER,,900,,100,10
6009061.00,CET Z 10MG,,CET Z 10MG TABS  X 30,Pharmacy,TABLETS,BLISTER,,510,,30,10
6008899.00,cetidyn-l,,CETIDYN-L TABS  X 100,Pharmacy,TABLETS,BLISTER,,1000,,100,10
15390.00,CETRIZINE,,CETRIZINE TABS 10MG X 50,Pharmacy,TABLETS,BLISTER,,530,,50,10
1000137.00,;,Ferrous Fumarate,CHEMIRON CAPS  X 120,Pharmacy,CAPSULES,BLISTER,,1550,CHEMIRON CARE NIG.LTD,120,10
1000821.00,chest and lung,,CHEST AND LUNG TABS  X 20,Pharmacy,TABLETS,BLISTER,,160,,20,10
6112.00,CHLOPROMAZINE,Chlorpromazine,CHLOPROMAZINE 50MG INJ X 100,Pharmacy,INJECTION (SOLUTION),AMPOULES,,3000,,100,1
6009262.00,CHLORAMPHENICOL,,CHLORAMPHENICOL (MULTICOY)  CAPS  X 100,Pharmacy,CAPSULES,BLISTER,,1600,,100,10
4536.00,chloramphenicol,Chloramphenicol,CHLORAMPHENICOL 1G INJ  X 100,Pharmacy,INJECTION (POWDER),VIALS,,42000,,100,1
9242.00,chloramphenicol,,CHLORAMPHENICOL EYE OINT X 50(MULTICOY),Pharmacy,EYE OINTMENT,TUBE,,5335,DRUGFIELD PHARMACEUTICALS LIMITED,50,1
1002566.00,CHLORBINES,,CHLORBINES (NEIMETH)  TABS 250MG X 100,Pharmacy,TABLETS,BLISTER,,3360,,100,10
1008705.00,CHLORBINESE,,CHLORBINESE  250MG X 100,Pharmacy,,BLISTER,,3700,,100,10
8906060000000.00,CHLOROQUINE,Chloroquine,CHLOROQUINE  INJ 30ML X 100,Pharmacy,INJECTION (SOLUTION),VIALS,,25000,,100,1
,CHLOROQUINE,,CHLOROQUINE (EMZOR)  TABS 250MG X 100,Pharmacy,TABLETS,BLISTER,,2400,,100,10
,CHLOROQUINE,,CHLOROQUINE (M&B)  TABS 250MG X 100,Pharmacy,TABLETS,BLISTER,,3000,,100,10
1790.00,CHLOROQUINE,Chloroquine,CHLOROQUINE INJ 5ML X 100,Pharmacy,INJECTION (SOLUTION),AMPOULES,,2850,,100,1
4567.00,Piriton,Chlorpheniramine,CHLORPHENIRAMINE 10MG  INJ,Pharmacy,INJECTION (SOLUTION),AMPOULES,,100,,100,1
4689.00,Chromic  2/0,,CHROMIC  2/0   X 12,Pharmacy,,PCS,,1800,AGARY PHARMACEUTICALS LIMITED,12,1
1000533.00,chromic,,CHROMIC  SIZE 2 X 12,Pharmacy,,PCS,,1700,AGARY PHARMACEUTICALS LIMITED,12,1
7607.00,CHROmic,,CHROMIC  SIZE 3/0 X 12,Pharmacy,,SACHET,,1515,,12,1
11321.00,CHROmic,,CHROMIC  SIZE 4/0 X 12,Pharmacy,,SACHET,,110,,12,1
4687.00,CHROMIC 0,,CHROMIC 0   X 12,Pharmacy,,PCS,,1450,,12,1
4686.00,Chromic 1,,CHROMIC 1   X 12,Pharmacy,,PCS,,1450,AGARY PHARMACEUTICALS LIMITED,12,1
,CHYMOCIN(MAYDON),,CHYMOCIN(MAYDON) TABS  X 30,Pharmacy,TABLETS,BLISTER,,270,,30,10
5340.00,CHYMORAL,,CHYMORAL INJ 1ML X 5,Pharmacy,INJECTION (SOLUTION),AMPOULES,,5870,,5,1
6011109.00,CHYMORAL,,CHYMORAL TABS  X 30,Pharmacy,TABLETS,BLISTER,,650,,30,10
1007672.00,CILZEC PLUS,,CILZEC PLUS TABS  X 30,Pharmacy,TABLETS,BLISTER,,2490,,30,10
8904080000000.00,CILZEC,,CILZEC TABS 40MG X 30,Pharmacy,TABLETS,BLISTER,,3125,,30,10
1007671.00,CILZEC,,CILZEC TABS 80MG X 30,Pharmacy,TABLETS,BLISTER,,3260,,30,10
7539.00,cimetidine,Cimetidine,CIMETIDINE INJ  X 100 {UNBRANDED},Pharmacy,INJECTION (SOLUTION),AMPOULES,,3600,,100,1
7580.00,CINEX,,CINEX TABS  X 100,Pharmacy,TABLETS,BLISTER,,500,,100,10
15430.00,CLABACT,,CLABACT TABS 500MG X 14,Pharmacy,TABLETS,BLISTER,,850,,14,7
8906040000000.00,CLABETIC,,CLABETIC TABS 5/500MG X 30,Pharmacy,TABLETS,BLISTER,,800,,30,10
6013034.00,CLADIPINE,,CLADIPINE TABS 10MG X 30,Pharmacy,TABLETS,BLISTER,,850,,30,10
ucla08,CLAMIDE,Glibenclamide,CLAMIDE TABS 5MG X 100,Pharmacy,TABLETS,BLISTER,,1370,HOVID,100,10
7910.00,CLAMYCEF,,CLAMYCEF CAPS 150MG X 50,Pharmacy,CAPSULES,BLISTER,,5450,,50,10
1000404.00,clarithromycin,Clarithromycin,CLARITHROMYCIN 500MG TAB X 14(MULTICOY),Pharmacy,TABLETS,BLISTER,,810,,14,7
6012112.00,CLAVUGEN,Amoxicillin and Clavulanate,CLAVUGEN INJ 1.2G X 5,Pharmacy,INJECTION (POWDER),VIALS,,1500,,5,1
7041.00,CLEXANE,,CLEXANE INJ 40MG/4000IU X 2,Pharmacy,INJECTION (SOLUTION),AMPOULES,,6325,,2,1
,clindamycin,,CLINDAMYCIN CAPS 150MG X 100 {MULTICOY},Pharmacy,CAPSULES,BLISTER,,5000,,100,10
,clindamycin,,CLINDAMYCIN CAPS 300MG X 100 {MULTICOY},Pharmacy,CAPSULES,BLISTER,,6500,,100,10
247865.00,CLINICAL THERMOMETER B/S,,CLINICAL THERMOMETER B/S   X 12,Pharmacy,,SACHET,,5600,,12,1
UCLO55,clofenac SR,Diclofenac,CLOFENAC SR TABS 100MG X 100,Pharmacy,TABLETS,BLISTER,,3350,HOVID,100,10
UCLO53,Clofenac,Diclofenac,CLOFENAC TABS 50MG X 100,Pharmacy,TABLETS,BLISTER,,1640,HOVID,100,10
6008682.00,CLOPEX,,CLOPEX TABS 50MG X 30,Pharmacy,TABLETS,BLISTER,,1750,,30,10
6011180.00,CLOPIDOGREL(multicoy),,CLOPIDOGREL(MULTICOY) TABS 75MG X 30,Pharmacy,TABLETS,BLISTER,,1250,,30,10
6012242.00,clopidogrel(newteva),,CLOPIDOGREL(NEWTEVA) TABS 75MG X 28,Pharmacy,TABLETS,BLISTER,,1100,,28,14
6012176.00,CLOPIDOGREL(POCCO),,CLOPIDOGREL(POCCO) TABS 75MG X 28,Pharmacy,TABLETS,BLISTER,,1000,,28,14
,clopidogrel(samjones),Clopidogrel Bisulfate,CLOPIDOGREL(SAMJONES) TABS 75MG X 30,Pharmacy,TABLETS,BLISTER,,850,EDEN U-K PHARMACEUTICALS LTD,30,10
6013235.00,CLOTRIDERM(FIDSON),Clotrimazole,CLOTRIDERM(FIDSON) OINTMENT 1% 20G,Pharmacy,SKIN OINTMENT,TUBE,ANTIFUNGAL PREPARATIONS,1480,,10,20G
1007772.00,CO-APROVEL,,CO-APROVEL TABS 150/12.5MG X 28,Pharmacy,TABLETS,FOIL STRIP,,5009,WWCVL (SANOFI),28,14
1007773.00,CO-APROVEL,,CO-APROVEL TABS 300/12.5MG X 28,Pharmacy,TABLETS,FOIL STRIP,,6576,WWCVL (SANOFI),28,14
,CO-CODAMOL,,CO-CODAMOL TABS 30/500MG X 100,Pharmacy,TABLETS,SACHET,,6200,JORAX PHARMA,100,10
5014360000000.00,CO-CODAMOL,,CO-CODAMOL TABS 500MG X 100,Pharmacy,TABLETS,BLISTER,,7300,,100,10
,CO-CODAMOL,,CO-CODAMOL TABS 8/500MG X 100,Pharmacy,TABLETS,SACHET,,9300,JORAX PHARMA,100,10
5015200000000.00,co-dilopril,,CO-DILOPRIL TABS  X 28,Pharmacy,TABLETS,BLISTER,,1950,,28,14
11734.00,co-diovan,,CO-DIOVAN TABS 160/12.5MG X 28,Pharmacy,TABLETS,BLISTER,,7835,,28,14
1003315.00,CO-DIOVAN,,CO-DIOVAN TABS 160/25MG X 28,Pharmacy,TABLETS,SACHET,,7536,,28,14
1001045.00,co-diovan,,CO-DIOVAN TABS 80/12.5 X 28,Pharmacy,TABLETS,SACHET,,6200,,28,14
1003218.00,co-mepiryl FORTE,,CO-MEPIRYL FORTE TABS 1000/2MG X 30,Pharmacy,TABLETS,BLISTER,,2850,,30,10
6012205.00,CO-MePIRYL,,CO-MEPIRYL TABS  X 30,Pharmacy,TABLETS,BLISTER,,1200,,30,10
1003128.00,CO-MICARDIS,,CO-MICARDIS TABS 40/12.5MG X 28,Pharmacy,TABLETS,SACHET,,6730,,28,7
1003127.00,CO-MICARDIS,,CO-MICARDIS TABS 80/12.5MG X 28,Pharmacy,TABLETS,SACHET,,7020,,28,7
5168.00,CO-PROXAMOL,Paracetamol\ Propoxyphene Hydrochloride,CO-PROXAMOL TABS  X 100,Pharmacy,TABLETS,BLISTER,,1060,,100,10
5017010000000.00,CO-TENIDONE 100MG/25MG TABS,,CO-TENIDONE 100MG/25MG TABS   X 28,Pharmacy,,BLISTER,,1620,,28,14
1007639.00,CO-TROX(VITABIOTIC),,CO-TROX(VITABIOTIC) TABS  X 1000 [BLISTER],Pharmacy,TABLETS,BLISTER,,6000,COTROX TAB,1000,10
,cod liver oil(emzor),,COD LIVER OIL(EMZOR) TABS 1000MG X 30,Pharmacy,TABLETS,BLISTER,,800,EMZOR PHARMACEUTICAL INDUSTRIES,30,15
6012331.00,codaMLODIPINE,,CODAMLODIPINE TABS 10MG X 100,Pharmacy,TABLETS,BLISTER,,1380,,100,10
6012371.00,codaMLODIPINE,,CODAMLODIPINE TABS 10MG X 28,Pharmacy,TABLETS,BLISTER,,430,,28,14
6012332.00,CODAMLODIPINE,,CODAMLODIPINE TABS 5MG X 28,Pharmacy,TABLETS,BLISTER,,400,,28,14
6012989.00,CODATORVASTATIN,,CODATORVASTATIN TABS 10MG X 30,Pharmacy,TABLETS,BLISTER,,650,,30,10
6012988.00,CODATORVASTATIN,,CODATORVASTATIN TABS 20MG X 30,Pharmacy,TABLETS,BLISTER,,850,,30,10
6012266.00,codefree strip,,CODEFREE STRIP   X 2,Pharmacy,,BLISTER,,4950,,2,1
6012139.00,COFEX,,COFEX TABS  X 100,Pharmacy,TABLETS,BLISTER,,1006,,100,10
8904010000000.00,coflin,,COFLIN TABS  X 100,Pharmacy,TABLETS,FOIL STRIP,,1095,FARMEX MEYER LIMITED,100,10
1000371.00,COFTA,,COFTA LOZENGES  X 100,Pharmacy,LOZENGES,FOIL STRIP,,1650,,100,10
1003150.00,cognitol,,COGNITOL TABS 5MG X 30,Pharmacy,TABLETS,SACHET,,1900,,30,10
8934750000000.00,COLDEX,,COLDEX TABS  X 25,Pharmacy,TABLETS,FOIL STRIP,,1000,,25,1
2680.00,COLIPAN,Hyoscine,COLIPAN  10MG TAB X 100,Pharmacy,TABLETS,FOIL STRIP,,150,,100,10
6011423.00,COLMAN,,COLMAN CAPS  X 100,Pharmacy,CAPSULES,BLISTER,,380,,100,10
1007857.00,COMBINATION 3,,COMBINATION 3 TABS  X 25,Pharmacy,TABLETS,PACK,,1060,,25,1
5057.00,COMBIWORM,,COMBIWORM TABS 125MG X 12,Pharmacy,TABLETS,BLISTER,,1035,,12,1
6011368.00,COMPLANIL RETARD,,COMPLANIL RETARD TABS 500MG X 100,Pharmacy,TABLETS,BLISTER,,7430,,100,10
6012313.00,concur,,CONCUR TABS 5MG X 30,Pharmacy,TABLETS,BLISTER,,2500,,30,10
6010800.00,contafam,,CONTAFAM TABS  X 100,Pharmacy,TABLETS,BLISTER,,245,,100,10
1008941.00,CORD CLAMP,,CORD CLAMP   X 100,Pharmacy,,PCS,,2650,,100,1
6008896.00,cosamid plus,,COSAMID PLUS TABS  X 100,Pharmacy,TABLETS,BLISTER,,5445,,100,10
4530.00,cotton bandage,,COTTON BANDAGE   X 12 {3 INCHES},Pharmacy,,PCS,,620,,12,1
4691.00,cotton bandage,,COTTON BANDAGE   X 12 {4 INCHES},Pharmacy,,PCS,,750,,12,1
4692.00,cotton bandage,,COTTON BANDAGE   X 12 {6 INCHES},Pharmacy,,PCS,,1130,,12,1
6010520.00,COVERSYL PLUS,,COVERSYL PLUS TABS 5MG/1.25MG X 30,Pharmacy,TABLETS,BLISTER,,4500,,30,10
6008633.00,COVERSYL,,COVERSYL TABS 10MG X 30,Pharmacy,TABLETS,SACHET,,7190,,30,10
6008634.00,ig,,COVERSYL TABS 5MG X 30,Pharmacy,TABLETS,SACHET,,2730,,30,10
6013192.00,crestor,Rosuvastatin,CRESTOR (PARALLEL)  TABS 5MG X 28,Pharmacy,TABLETS,BLISTER,,2800,,28,14
,crestor (parallel),,CRESTOR (PARALLEL) TABS 20MG X 28,Pharmacy,TABLETS,BLISTER,,2600,,28,14
6013193.00,crestor,,CRESTOR (PARARELL)  TABS 10MG X 28,Pharmacy,TABLETS,BLISTER,,3500,,28,14
8699790000000.00,crestor,,CRESTOR TABS 10MG X 28,Pharmacy,TABLETS,BLISTER,,6825,,28,14
8699790000000.00,crestor,,CRESTOR TABS 20MG X 28,Pharmacy,TABLETS,BLISTER,,7500,,28,14
8699790000000.00,crestor,,CRESTOR TABS 5MG X 28,Pharmacy,TABLETS,BLISTER,,2550,,28,14
1007862.00,CUREFENAC,,CUREFENAC TABS 50MG X 20,Pharmacy,TABLETS,PACK,,1000,,20,1
6012584.00,CUSYMIN,,CUSYMIN CAPS  X 30,Pharmacy,CAPSULES,BLISTER,,420,,30,6
6011533.00,CyCLOGEST,,CYCLOGEST PESSARY 400MG X 15,Pharmacy,PESSARY,BLISTER,,11500,,15,5
6012734.00,CyKLATRAN,,CYKLATRAN TABS 500MG X 20,Pharmacy,TABLETS,BLISTER,,2000,,20,10
1000468.00,cyprigold,Cyproheptadine,CYPRIGOLD CAPS  X 30,Pharmacy,CAPSULES,BLISTER,,670,,30,10
6012806.00,CyPRIVIT PLUS,,CYPRIVIT PLUS TABS  X 30,Pharmacy,TABLETS,BLISTER,,550,,30,6
1000138.00,CYPRON,Cyproheptadine,CYPRON CAPS  X 30,Pharmacy,CAPSULES,BLISTER,,750,,30,10
1001014.00,CYTOTEC,Misoprostol,CYTOTEC TABS 200MG X 60,Pharmacy,TABLETS,BLISTER,,5700,WWCVL (PFIZER),60,10
6013144.00,D-MEPIL,,D-MEPIL TABS 4MG X 30,Pharmacy,TABLETS,BLISTER,,1500,,30,15
1007532.00,DABAPAIN,,DABAPAIN TABS  X 100,Pharmacy,TABLETS,SACHET,,600,,100,10
1008009.00,DABAPAIN,,DABAPAIN TABS 50MG X 20,Pharmacy,TABLETS,BLISTER,,110,,20,10
6154000000000.00,danacid,,DANACID TABS  X 96,Pharmacy,TABLETS,SACHET,,450,DANA DRUGS LTD,96,8
8902500000000.00,Danza MULTIVITAMIN,,DANZA MULTIVITAMIN CAPLET  X 30,Pharmacy,CAPLET,BLISTER,,150,,30,10
1001287.00,DAONIL AVENTIS,Glibenclamide,DAONIL AVENTIS TABS  X 100,Pharmacy,TABLETS,SACHET,,2650,,100,10
,DAPZIN-10,,DAPZIN-10 TABS 10MG X 30,Pharmacy,TABLETS,BLISTER,,8900,MICRO NOVA PHARM.IND LIMITED,30,10
6011657.00,daravi T FORTE(BLISTER),,DARAVI T FORTE(BLISTER) CAPS  X 30,Pharmacy,CAPSULES,BLISTER,,1100,,30,6
,DARAVIT FORTE,,DARAVIT FORTE SOFTGEL  X 50,Pharmacy,SOFTGEL,PACK,,2650,ELBE PHARMA NIG LTD,50,10
,DARAVITE FORTE,,DARAVITE FORTE TABS  X 60,Pharmacy,TABLETS,BLISTER,,2650,ELBE PHARMA NIG LTD,60,10
,de shalom antacid,,DE SHALOM ANTACID TABS  X 96,Pharmacy,TABLETS,SACHET,,450,,96,8
1406.00,DECAVIT PLUS X 28,,DECAVIT PLUS X 28 CAPS  X 28,Pharmacy,CAPSULES,BLISTER,,1200,,28,14
1001275.00,DELVAC,,DELVAC CAPS 100MG X 100,Pharmacy,CAPSULES,BLISTER,,1090,,100,10
6010303.00,deminol,,DEMINOL TABS  X 100,Pharmacy,TABLETS,BLISTER,,350,,100,10
8906040000000.00,DEMO-4 GEL 20G,,DEMO-4 GEL 20G   X 10,Pharmacy,,TUBE,,1800,,10,1
,DEPIXOL,,DEPIXOL INJ 20MG X 10,Pharmacy,INJECTION (SOLUTION),VIALS,,17500,ONYI-JEK GLOBAL RESOURCES,10,1
6011074.00,DEPIXOL,,DEPIXOL INJ 40MG 2ML,Pharmacy,INJECTION (POWDER),AMPOULES,,35000,,10,2ml
1000222.00,Dequadin,synthetic retinol concentrate,DEQUADIN LOZENGES 250MG X 250,Pharmacy,LOZENGES,FOIL STRIP,,4470,,250,10
,DEQUALIN LOZENGES,,DEQUALIN LOZENGES TABS 250MG X 100,Pharmacy,TABLETS,FOIL STRIP,,630,EMIOLA GEN.LTD,100,10
6012325.00,DESLORATIDINE,,DESLORATIDINE TABS  X 100,Pharmacy,TABLETS,BLISTER,,700,,100,10
6013057.00,deslotab,,DESLOTAB TABS 5MG X 20,Pharmacy,TABLETS,BLISTER,,200,,20,10
,DESTRAX,Dexamethasone,DESTRAX TABS 1MG X 100,Pharmacy,TABLETS,BLISTER,,230,ELIONA PHARMACEUTICALS,100,10
6011897.00,DETERMINE KIT,,DETERMINE KIT   X 100,Pharmacy,,SACHET,,10000,,100,1
6010238.00,DEWMAL,,DEWMAL TABS  X 50,Pharmacy,TABLETS,SACHET,,3520,,50,1
7044.00,DEXACOTIN,Dexamethasone,DEXACORTIN TABS 0.5MG X 100,Pharmacy,TABLETS,JAR,,11735,,100,1
6013115.00,DEXACURE,,DEXACURE TABS 1MG X 100,Pharmacy,TABLETS,BLISTER,,200,,100,10
6009330.00,DEXAMETHASONE,,DEXAMETHASONE (MULTICOY)  TABS 1MG X 100 [SACHET],Pharmacy,TABLETS,SACHET,,200,,100,10
4516.00,DEXAMETHASONE,Dexamethasone,DEXAMETHASONE(MULTICOY) 1ML INJ X 100,Pharmacy,INJECTION (SOLUTION),AMPOULES,,1650,,100,1
6013093.00,DEXILIANT,,DEXILIANT TABS  X 30,Pharmacy,TABLETS,BLISTER,,1500,,30,10
8140.00,DEXTROSE /WATER,,DEXTROSE /WATER INFUSION 50% 100ML,Pharmacy,INFUSION,BOTTLE,,10670,,50,100ML
6012942.00,DIA-K(DIABETIC  SUPPORT),,DIA-K(DIABETIC  SUPPORT) (N/F)  TABS  X 30,Pharmacy,TABLETS,BLISTER,,3390,,30,10
6012941.00,DIABETIC SUPPORT,,DIABETIC SUPPORT TABS  X 100,Pharmacy,TABLETS,BLISTER,,7600,,100,10
UDIA77,Diabetmin,Metformin,DIABETMIN TABS 500MG X 100,Pharmacy,TABLETS,SACHET,,2200,HOVID,100,10
5021270000000.00,DIABETONE,,DIABETONE CAPS  X 30,Pharmacy,CAPSULES,BLISTER,,2300,,30,15
8901180000000.00,DIAMET(M&B) 500MG,,DIAMET(M&B) 500MG TABS  X 84,Pharmacy,TABLETS,SACHET,,1000,,84,14
5348.00,DIAMICRON,,DIAMICRON TABS 30MG X 30,Pharmacy,TABLETS,BLISTER,,1650,,30,10
3594450000000.00,DIAMICRON,,DIAMICRON TABS 60MG X 30,Pharmacy,TABLETS,SACHET,,4300,,30,15
,DIAMICRON(parallel),,DIAMICRON(PARALLEL) TABS 60MG X 30,Pharmacy,TABLETS,BLISTER,,2200,,30,10
,DIAOFF CAPSULE,Loperamide,DIAOFF CAPSULE  2MG X 100,Pharmacy,,PACK,,700,SUITELIFE PHARMACEUTICALS LTD.,100,10
6012900.00,diarelax,,DIARELAX TABS  X 30,Pharmacy,TABLETS,BLISTER,,1770,,30,15
6893.00,DIATAB,,DIATAB  5MG X 100,Pharmacy,,SACHET,,685,,100,10
,DIAZEPAM(MULTICOY),,DIAZEPAM(MULTICOY) INJ 10MG/2ML X 10,Pharmacy,INJECTION (SOLUTION),AMPOULES,,1000,CHEZ RESOURCES PHARM. LTD,10,1
,DIBIMET,Metformin,DIBIMET TABS 1000MG X 30,Pharmacy,TABLETS,BLISTER,,1250,MICRO NOVA PHARM.IND LIMITED,30,10
1007916.00,dibinorm,,DIBINORM TABS 500MG X 100,Pharmacy,TABLETS,SACHET,,550,,100,10
6012488.00,dicgem,,DICGEM TABS  X 100,Pharmacy,TABLETS,PACK,,800,,100,10
1007815.00,DICLO-K,,DICLO-K TABS  X 100,Pharmacy,TABLETS,SACHET,,580,GLOBAL HEALTHCARE LTD,100,10
5281020000000.00,DICLO-NEUROBION,,DICLO-NEUROBION TABS  X 20,Pharmacy,TABLETS,BLISTER,,2300,,20,5
1001422.00,DICLOFENAC,,DICLOFENAC INJ  X 100,Pharmacy,INJECTION (SOLUTION),AMPOULES,,1950,,100,1
,DICLOFENAC POTASSIUM,,DICLOFENAC POTASSIUM (KAYHELT)  TABS 50MG X 100,Pharmacy,TABLETS,PACK,,600,,100,10
6010794.00,DICLOFENAC POTASSIUM,,DICLOFENAC POTASSIUM (SPECTRA)  TABS 50MG X 200,Pharmacy,TABLETS,PACK,,500,,200,10
6011574.00,DICLOFENAC SODIUM (MULTICOY),,DICLOFENAC SODIUM (MULTICOY) TABS 50MG X 100,Pharmacy,TABLETS,PACK,,600,,100,10
6009994.00,DICLOFENAC SODIUM(PEMASON),,DICLOFENAC SODIUM(PEMASON) TABS 50G X 100,Pharmacy,TABLETS,FOIL STRIP,,1050,PEMASON PHARMACEUTICALS LTD.,100,10
6010648.00,DICLOFENAC(OTEVO),,DICLOFENAC(OTEVO) TABS 50MG X 240,Pharmacy,TABLETS,BLISTER,,1835,,240,12
6009298.00,diclofenac(pemason),,DICLOFENAC(PEMASON) TABS 50MG X 100,Pharmacy,TABLETS,BLISTER,,200,,100,10
6011943.00,DICLOKIN-TR,,DICLOKIN-TR CAPS 100MG X 100,Pharmacy,CAPSULES,BLISTER,,1350,,100,10
6011058.00,DICLOPAC PLUS,,DICLOPAC PLUS TABS  X 100,Pharmacy,TABLETS,PACK,,700,,100,10
6012948.00,DICLOSULT,,DICLOSULT TABS  X 240,Pharmacy,TABLETS,PACK,,770,,240,12
8906060000000.00,dicnac,,DICNAC TABS 550MG X 100,Pharmacy,TABLETS,BLISTER,,795,,100,10
6221050000000.00,Dicynone,,DICYNONE  250MG TAB X 20,Pharmacy,TABLETS,BLISTER,,5500,,20,10
6010543.00,Dicynone,,DICYNONE INJ 250MG X 4,Pharmacy,INJECTION (POWDER),AMPOULES,,2400,,4,1
6011990.00,Dicynone,,DICYNONE TABS 500MG X 14,Pharmacy,TABLETS,BLISTER,,4000,,14,7
8904030000000.00,Digoxin - Sandoz,Digoxin,DIGOXIN 0.25MG TAB X 50,Pharmacy,TABLETS,BLISTER,Antifibrinolytics and haemostatics,1050,,50,10
6013252.00,DIHYDROCODEINE,,DIHYDROCODEINE X28 TABS 300MG X 14,Pharmacy,TABLETS,BLISTER,,2800,,28,14
5012730000000.00,DF 118 (BOTTLE),,DIHYDROCODEINE(DF 118)TAB 30MG X100,Pharmacy,TABLETS,BLISTER,,21200,,100,10
6010261.00,dikonga,,DIKONGA TABS  X 100,Pharmacy,TABLETS,BLISTER,,330,,100,10
1002681.00,DILOPAX,,DILOPAX TABS 10MG X 30,Pharmacy,TABLETS,SACHET,,1000,,30,10
1002747.00,DILOPAX,,DILOPAX TABS 5MG X 30,Pharmacy,TABLETS,BLISTER,,650,,30,15
6013090.00,DIOSARTAN H,,DIOSARTAN H TABS  X 30,Pharmacy,TABLETS,BLISTER,,1300,,30,10
1002511.00,,,DIOVAN TABS 160MG X 28,Pharmacy,TABLETS,BLISTER,,7000,,28,14
1001046.00,diovan,Valsartan,DIOVAN TABS 80MG X 28,Pharmacy,TABLETS,BLISTER,,6000,,28,14
6013176.00,diprostol,,DIPROSTOL TABS 50MG/200MCG X 20,Pharmacy,TABLETS,BLISTER,,900,,20,10
5017010000000.00,DISPERSIBLE ASPIRIN,,DISPERSIBLE ASPIRIN TABS  X 100,Pharmacy,TABLETS,BLISTER,,900,,100,25
2666.00,DISPIRIN,Aspirin,DISPIRIN TABS  X 600,Pharmacy,TABLETS,FOIL STRIP,,70,,600,10
6011632.00,dogrel,,DOGREL TABS 75MG X 28,Pharmacy,TABLETS,BLISTER,,1095,,28,7
1008672.00,dolo-meta b forte,,DOLO-META B FORTE TABS  X 100,Pharmacy,TABLETS,BLISTER,,1600,,100,10
1002374.00,DOLO-META B,,DOLO-META B TABS  X 100,Pharmacy,TABLETS,BLISTER,,1500,,100,10
6012288.00,DONEPEZIL HYDROCHLORIDE,,DONEPEZIL HYDROCHLORIDE TABS 10MG X 28,Pharmacy,TABLETS,BLISTER,,1700,,28,14
6010819.00,DONEPEZIL HYDROCHLORIDE,,DONEPEZIL HYDROCHLORIDE TABS 5MG X 28,Pharmacy,TABLETS,BLISTER,,1050,,28,14
UDOP05,Dopatab,Methyldopa,DOPATAB TABS 250MG X 100,Pharmacy,TABLETS,SACHET,,3590,,100,10
6008681.00,DOPINEX,,DOPINEX TABS 5MG X 30,Pharmacy,TABLETS,BLISTER,,1335,,30,10
1007737.00,DORBAXIN  FORTE,,DORBAXIN  FORTE TABS 900MG X 100,Pharmacy,TABLETS,PACK,,2200,,100,10
6012936.00,DORBAXIN,,DORBAXIN TABS 500MG X 100,Pharmacy,TABLETS,PACK,,2300,,100,10
6013145.00,DOVASAT,,DOVASAT TABS 50MG X 30,Pharmacy,TABLETS,BLISTER,,1100,,30,10
6011682.00,doxazosin,,DOXAZOSIN (MULTICOY)  TABS 2MG X 28,Pharmacy,TABLETS,BLISTER,,750,,28,14
6010776.00,doxazosin,,DOXAZOSIN (TEVA)  TABS 4MG X 28,Pharmacy,TABLETS,BLISTER,,1250,,28,14
udox06,DOXYCAP,doxycycline,DOXYCAP CAPS 100MG X 100,Pharmacy,CAPSULES,SACHET,,2930,HOVID,100,10
1000584.00,DOXYCYCLINE GRL,doxycycline,DOXYCYCLINE GRL CAPS  X 100,Pharmacy,CAPSULES,SACHET,,1300,,100,10
5012920000000.00,DULCOLAX,Bisacodyl,DULCOLAX SUPP 10MG X 10,Pharmacy,SUPPOSITORY,BLISTER,,2790,,10,5
1003547.00,dulcolax,,DULCOLAX TABS 5MG X 20,Pharmacy,TABLETS,BLISTER,,1665,,20,10
,dulox(duloxetine),,DULOX(DULOXETINE) CAPS 30MG X 30,Pharmacy,CAPSULES,BLISTER,,14000,,30,10
8715550000000.00,Duphaston,,DUPHASTON TABS 10MG X 20,Pharmacy,TABLETS,BLISTER,,3300,,20,10
1757.00,DUSPATALIN,,DUSPATALIN 100MG TAB X  50,Pharmacy,TABLETS,BLISTER,,5750,,50,10
8470010000000.00,DYNAMOGEN,,DYNAMOGEN SOLUTION 10ML X 20,Pharmacy,SOLUTION,VIALS,,2200,,20,1
1002403.00,EASADOL,,EASADOL CAPLET 500MG X 100,Pharmacy,CAPLET,SACHET,,600,MAY & BAKER NIGERIA PLC,100,10
6012582.00,EFAMOL BRAIN(ACTIVE MEMORY),,EFAMOL BRAIN(ACTIVE MEMORY) CAPS  X 30,Pharmacy,CAPSULES,BLISTER,,5840,,30,15
1007932.00,Elafen plus,,ELAFEN PLUS TABS 50MG X 100,Pharmacy,TABLETS,PACK,,590,,100,10
1007931.00,Elafen,,ELAFEN TABS 100MG X 100,Pharmacy,TABLETS,PACK,,570,,100,10
6010752.00,ELANQUINE,,ELANQUINE TABS  X 100,Pharmacy,TABLETS,BLISTER,,1550,,100,10
,EM-VIT-C CHEWABLE (EMZOR),,EM-VIT-C CHEWABLE (EMZOR) TABS 500MG X 36,Pharmacy,TABLETS,BLISTER,,800,EMZOR PHARMACEUTICAL INDUSTRIES,36,12
,EM-VIT-C(EMZOR)BLISTER,,EM-VIT-C(EMZOR)BLISTER TABS 100MG X 300,Pharmacy,TABLETS,BLISTER,,950,EMZOR PHARMACEUTICAL INDUSTRIES,300,10
8479.00,EMAL,,EMAL INJ 2ML X 3,Pharmacy,INJECTION (SOLUTION),AMPOULES,,2200,,3,1
6011369.00,EMBAGRA,Sildenafil,EMBAGRA GEL 100MG X 4,Pharmacy,GEL,SACHET,,420,,4,1
6154000000000.00,EMCAP,,EMCAP  500MG X 100,Pharmacy,,BLISTER,,580,EMZOR PHARMACEUTICAL INDUSTRIES,100,10
1007676.00,EMCAP EXTRA,,EMCAP EXTRA  500MG X 100,Pharmacy,,BLISTER,,650,,100,10
10985.00,EMGYL,,EMGYL TABS 200MG X 100,Pharmacy,TABLETS,BLISTER,,450,,100,10
6154000000000.00,EMGYL,,EMGYL TABS 400MG X 100,Pharmacy,TABLETS,BLISTER,,750,EMZOR PHARMACEUTICAL INDUSTRIES,100,10
6012447.00,EMMOX,,EMMOX CAPS 500MG X 100,Pharmacy,CAPSULES,BLISTER,,2200,,100,10
6011884.00,EmMOX DISPERSIBLE,,EMMOX DISPERSIBLE  250MG X 100,Pharmacy,,SACHET,,1800,,100,10
9357.00,EMPRIN,,EMPRIN TABS 75MG X 100,Pharmacy,TABLETS,SACHET,,230,,100,10
1007474.00,EMPROFEN,,EMPROFEN CAPS 400MG X 100,Pharmacy,CAPSULES,BLISTER,,3200,EMZOR PHARMACEUTICAL INDUSTRIES,100,10
,emtrim dispersable,,EMTRIM DISPERSABLE TABS 120MG X 100,Pharmacy,TABLETS,BLISTER,,420,EMZOR PHARMACEUTICAL INDUSTRIES,100,10
1007912.00,EMTRIM,,EMTRIM TABS 480MG X 100,Pharmacy,TABLETS,BLISTER,,720,,100,10
6154000000000.00,EMTRIM,Cotrimoxazole,EMTRIM TABS 480MG X 1000 {BLISTER PACK},Pharmacy,TABLETS,BLISTER,,8000,EMZOR PHARMACEUTICAL INDUSTRIES,1000,10
6012180.00,emtrisil,,EMTRISIL TABS  X 24,Pharmacy,TABLETS,BLISTER,,160,,24,8
,emtrisil,,EMTRISIL TABS  X 96,Pharmacy,TABLETS,BLISTER,,510,,96,8
6154000000000.00,Emzoclox,,EMZOCLOX  500MG CAP X 100,Pharmacy,CAPSULES,BLISTER,,1570,EMZOR PHARMACEUTICAL INDUSTRIES,100,10
6012786.00,emzolyte,,EMZOLYTE   X 3,Pharmacy,,SACHET,,165,,3,1
,emzolyte plus(ORS+ZINC),,EMZOLYTE PLUS(ORS+ZINC)   X 15,Pharmacy,,PACK,,2500,EMZOR PHARMACEUTICAL INDUSTRIES,15,1
6010796.00,EMZORON,,EMZORON CAPS  X 120,Pharmacy,CAPSULES,BLISTER,,1300,,120,10
6011280.00,ENALADEX,,ENALADEX TABS 5MG X 30,Pharmacy,TABLETS,BLISTER,,600,,30,10
1008930.00,ENALAPRIL MALEATE,,ENALAPRIL MALEATE  5MG X 28,Pharmacy,,SACHET,,1000,,28,14
14893.00,ENALAPRIL MALEATE,,ENALAPRIL MALEATE TABS 10MG X 28,Pharmacy,TABLETS,BLISTER,,1350,,28,14
1002928.00,ENARETIC,,ENARETIC TABS 10/25MG X 30,Pharmacy,TABLETS,BLISTER,,2450,,30,10
1000304.00,Encephabol,,ENCEPHABOL TABS 100MG X 100,Pharmacy,TABLETS,BLISTER,,5000,,100,10
6013152.00,Encephabol,,ENCEPHABOL TABS 100MG X 50,Pharmacy,TABLETS,BLISTER,,75000,,50,10
,enox,Enoxaparin,ENOX INJ 4000 X 10,Pharmacy,INJECTION (SOLUTION),PACK,,18000,,10,1
6010537.00,Epanutin,,EPANUTIN TABS  X 1000,Pharmacy,TABLETS,PCS,,7000,,1000,1
6009173.00,Epanutin,,EPANUTIN TABS 500MG X 100,Pharmacy,TABLETS,BLISTER,,6700,,100,10
3582910000000.00,EPILIM chromo,,EPILIM CHROMO TABS 500MG X 100,Pharmacy,TABLETS,BLISTER,,20685,,100,10
3582910000000.00,EPILIM,Sodium Valproate,EPILIM TABS 200MG X 100,Pharmacy,TABLETS,BLISTER,,7913,,100,10
6156000000000.00,EPSOM SALTS,,EPSOM SALTS (MOKO)  POWDER  X 12,Pharmacy,POWDER,SACHET,,1050,,12,1
4626.00,ERGOMETRINE,,ERGOMETRINE (MULTICOY)  TABS 0.5MG X 1000,Pharmacy,TABLETS,PCS,,11475,,1000,1
6171.00,ergot,,ERGOT INJ 2ML X 100,Pharmacy,INJECTION (SOLUTION),AMPOULES,,13500,,100,1
1008704.00,ERYTHROMYCIN,,ERYTHROMYCIN  250MG X 100,Pharmacy,TABLETS,BLISTER,,2105,,100,10
6079.00,ERYTHROMYCIN,Erythromycin,ERYTHROMYCIN (ABBOTT)  500MG TAB X 100,Pharmacy,CAPLET,BLISTER,,3295,,100,10
6009198.00,escital,,ESCITAL TABS 10MG X 30,Pharmacy,TABLETS,BLISTER,,2450,,30,10
,escitalopram,,ESCITALOPRAM (ACCORD)  TABS 10MG X 28,Pharmacy,TABLETS,BLISTER,,1850,,28,14
7680250000000.00,Esidrex,Hydrochlorothiazide,ESIDREX TABS 25MG X 20,Pharmacy,TABLETS,BLISTER,,2322,,20,10
6009547.00,ESIDREX(PARALLEL),,ESIDREX(PARALLEL) TABS  X 20,Pharmacy,TABLETS,BLISTER,,1800,,20,10
,esofag-d,Esomeprazole,ESOFAG-D CAPS  X 30,Pharmacy,CAPSULES,BLISTER,,2900,ONYI-JEK GLOBAL RESOURCES,30,10
1007849.00,ESOP,,ESOP TABS 40MG X 30,Pharmacy,TABLETS,BLISTER,,1250,,30,3
11572.00,ESPEN,,ESPEN  200MG TAB X 20,Pharmacy,TABLETS,BLISTER,,2290,,20,2
1000948.00,ESPEN,,ESPEN TABS 400MG X 50,Pharmacy,TABLETS,PACK,,3800,MAYDON PHARMACEUTICALS & CHEMICAL CO.LTD,50,1
3582910000000.00,ESSENTIAL FORTE,,ESSENTIAL FORTE CAPS  X 50,Pharmacy,CAPSULES,BLISTER,,3400,,50,10
1001482.00,ETHAMBUTHOL,,ETHAMBUTHOL TABS 400MG X 100,Pharmacy,TABLETS,BLISTER,,2395,,100,10
7277.00,ETHAMBUTHOL,,ETHAMBUTHOL TABS 400MG X 1000,Pharmacy,TABLETS,PCS,,2610,,1000,1
6012657.00,ETHICLAV,,ETHICLAV TABS 625MG X 14,Pharmacy,TABLETS,BLISTER,,1200,,14,7
,ETHICLOX,,ETHICLOX CAPS 500MG X 100,Pharmacy,CAPSULES,BLISTER,,3200,SK MEDICINES  LTD,100,10
,ETHIMOX,,ETHIMOX CAPS 500MG X 100,Pharmacy,CAPSULES,BLISTER,,3200,SK MEDICINES  LTD,100,10
1007492.00,EVENING PRIM ROSE OIL(JB),,EVENING PRIM ROSE OIL(JB) CAPS  X 30,Pharmacy,CAPSULES,BLISTER,,1300,,30,10
6013059.00,EVENING PRIMROSE,,EVENING PRIMROSE CAPS 1000MG X 30,Pharmacy,CAPSULES,BLISTER,,1950,,30,10
1007480.00,EVENING PRIMROSE OIL(EMZOR),,EVENING PRIMROSE OIL(EMZOR) CAPS 1000MG X 30,Pharmacy,CAPSULES,BLISTER,,2065,,30,10
6013349.00,EVENING PRIMROSE(EMZOR),,EVENING PRIMROSE(EMZOR) CAPS 500MG X 30,Pharmacy,CAPSULES,BLISTER,,1500,,30,10
,evergreen natal care plus omega,,EVERGREEN NATAL CARE PLUS OMEGA CAPS  X 60,Pharmacy,CAPSULES,BLISTER,,3150,,60,15
,evergreen vitamin c,vitamin C,EVERGREEN VITAMIN C TABS 500MG X 100,Pharmacy,TABLETS,BLISTER,,4900,CARROT-TOP DRUGS LTD.,100,10
8906040000000.00,EVERSEA,,EVERSEA CAPS 1000MG X 30,Pharmacy,CAPSULES,BLISTER,,430,OANG LIMITED,30,15
6011669.00,EVERUP,,EVERUP   X 30,Pharmacy,,BLISTER,,220,,30,15
1007682.00,EVERVITE,,EVERVITE CAPS  X 30,Pharmacy,CAPSULES,BLISTER,,345,OANG LIMITED,30,15
8906040000000.00,evervite gold,,EVERVITE GOLD CAPS  X 30,Pharmacy,CAPSULES,BLISTER,,420,OANG LIMITED,30,6
1007848.00,EXAMINATION GLOVE (MULTI COY),,EXAMINATION GLOVE (MULTI COY)   X 100,Pharmacy,,PCS,,3300,,100,1
,excel vista,Pioglitazone,EXCEL VISTA TABS 15MG X 30,Pharmacy,TABLETS,BLISTER,,1800,EXCEL CHARIS PHARM CHEMICAL LTD,30,10
,excel vista,Pioglitazone,EXCEL VISTA TABS 30MG X 30,Pharmacy,TABLETS,BLISTER,,1750,EXCEL CHARIS PHARM CHEMICAL LTD,30,10
,exceldal,,EXCELDAL TABS 2MG X 100 {RISPERIDONE},Pharmacy,TABLETS,BLISTER,,1800,GLOBAL ONEWORD HEALTHCARE LTD.,100,10
,EXCELREL(CLOPIDOGREL),,EXCELREL(CLOPIDOGREL) TABS 75MG X 30,Pharmacy,TABLETS,BLISTER,,900,,30,10
1002593.00,EXFORGE HCT,,EXFORGE HCT TABS 10MG/160/25MG X 28,Pharmacy,TABLETS,BLISTER,,9000,WWCVL (NOVARTIS),28,7
1003424.00,EXFORGE HCT,,EXFORGE HCT TABS 10MG/160MG/12.5MG X 28,Pharmacy,TABLETS,BLISTER,,9000,WWCVL (NOVARTIS),28,7
1007415.00,EXFORGE HCT,,EXFORGE HCT TABS 5/160/12.5MG X 28,Pharmacy,TABLETS,BLISTER,,8500,,28,7
1007956.00,EXFORGE HCT x 14,,EXFORGE HCT X 14 TABS 5/160 X 28,Pharmacy,TABLETS,BLISTER,,8000,,28,7
1007955.00,EXFORGE,,EXFORGE TABS 10/160 X 28,Pharmacy,TABLETS,BLISTER,,8800,WWCVL (NOVARTIS),28,14
1007957.00,EXFORGE,,EXFORGE TABS 5/160 X 28,Pharmacy,TABLETS,BLISTER,,8200,WWCVL (NOVARTIS),28,7
78426711268.00,EYE ANTIOXIDANT,,EYE ANTIOXIDANT CAPS  X 60,Pharmacy,CAPSULES,PCS,,8955,,60,1
793573000000.00,EYE ANTIOXIDANT,,EYE ANTIOXIDANT TABS  X 120,Pharmacy,TABLETS,BLISTER,,17500,,120,15
,EYE ANTIOXIDANT,,EYE ANTIOXIDANT TABS 30MG X 360 {HESS}  [BLISTER],Pharmacy,TABLETS,BLISTER,,58800,IMPRINT VENTURES MARKETING PARTNER HESSPHARM LTD,360,15
,EYE ANTIOXIDANT(ORGANIC HEALTH),,EYE ANTIOXIDANT(ORGANIC HEALTH) CAPLET  X 120,Pharmacy,CAPLET,BLISTER,,6500,,120,15
6012272.00,EYE CaP,,EYE CAP   X 120,Pharmacy,,BLISTER,,13500,,120,15
799873000000.00,eye cap,,EYE CAP TABS  X 60,Pharmacy,TABLETS,PCS,,8000,,60,1
6010934.00,eyevite,,EYEVITE TABS  X 120,Pharmacy,TABLETS,PCS,,5000,,120,1
7434.00,FACEMASK,,FACEMASK   X 50,Pharmacy,,PCS,Corticosteroids and other immunosuppressants,1500,,50,1
,FACEMASK(BLACK),,FACEMASK(BLACK)   X 50,Pharmacy,,PCS,,1300,E CHAPEL INT SERVICES LTD,50,1
14818.00,FAMOTAB-40,,FAMOTAB-40 TABS  X 20,Pharmacy,TABLETS,BLISTER,,815,,20,10
6009196.00,farzincol,,FARZINCOL TABS  X 100,Pharmacy,TABLETS,BLISTER,,820,,100,10
6012045.00,FEBO-G,,FEBO-G TABS 40MG X 20,Pharmacy,TABLETS,BLISTER,,800,,20,10
6012046.00,FEBO-G,,FEBO-G TABS 80MG X 20,Pharmacy,TABLETS,BLISTER,,2330,,20,10
6009171.00,feed fine,,FEED FINE CAPS  X 30,Pharmacy,CAPSULES,BLISTER,,345,,30,10
6011980.00,FEED FINE PLUS,,FEED FINE PLUS CAPS  X 30,Pharmacy,CAPSULES,BLISTER,,620,,30,10
6011175.00,FEEDING TUBE,,FEEDING TUBE   X 10,Pharmacy,,SACHET,,1560,,10,1
6013401.00,feldene,,FELDENE CAPS 20MG X 30,Pharmacy,CAPSULES,BLISTER,,4000,,30,10
6008937.00,FELGIN,,FELGIN CAPS 20MG X 100,Pharmacy,CAPSULES,BLISTER,,215,,100,10
6013425.00,felodipine,,FELODIPINE TABS 10MG X 28 [BLISTER],Pharmacy,TABLETS,BLISTER,,1950,,28,14
8904180000000.00,Felvin,Piroxicam,FELVIN CAPS 20MG X 100,Pharmacy,CAPSULES,SACHET,,700,GREENLIFE PHARMACEUTICALS LIMITED,100,10
UFEL11,FELXICAM,Piroxicam,FELXICAM CAPS 20MG X 100,Pharmacy,CAPSULES,BLISTER,,1900,HOVID,100,10
,fenofibrate 160mg,,FENOFIBRATE 160MG TABS  X 30,Pharmacy,TABLETS,PACK,,3000,ONYI-JEK GLOBAL RESOURCES,30,15
5477.00,ferbelan fort,,FERBELAN FORTE CAPS  X 30,Pharmacy,CAPSULES,BLISTER,,300,,30,10
1002002.00,FERROLAB-12 SHORT PACK,,FERROLAB-12 CAPS  X 30,Pharmacy,CAPSULES,BLISTER,,190,EMBASSY PHARMCEUTICAL AND CHEM. LTD,30,15
8850770000000.00,FERROTONE,,FERROTONE CAPS  X 50,Pharmacy,CAPSULES,BLISTER,,1150,,50,10
895749000000.00,FERTILITY BLEND [FOR MEN],,FERTILITY BLEND [FOR MEN] CAPS  X 90,Pharmacy,CAPSULES,JAR,,973825,,90,1
631462000000.00,FERTILITY BLEND [FOR WOMEN],,FERTILITY BLEND [FOR WOMEN] CAPS  X 90,Pharmacy,CAPSULES,PACK,,972030,,90,1
11797.00,FEVIZ PLUS,,FEVIZ PLUS CAPS  X 30,Pharmacy,CAPSULES,BLISTER,,995,,30,10
,fexovid,,FEXOVID TABS 180MG X 28,Pharmacy,TABLETS,BLISTER,,3150,PHAMATEX NIG. LTD.,28,7
6012964.00,figo multivitamin,,FIGO MULTIVITAMIN CAPS  X 30,Pharmacy,CAPSULES,BLISTER,,190,,30,15
1009164.00,FILROXY,,FILROXY TABS 10MG X 30,Pharmacy,TABLETS,BLISTER,,2600,,30,10
8809120000000.00,FINE TEST,,FINE TEST (STRIPS)   X 2,Pharmacy,,PACK,,5200,,2,1
5017010000000.00,FINESTERIDE (TEVA),,FINESTERIDE (TEVA) TABS  X 28,Pharmacy,TABLETS,BLISTER,,1500,,28,14
5036070000000.00,FINESTREIDE,,FINESTRIDE TABS  X 28,Pharmacy,TABLETS,BLISTER,,1350,,28,14
8906010000000.00,FINSTAL-5 (FINASTERIDE),,FINSTAL-5 (FINASTERIDE) TABS 5MG X 28,Pharmacy,TABLETS,BLISTER,,2230,,28,14
1007940.00,FINSTAM,,FINSTAM CAPS 4MG X 30 [BLISTER],Pharmacy,CAPSULES,BLISTER,,4200,,30,10
1008963.00,fladipine-retard,Nifedipine,FLADIPINE-RETARD TABS 20MG X 100,Pharmacy,TABLETS,BLISTER,,1450,,100,10
6011480.00,FLAGYL,,FLAGYL TABS 400MG X 100,Pharmacy,TABLETS,BLISTER,,1835,,100,10
6008759.00,flexicam,,FLEXICAM TABS 20MG X 100,Pharmacy,TABLETS,BLISTER,,2485,,100,10
11755.00,FLEXODENE,,FLEXODENE CAPS 20MG X 50,Pharmacy,CAPSULES,BLISTER,,1950,,50,10
1003399.00,FLORANORM,,FLORANORM POWDER 250MG X 10,Pharmacy,POWDER,SACHET,,4600,,10,1
7612800000000.00,FLOTAC,,FLOTAC TABS 75MG X 20,Pharmacy,TABLETS,BLISTER,,2400,,20,10
6012746.00,flowel,,FLOWEL CAPS 0.4MG X 30,Pharmacy,CAPSULES,BLISTER,,2215,,30,10
6013143.00,FLOWEL PLUS,,FLOWEL PLUS TABS  X 30,Pharmacy,TABLETS,BLISTER,,5850,,30,10
1717.00,FLOXAPEN,Flucloxacillin,FLOXAPEN CAPS 250MG X 100,Pharmacy,CAPSULES,BLISTER,,4300,WWCVL (GSK),100,10
8232.00,FLU-J,,FLU-J TABS  X 50,Pharmacy,TABLETS,SACHET,,1200,,50,1
9556100000000.00,flucor DAY,,FLUCOR DAY CAPS  X 20,Pharmacy,CAPSULES,BLISTER,,680,HOVID,20,10
1008965.00,FLUOXETINE(MULTI COY),,FLUOXETINE(MULTI COY) CAPS 20MG X 30,Pharmacy,CAPSULES,BLISTER,,1100,,30,10
5021730000000.00,FLUTAMIIDE,,FLUTAMIDE  250MG TAB  X 84,Pharmacy,TABLETS,BLISTER,,6200,,84,21
8906000000000.00,FLUTEX,,FLUTEX TABS 20MG X 30,Pharmacy,TABLETS,BLISTER,,2100,,30,10
6012605.00,folic acid,,FOLIC ACID (MULTICOY)  TABS  X 1000,Pharmacy,TABLETS,PCS,,600,,1000,1
5891.00,FOLIC ACID,,FOLIC ACID (VITABIOTICS)  TABS  X 1000,Pharmacy,TABLETS,PCS,,800,,1000,1
6013084.00,FOLPIK XL,,FOLPIK XL TABS 10MG X 28,Pharmacy,TABLETS,BLISTER,,1900,,28,14
6013085.00,FOLPIK XL,,FOLPIK XL TABS 5MG X 28,Pharmacy,TABLETS,BLISTER,,1700,,28,14
4009930000000.00,FOR JOINTS(AKTIV),,FOR JOINTS(AKTIV) CAPS  X 30,Pharmacy,CAPSULES,BLISTER,,1900,AGARY PHARMACEUTICALS LIMITED,30,10
8906040000000.00,FORBETIC,,FORBETIC TABS  X 30,Pharmacy,TABLETS,BLISTER,,420,,30,10
8240.00,FORMALDEHYDE 40%VOL(LITRES),,FORMALDEHYDE 40%VOL(LITRES) SOLUTION  X 30,Pharmacy,SOLUTION,BOTTLE,,15000,,30,1
1008773.00,FORMET,,FORMET TABS 500MG X 30,Pharmacy,TABLETS,BLISTER,,525,,30,10
,forxiga,,FORXIGA TABS 10MG X 28,Pharmacy,TABLETS,BLISTER,,15000,,28,7
,forziga(parallel),,FORZIGA(PARALLEL) TABS 10MG X 28,Pharmacy,TABLETS,BLISTER,,14000,,28,14
6011311.00,FOURTS B,,FOURTS B CAPS  X 30,Pharmacy,CAPSULES,BLISTER,,850,,30,10
6166.00,FRALOMIN,Sulfadoxine and Pyrimethamine,FRALOMIN TABS  X 50,Pharmacy,TABLETS,SACHET,,3500,,50,1
1000258.00,FRANOL,Theophylline,FRANOL TABS 120MG X 100,Pharmacy,TABLETS,BLISTER,,1700,WWCVL (SANOFI),100,10
6008846.00,FREMIRIDE,,FREMIRIDE TABS 4MG X 30,Pharmacy,TABLETS,BLISTER,,100,,30,10
8179.00,FRUSAMIDE,,FRUSEMIDE INJ 2ML X 100,Pharmacy,INJECTION (SOLUTION),AMPOULES,,2400,,100,1
252.00,FRUSEMIDE(MULTI COY),,FRUSEMIDE(MULTI COY) TABS 40MG X 100,Pharmacy,TABLETS,BLISTER,,975,THINE FOREVER PHARMACEUTIAL,100,10
6009227.00,furosemide,,FUROSEMIDE (MULTICOY)  INJ  X 100,Pharmacy,INJECTION (POWDER),AMPOULES,,2100,,100,1
5017010000000.00,furosemide,,FUROSEMIDE (TEVA)  TABS 40MG X 28,Pharmacy,TABLETS,BLISTER,,700,,28,14
5017010000000.00,furosemide,,FUROSEMIDE TABS 20MG X 28 {TEVA},Pharmacy,TABLETS,BLISTER,,600,,28,14
1008689.00,G-CLAV,,G-CLAV TABS 1000MG X 14,Pharmacy,TABLETS,BLISTER,,1495,,14,7
1007840.00,G-CLAV X 14,,G-CLAV X 14 TABS 625MG X 14,Pharmacy,TABLETS,BLISTER,,950,,14,7
1007719.00,G-ORAL SALT,,G-ORAL SALT POWDER  X 3,Pharmacy,POWDER,SACHET,,180,,3,1
1007591.00,G-TRYP,,G-TRYP TABS  X 30,Pharmacy,TABLETS,BLISTER,,460,,30,10
5017010000000.00,gabapentin,,GABAPENTIN (MULTICOY)  TABS  X 100,Pharmacy,TABLETS,BLISTER,,5000,,100,10
6010815.00,gabapentin,,GABAPENTIN (TEVA)  TABS  X 100,Pharmacy,TABLETS,BLISTER,,4150,,100,10
6012001.00,GABAPENTIN(MEDREICH),,GABAPENTIN(MEDREICH) (HAB)  TABS 300MG X 100,Pharmacy,TABLETS,BLISTER,,4300,,100,10
6012912.00,GAINMAN 50+,,GAINMAN 50+ TABS  X 30,Pharmacy,TABLETS,BLISTER,,4300,,30,15
6012913.00,GAINWOMAN 50+,,GAINWOMAN 50+ TABS  X 30,Pharmacy,TABLETS,BLISTER,,4150,,30,15
1007406.00,GALVUS MET,,GALVUS MET TABS 50/1000MG X 60,Pharmacy,TABLETS,BLISTER,,12800,,60,10
15312.00,GALVUS MET,,GALVUS MET TABS 50/500MG X 60,Pharmacy,TABLETS,BLISTER,,11424,,60,10
1007805.00,GALVUS PLAIN,,GALVUS PLAIN TABS 50MG X 28,Pharmacy,TABLETS,BLISTER,,5388,,28,14
1007662.00,GAPRIL,Lisinopril,GAPRIL TABS 10MG X 28,Pharmacy,TABLETS,BLISTER,,390,,28,14
1007663.00,GAPRIL,Lisinopril,GAPRIL TABS 5MG X 28,Pharmacy,TABLETS,BLISTER,,360,,28,14
6013055.00,garlic,,GARLIC (GLACK)  CAPS  X 100,Pharmacy,CAPSULES,BLISTER,,650,,100,10
8908000000000.00,garlic,,GARLIC CAPS  X 100 {CLARION},Pharmacy,CAPSULES,SACHET,,900,,100,10
14897.00,GARLIC,,GARLIC CAPS  X 30,Pharmacy,CAPSULES,BLISTER,,400,,30,10
,garlic oil,,GARLIC OIL (NKOYO)  CAPS 250MG X 100,Pharmacy,CAPSULES,BLISTER,,350,NKOYO PHARM LTD,100,10
,garlic oil(emzor),,GARLIC OIL(EMZOR) SOFTGEL 650MG X 30,Pharmacy,SOFTGEL,BLISTER,,700,EMZOR PHARMACEUTICAL INDUSTRIES,30,15
,garlic(embassy),,GARLIC(EMBASSY) CAPS  X 100,Pharmacy,CAPSULES,SACHET,,650,EMBASSY PHARMCEUTICAL AND CHEM. LTD,100,10
,gastrosam,,GASTROSAM CAPS  X 42,Pharmacy,CAPSULES,BLISTER,,3600,,42,6
1007965.00,GEBEDOL FORTE,,GEBEDOL FORTE TABS  X 60,Pharmacy,TABLETS,PACK,,1170,,60,6
8356.00,Gelovit,,GELOVIT CAPS  X 30,Pharmacy,CAPSULES,BLISTER,,200,,30,15
11936.00,GELOVIT FORTE,,GELOVIT FORTE CAPS  X 30,Pharmacy,CAPSULES,BLISTER,,250,,30,15
7517.00,Gentalek,Gentamicin,GENTALEK INJ 80MG 2ML,Pharmacy,INJECTION (POWDER),AMPOULES,,12500,,50,2ML
5376.00,GENTAMYCIN,Gentamicin,GENTAMYCIN 280MG/2ML INJ X 100,Pharmacy,INJECTION (SOLUTION),AMPOULES,,1,,100,1
1788.00,GENTAMYCIN,Gentamicin,GENTAMYCIN INJ 80MG 2ML,Pharmacy,INJECTION (SOLUTION),AMPOULES,,2100,,100,2ML
6013480.00,GERDICID,,GERDICID TABS  X 50,Pharmacy,TABLETS,BLISTER,,4250,EXPHARLAB LIMITED,50,1
8904010000000.00,GERICARE X 30,,GERICARE X 30 CAPS  X 30,Pharmacy,CAPSULES,BLISTER,,10200,,30,10
8901300000000.00,GESTID,Alumina and Simethicone,GESTID TABS  X 20,Pharmacy,TABLETS,FOIL STRIP,,280,,20,10
1008780.00,GESTIN TAB,,GESTIN TAB   X 20,Pharmacy,,BLISTER,,205,,20,10
8806450000000.00,GESTOMIL,,GESTOMIL CAPS  X 20,Pharmacy,CAPSULES,BLISTER,,1210,,20,10
6012554.00,GETRYL,,GETRYL TABS 2MG X 30,Pharmacy,TABLETS,BLISTER,,760,,30,10
6012555.00,GETRYL,Glimepiride,GETRYL TABS 3MG X 20,Pharmacy,TABLETS,BLISTER,,990,,20,10
6013234.00,GETRYL,,GETRYL TABS 4MG X 30,Pharmacy,TABLETS,BLISTER,,1100,,30,10
6010674.00,GETZOME,,GETZOME POWDER 20MG X 10,Pharmacy,POWDER,SACHET,,1070,,10,1
1007882.00,GG COLD,,GG COLD TABS  X 100,Pharmacy,TABLETS,BLISTER,,530,GENEITH PHARM. LIMITED,100,10
6012773.00,gilanox,,GILANOX TABS 500MG/25MG X 150,Pharmacy,TABLETS,PACK,,3150,,150,3
6012269.00,GIMET,,GIMET TABS 250MG X 100,Pharmacy,TABLETS,BLISTER,,1500,,100,10
8935020000000.00,GINCAN,,GINCAN CAPS  X 30,Pharmacy,CAPSULES,BLISTER,,1455,,30,10
6010939.00,GINOFORCE MULTIVITAMIN,,GINOFORCE MULTIVITAMIN CAPS  X 30,Pharmacy,CAPSULES,BLISTER,,300,,30,15
6008921.00,ginovera,,GINOVERA CAPS  X 30,Pharmacy,CAPSULES,BLISTER,,350,,30,15
11782.00,GINS-UP MULTIVITAMINE,,GINS-UP MULTIVITAMINE CAPS  X 30,Pharmacy,CAPSULES,BLISTER,,320,,30,15
8850770000000.00,Ginsomin,,GINSOMIN CAPS  X 30,Pharmacy,CAPSULES,BLISTER,,2100,,30,10
8850770000000.00,GINSOMIN EVE,,GINSOMIN EVE TABS  X 30,Pharmacy,TABLETS,BLISTER,,3400,,30,10
8906040000000.00,GINSOMULT,,GINSOMULT CAPS  X 30,Pharmacy,CAPSULES,BLISTER,,295,AWARD GLOBAL COMPANY LTD.,30,15
11542.00,GINSTAR MULTIVITAMIN,,GINSTAR MULTIVITAMIN CAPS  X 30,Pharmacy,CAPSULES,BLISTER,,440,,30,15
8906000000000.00,GINTONE MULTIVITAMIN,,GINTONE MULTIVITAMIN CAPS  X 30,Pharmacy,CAPSULES,BLISTER,,280,,30,15
14805.00,GIVING SET,,GIVING SET   X 50,Pharmacy,,SACHET,,4000,,50,1
,GIVING SET(BSMITH),,GIVING SET(BSMITH)   X 25,Pharmacy,,PCS,,1900,BLUE SUMMITH HEALTHCARE LTD,25,1
1000225.00,Glanil,Glibenclamide,GLANIL TABS 5MG X 100,Pharmacy,TABLETS,BLISTER,,910,NIGERIAN GERMAN CHEMICALS,100,10
,glasodex,Bicalutamide,GLASODEX TABS 50MG X 30,Pharmacy,TABLETS,BLISTER,,7500,GLOBAL HEALTHCARE LTD,30,10
6012503.00,GlEPID,,GLEPID TABS 2MG X 30,Pharmacy,TABLETS,BLISTER,,1300,,30,10
,gliclazide,,GLICLAZIDE (TEVA)  TABS 80MG X 28,Pharmacy,TABLETS,BLISTER,,950,,28,14
5012730000000.00,gliclazide,,GLICLAZIDE (VIXA)  TABS 80MG X 60,Pharmacy,TABLETS,BLISTER,,495,,60,10
6012620.00,GLIPITA-M,,GLIPITA-M TABS 50MG/1000MG X 30,Pharmacy,TABLETS,BLISTER,,2450,,30,10
,GLO COD LIVER OIL,Cod Liver Oil,GLO COD LIVER OIL CAPS 1000MG X 30,Pharmacy,CAPSULES,BLISTER,,450,GOLD MOORE INTERNATIONAL LTD.,30,15
6347.00,GLO COD LIVER OIL,,GLO COD LIVER OIL CAPS 300mg X 30,Pharmacy,CAPSULES,BLISTER,,195,,30,15
12123.00,GLO SENG MULTIVITAMIN,,GLO SENG MULTIVITAMIN CAPS  X 30,Pharmacy,CAPSULES,BLISTER,,235,,30,15
,glotol,,GLOTOL LOZENGES  X 216,Pharmacy,LOZENGES,BLISTER,,1300,,216,6
6009296.00,gluben,,GLUBEN TABS 5MG X 100,Pharmacy,TABLETS,BLISTER,,780,,100,10
1008711.00,GLUCO-C,,GLUCO-C  200MG X 24,Pharmacy,,SACHET,,40,E-GLOBA PHARMACEUTICAL LTD (GMBH),24,1
6012799.00,GlUCODIX ER,,GLUCODIX ER TABS 1000MG X 100,Pharmacy,TABLETS,BLISTER,,4400,,100,10
6012333.00,GlUCODIX ER,,GLUCODIX ER TABS 500MG X 100,Pharmacy,TABLETS,BLISTER,,2100,,100,10
,glucodix,,GLUCODIX TABS 500MG X 100,Pharmacy,TABLETS,BLISTER,,850,CODIX PHARMA LIMITED,100,10
8906040000000.00,gluconorm,,GLUCONORM TABS 1G X 100,Pharmacy,TABLETS,BLISTER,,3900,ZOLON HEALTHCARE LIMITED,100,10
6009352.00,gluconorm,,GLUCONORM TABS 500MG X 100,Pharmacy,TABLETS,BLISTER,,2900,,100,10
1001208.00,Glucophage,Metformin,GLUCOPHAGE (MERCK)  TABS 500MG X 84,Pharmacy,TABLETS,SACHET,,5000,,84,21
1001194.00,Glucophage,Metformin,GLUCOPHAGE TABS 1000MG X 30,Pharmacy,TABLETS,BLISTER,,2510,,30,15
6012823.00,Glucophage,,GLUCOPHAGE TABS 850MG X 30,Pharmacy,TABLETS,BLISTER,,1650,,30,15
,glucophage XR,,GLUCOPHAGE XR TABS 1000MG X 30,Pharmacy,TABLETS,BLISTER,,3000,WWCVL (MERCK),30,10
,glucophage(merck),,GLUCOPHAGE(MERCK) TABS 500MG X 30,Pharmacy,TABLETS,BLISTER,,1560,WWCVL (MERCK),30,15
,Glucophage(parallel),,GLUCOPHAGE(PARALLEL) TABS 1000MG X 100,Pharmacy,TABLETS,BLISTER,,7000,,100,10
8082.00,GLUCOSE,,GLUCOSE TABS  X 50 {PAPILOLLON`S},Pharmacy,TABLETS,SACHET,,2100,,50,6
8904030000000.00,glucose-d(GREENLIFE),,GLUCOSE-D(GREENLIFE)   X 34,Pharmacy,,JAR,,4080,,34,1
3596540000000.00,GLUCOVANCE 500MG/5MG,,GLUCOVANCE 500MG/5MG TABS  X 30,Pharmacy,TABLETS,SACHET,,3300,,30,15
3596540000000.00,GLUCOVANCE,,GLUCOVANCE TABS 500/2.5MG X 30,Pharmacy,TABLETS,BLISTER,,3200,,30,15
6156000000000.00,GLUFORMIN,,GLUFORMIN TABS 500MG X 100,Pharmacy,TABLETS,BLISTER,,1040,,100,10
6010172.00,go cold,,GO COLD TABS  X 100,Pharmacy,TABLETS,BLISTER,,6250,,100,10
6009650000000.00,GO MAN,,GO MAN TABS  X 60,Pharmacy,TABLETS,JAR,,1780,,60,1
10734.00,GOGNITOL,,GOGNITOL TABS  X 30,Pharmacy,TABLETS,BLISTER,,1495,,30,10
1000924.00,GOMAXINE,,GOMAXINE TABS  X 50,Pharmacy,TABLETS,PACK,,8000,,50,1
6013200.00,gombefenac,,GOMBEFENAC TABS  X 100,Pharmacy,TABLETS,BLISTER,,400,,100,10
7735.00,GOYA COD LIVER OIL,,GOYA COD LIVER OIL CAPS 1000MG X 30,Pharmacy,CAPSULES,BLISTER,,995,,30,15
8338.00,GR-1000 MULTIVITAMIN,,GR-1000 MULTIVITAMIN CAPS  X 30,Pharmacy,CAPSULES,BLISTER,,630,,30,15
6012565.00,GREENTOL,,GREENTOL TABS  X 216,Pharmacy,TABLETS,BLISTER,,1800,,216,6
4009930000000.00,HAEMO VITAL(AKTIV),,HAEMO VITAL(AKTIV) TABS  X 30,Pharmacy,TABLETS,BLISTER,,1000,AGARY PHARMACEUTICALS LIMITED,30,10
6156000000000.00,haepler,,HAEPLER CAPS  X 30,Pharmacy,CAPSULES,BLISTER,,875,,30,10
6011991.00,HALDOL,,HALDOL INJ 5MG 1ML,Pharmacy,INJECTION (SOLUTION),AMPOULES,,3000,,5,1ML
1008974.00,haloperidol 10MG,,HALOPERIDOL 10MG TABS  X 1000,Pharmacy,TABLETS,PCS,,9500,,1000,1
1001279.00,haloperidol,Haloperidol Lactate,HALOPERIDOL TABS 5MG X 1000 {UNBRAN},Pharmacy,TABLETS,PCS,,6500,,1000,1
9944.00,HARTMANS,,HARTMANS (DANA)  INFUSION 500ML X 20,Pharmacy,INFUSION,BOTTLE,,150,,20,500ML
6011583.00,HB 12 PLUS,,HB 12 PLUS CAPS  X 30,Pharmacy,CAPSULES,BLISTER,,1400,,30,10
6011690.00,healthy you men(blister),,HEALTHY YOU MEN(BLISTER)   X 100,Pharmacy,,BLISTER,,4350,,100,10
6011688.00,healthy you women (blister),,HEALTHY YOU WOMEN (BLISTER)   X 100,Pharmacy,,BLISTER,,4600,,100,10
,HEMOFORCE PLUS (SHALINA),,HEMOFORCE PLUS (SHALINA) CAPS  X 30,Pharmacy,CAPSULES,BLISTER,,750,SHALINA HEALTHCARE NIGERIA LTD,30,10
9069.00,HEPATITIS B VACCINE,,HEPATITIS B VACCINE INJ 100G/5ML X 10,Pharmacy,INJECTION (SOLUTION),VIALS,,510000,,10,1
,hepatitis c test strip,,HEPATITIS C TEST STRIP   X 50,Pharmacy,,PCS,,5000,WOODLAWN PHARM LTD,50,1
6013015.00,HEROFEN,,HEROFEN TABS  X 240,Pharmacy,TABLETS,BLISTER,,800,,240,12
,HETQUENIL-200,Hydroxychloroquine,HETQUENIL-200 TABS 200MG X 100,Pharmacy,TABLETS,BLISTER,,15000,EXCEL CHARIS PHARM CHEMICAL LTD,100,10
6012571.00,HICLODOPA,,HICLODOPA TABS 250MG X 100,Pharmacy,TABLETS,BLISTER,,1600,,100,10
6012092.00,HICLOGESIC,,HICLOGESIC TABS  X 100,Pharmacy,TABLETS,BLISTER,,1500,,100,10
6012505.00,HIDRASEC(CHILDREN),,HIDRASEC(CHILDREN) POWDER 30MG X 30,Pharmacy,POWDER,SACHET,,3700,,30,1
6012504.00,HIDRASEC(INFANT),,HIDRASEC(INFANT) POWDER  X 16,Pharmacy,POWDER,SACHET,,3650,,16,1
15226.00,HISMAL (loratidine),,HISMAL (LORATIDINE) TABS 10MG X 100,Pharmacy,TABLETS,BLISTER,,1500,,100,10
,HITFENAC,Diclofenac,HITFENAC TABS 50MG X 240,Pharmacy,TABLETS,PACK,,1400,GREAT LIFE ENTERPRISES,240,12
7971.00,HIV KIT,,HIV KIT   X 25,Pharmacy,,SACHET,,17500,,25,1
UHOB01,HOBETIC,,HOBETIC TABS  X 30,Pharmacy,TABLETS,BLISTER,,2155,HOVID,30,10
uhos12,HOSTAN,Mefenamic Acid,HOSTAN  250MG CAP X 100,Pharmacy,CAPSULES,BLISTER,,2300,,100,10
10983.00,HYALURONIDASE (HYNIDOLSE),,HYALURONIDASE (HYNIDOLSE) INJ 1500IU X 10,Pharmacy,INJECTION (SOLUTION),AMPOULES,,16670,,10,1
6156000000000.00,HYDREX,Hydrochlorothiazide,HYDREX TABS 25MG X 100,Pharmacy,TABLETS,BLISTER,,930,,100,10
8806040000000.00,hydrine,,HYDRINE CAPS 500MG X 100,Pharmacy,CAPSULES,BLISTER,,6300,ALPHA PHARMACY & STORES NIG.,100,10
6008764.00,HYDROCHLOROTHIAZIDE,,HYDROCHLOROTHIAZIDE TABS 25MG X 30 {DRUGFIELD},Pharmacy,TABLETS,BLISTER,,500,,30,10
1004455.00,HYDROCORTISONE(UNBRANDED),,HYDROCORTISONE(UNBRANDED) INJ  X 10,Pharmacy,INJECTION (POWDER),VIALS,,1200,,10,1
11201.00,Hydrogen Peroxide X 12,,HYDROGEN PEROXIDE X 12   2 LIT {APPACO},Pharmacy,,BOTTLE,,450,,12,2 LIT
6009161.00,hyosine,,HYOSINE TABS  X 100,Pharmacy,TABLETS,BLISTER,,1200,,100,10
6008976.00,hypercor,,HYPERCOR TABS 10MG X 100,Pharmacy,TABLETS,BLISTER,,2100,,100,10
6008975.00,hypercor,,HYPERCOR TABS 5MG X 100,Pharmacy,TABLETS,BLISTER,,1600,,100,10
,HYPNOX,,HYPNOX TABS 1MG X 30,Pharmacy,TABLETS,BLISTER,,1800,,30,10
1003153.00,hyporetic,,HYPORETIC TABS 100/25MG X 28,Pharmacy,TABLETS,BLISTER,,1350,,28,14
8901040000000.00,IBEX,Paracetamol\Ibuprofen\Caffeine,IBEX CAPS  X 24,Pharmacy,CAPSULES,BLISTER,,365,,24,12
8902290000000.00,Ibucap,Ibuprofen,IBUCAP CAPS  X 20,Pharmacy,CAPSULES,BLISTER,,2550,,20,1
6012102.00,IBUCAP COLD AND FLU,,IBUCAP COLD AND FLU CAPS  X 25,Pharmacy,CAPSULES,BLISTER,,1680,,25,1
8902290000000.00,IBUCAP FORTE,,IBUCAP FORTE CAPS  X 200,Pharmacy,CAPSULES,PACK,,3700,SHALINA HEALTHCARE NIGERIA LTD,200,10
6012441.00,IBUCEF,,IBUCEF TABS  X 200,Pharmacy,TABLETS,PACK,,1450,,200,10
9262.00,IBUDEX,,IBUDEX  400MG TAB  X 100,Pharmacy,TABLETS,BLISTER,,1640,,100,10
6009356.00,ibuga-h3,,IBUGA-H3 TABS  X 30,Pharmacy,TABLETS,FOIL STRIP,,500,,30,10
10430.00,ibulab,,IBULAB  200MG TAB  X 50,Pharmacy,TABLETS,PACK,,1400,,50,1
6013088.00,IBUPROFEN,,IBUPROFEN (FLAMINGO)  TABS 400MG X 84,Pharmacy,TABLETS,BLISTER,,1300,,84,12
,ibuprofen dispersible(nhp),,IBUPROFEN DISPERSIBLE(NHP) TABS 200MG X 20,Pharmacy,TABLETS,BLISTER,,2050,"NEW HEIGHTS PHARMA, LTD.",20,10
1007864.00,IBUTEN,,IBUTEN TABS 200MG X 200,Pharmacy,TABLETS,PACK,,980,,200,20
1007863.00,IBUTEN,,IBUTEN TABS 400MG X 500,Pharmacy,TABLETS,PACK,,3950,,500,10
6013013.00,ICEFENAC PLUS,,ICEFENAC PLUS TABS  X 100,Pharmacy,TABLETS,BLISTER,,700,,100,10
6009297.00,ideos,,IDEOS TABS 500MG/400IU X 30,Pharmacy,TABLETS,BLISTER,,2350,,30,15
5021270000000.00,IMMUNACE(UK),,IMMUNACE(UK) CAPS  X 30,Pharmacy,CAPSULES,BLISTER,,3400,,30,15
8904010000000.00,IMMUNAL,,IMMUNAL TABS  X 30 {INDIA},Pharmacy,TABLETS,BLISTER,,2300,,30,15
6013043.00,immunboost energy drink,,IMMUNBOOST ENERGY DRINK   X 100,Pharmacy,,SACHET,,750,,100,10
6012904.00,immunboost(vit c) sachet,,IMMUNBOOST(VIT C) SACHET TABS  X 100,Pharmacy,TABLETS,BLISTER,,2190,,100,10
,IMMUNE DEFENCE,,IMMUNE DEFENCE TABS  X 100,Pharmacy,TABLETS,BLISTER,,9600,SYLKEN LIMITED,100,10
332032.00,\,,IMMUNOCAL POWDER 10G X 5,Pharmacy,POWDER,SACHET,,6250,,5,1
8906020000000.00,INDCLAV,,INDCLAV TABS 625MG X 14,Pharmacy,TABLETS,BLISTER,,715,,14,7
5000460000000.00,INDERAL,Propranolol,INDERAL TABS 40MG X 50 {ASTRAZENICA},Pharmacy,TABLETS,PCS,,3700,WWCVL (ASTRAZENICA),50,1
,INDERAL(BLISTER PACK),,INDERAL(BLISTER PACK) TABS 40MG X 50,Pharmacy,TABLETS,BLISTER,,4000,,50,10
,INDICONTIN,,INDICONTIN TABS 1.5MG X 100,Pharmacy,TABLETS,BLISTER,,7000,,100,10
8904190000000.00,INDOCID,Indomethacin,INDOCID CAPS 25MG X 100,Pharmacy,CAPSULES,BLISTER,,500,,100,10
8022.00,INH,Isoniazid,INH TABS 100MG X 1000,Pharmacy,TABLETS,PCS,,5040,,1000,1
8906060000000.00,INH,Isoniazid,INH TABS 300MG X 1000,Pharmacy,TABLETS,PCS,,4050,,1000,1
14886.00,INSTACLOP (CLOPIDOGREL),,INSTACLOP (CLOPIDOGREL) TABS 75MG X 30,Pharmacy,TABLETS,BLISTER,,1600,,30,10
6008840.00,INSTACLOP PLUS,,INSTACLOP PLUS TABS 75MG X 30,Pharmacy,TABLETS,BLISTER,,1765,,30,10
694838000000.00,INSULIN SYRINGE 100UNITS,,INSULIN SYRINGE 100UNITS   X 100,Pharmacy,,SACHET,,3900,,100,1
5996.00,INSULIN SYRINGE 40UNITS,,INSULIN SYRINGE 40UNITS   X 100,Pharmacy,,SACHET,,4165,,100,1
6013263.00,INSUPEN NEEDLE,,INSUPEN NEEDLE  30G X 100,Pharmacy,,PCS,,10000,,100,1
6009490.00,IPAC,,IPAC TABS  X 100,Pharmacy,TABLETS,PACK,,900,,100,10
6009509.00,IRON SUCROSE,,IRON SUCROSE (MULTICOY)  INJ 5ML X 5,Pharmacy,INJECTION (POWDER),VIALS,,4500,,5,1
6010867.00,itracap,,ITRACAP CAPS 100MG X 30,Pharmacy,CAPSULES,BLISTER,,3500,,30,10
14947.00,IZOLE,Itraconazole,IZOLE CAPS 100MG X 28,Pharmacy,CAPSULES,BLISTER,,6700,,28,4
6012884.00,IZVITE,,IZVITE SOFTGEL  X 30,Pharmacy,SOFTGEL,BLISTER,,195,,30,15
,JaRDIANCE,,JARDIANCE TABS 10MG X 30,Pharmacy,TABLETS,BLISTER,,17500,,30,10
1008617.00,jawaron,,JAWARON CAPLET  X 120,Pharmacy,CAPLET,BLISTER,,2650,,120,10
6011239.00,jeonol,,JEONOL TABS  X 100,Pharmacy,TABLETS,BLISTER,,700,,100,10
6012769.00,jetfenac,,JETFENAC TABS 50MG X 100,Pharmacy,TABLETS,BLISTER,,680,,100,10
6010793.00,JINCOLD,,JINCOLD CAPS  X 100,Pharmacy,CAPSULES,BLISTER,,280,,100,10
6010746.00,jinfenac,,JINFENAC TABS 50MG X 240,Pharmacy,TABLETS,PACK,,750,,240,12
1001458.00,JoBELYN,,JOBELYN CAPS 250MG X 100,Pharmacy,CAPSULES,SACHET,,7700,,100,10
6009223.00,joint renew advance(n/f),,JOINT RENEW ADVANCE(N/F)   X 60,Pharmacy,,PCS,,6155,,60,1
733739000000.00,JOINT RENEW,,JOINT RENEW CAPS  X 90,Pharmacy,CAPSULES,PCS,,7000,,90,1
6010297.00,joint renew(nature field),,JOINT RENEW(NATURE FIELD)   X 100,Pharmacy,,BLISTER,,12370,,100,10
5021270000000.00,JOINTACE collagen,,JOINTACE COLLAGEN TABS  X 30,Pharmacy,TABLETS,BLISTER,,2800,,30,15
12127.00,JOINTCARE UK,,JOINTCARE(UK) CAPS  X 30,Pharmacy,CAPSULES,PACK,,1450,,30,1
6013404.00,JOINTLUBE,,JOINTLUBE TABS  X 30,Pharmacy,TABLETS,BLISTER,,2900,,30,15
6010802.00,joltan plus,,JOLTAN PLUS TABS 160/25MG X 28,Pharmacy,TABLETS,BLISTER,,3400,,28,7
6009506.00,joltan plus,,JOLTAN PLUS TABS 80/12.5MG X 28,Pharmacy,TABLETS,BLISTER,,3340,,28,7
6010319.00,joltan,,JOLTAN TABS 160MG X 30,Pharmacy,TABLETS,BLISTER,,3800,,30,10
6011133.00,joltan,,JOLTAN TABS 80MG X 28,Pharmacy,TABLETS,BLISTER,,3085,,28,7
1007886.00,JONES CONDOM,,JONES CONDOM   X 24,Pharmacy,,PACK,,1690,ELBE PHARMA NIG LTD,24,1
6012560.00,JUBUCAP,,JUBUCAP CAPLET  X 100,Pharmacy,CAPLET,BLISTER,,650,,100,10
6010647.00,JuCOPAN,,JUCOPAN TABS  X 100,Pharmacy,TABLETS,BLISTER,,1200,,100,10
1007878.00,JUNOLOL,,JUNOLOL TABS 40MG X 100,Pharmacy,TABLETS,BLISTER,,985,JUHEL (NIGERIA) LIMITED,100,10
15326.00,JURETIC,,JURETIC TABS  X 100,Pharmacy,TABLETS,BLISTER,,960,,100,10
1007933.00,JuXOTAN,,JUXOTAN TABS 3MG X 100,Pharmacy,TABLETS,BLISTER,,800,,100,10
6013469.00,KADPHAGE,,KADPHAGE TABS  X 30,Pharmacy,TABLETS,SACHET,,1250,,30,10
6010869.00,kamazipine,,KAMAZIPINE TABS 200MG X 1000,Pharmacy,TABLETS,PCS,,13500,,1000,1
15066.00,karaole,,KARAOLE POWDER  X 100,Pharmacy,POWDER,PACK,,5510,TUYIL PHARMACEUTICAL INDUSTRIES LTD.,100,10
1008484.00,KEFABOL,,KEFABOL TABS 5MG X 30,Pharmacy,TABLETS,BLISTER,,1775,,30,10
5012710000000.00,KENALOG,Triamcinolone Acetonide,KENALOG INJ 40MG X 5,Pharmacy,INJECTION (SOLUTION),VIALS,,7500,,5,1
1007524.00,KEPPRA,,KEPPRA TABS 250MG X 60,Pharmacy,TABLETS,BLISTER,,3995,WWCVL (GSK),60,10
1007525.00,KEPPRA,,KEPPRA TABS 500MG X 60,Pharmacy,TABLETS,BLISTER,,6800,WWCVL (GSK),60,10
,KESPRID,Esomeprazole,KESPRID TABS 40+20MG X 30,Pharmacy,TABLETS,BLISTER,,1450,KAYHELT PHARMA LTD,30,10
,KETESSE,,KETESSE TABS 25MG X 20,Pharmacy,TABLETS,BLISTER,,3600,PHILLIPS PHARMACEUTICALS (NIGERIA) LIMITED,20,10
UKET18,KETOCONAZOLE (HOVID),,KETOCONAZOLE (HOVID) TABS 200MG X 100,Pharmacy,TABLETS,BLISTER,,5875,HOVID,100,10
14969.00,KETOCONAZOLE (MULTICOY),,KETOCONAZOLE (MULTICOY) TABS  X 100,Pharmacy,TABLETS,BLISTER,,2500,,100,10
6012599.00,KETOFEN,,KETOFEN TABS 100MG X 100,Pharmacy,TABLETS,BLISTER,,300,,100,10
1001531.00,KETOFUNG,,KETOFUNG TABS 200MG X 30,Pharmacy,TABLETS,BLISTER,,1420,DRUGFIELD PHARMACEUTICALS LIMITED,30,10
1002748.00,KETOVAIL,,KETOVAIL CAPS 200MG X 140,Pharmacy,CAPSULES,BLISTER,,8370,,140,7
6011147.00,KETOVAIL,,KETOVAIL TABS  X 14,Pharmacy,TABLETS,BLISTER,,820,,14,7
8902290000000.00,KIFARU,,KIFARU TABS 50MG X 50,Pharmacy,TABLETS,PACK,,4455,,50,1
6012356.00,KIPTRACK STRIP,,KIPTRACK STRIP   X 50,Pharmacy,,PCS,,4900,,50,25
6009216.00,kiss condom,,KISS CONDOM   X 36,Pharmacy,,SACHET,,3100,,36,1
,KLYDIDAX,Acetazolamide,KLYDIDAX TABS 250MG X 30,Pharmacy,TABLETS,BLISTER,,900,OUR LORD'S MEDIC'S,30,10
6008877.00,KOLD TIME,,KOLD TIME TABS  X 50,Pharmacy,TABLETS,PACK,,4850,,50,1
6009489.00,KOLDBLAST,,KOLDBLAST TABS  X 100,Pharmacy,TABLETS,PACK,,985,,100,4
1001044.00,KOTASE,,KOTASE TABS 40MG X 100,Pharmacy,TABLETS,BLISTER,,4510,,100,10
8158.00,KUF RELIEF,,KUF RELIEF TABS  X 100,Pharmacy,TABLETS,SACHET,,1300,,100,4
8906050000000.00,LABDIC RELIEF,,LABDIC RELIEF TABS  X 200,Pharmacy,TABLETS,SACHET,,3675,,200,4
1003371.00,labet,Labetalol,LABET TABS 200MG X 30,Pharmacy,TABLETS,BLISTER,,4500,,30,10
6009225.00,labetalol,,LABETALOL (MULTICOY)  TABS 200MG X 30,Pharmacy,TABLETS,BLISTER,,3200,,30,10
6011935.00,LABOCOF EXTRA,,LABOCOF EXTRA TABS  X 100,Pharmacy,TABLETS,BLISTER,,710,,100,4
11596.00,LABOCOF,,LABOCOF TABS  X 100,Pharmacy,TABLETS,SACHET,,745,,100,4
6010731.00,laclox,,LACLOX TABS  X 20,Pharmacy,TABLETS,BLISTER,,345,,20,10
6009292.00,laclox,,LACLOX TABS 500MG X 100,Pharmacy,TABLETS,BLISTER,,1950,,100,10
,LAMOTRGINE(MILPHARM),,LAMOTRGINE(MILPHARM) TABS 50MG X 56,Pharmacy,TABLETS,BLISTER,,4200,,56,7
6012728.00,LAMOTRIGINE,,LAMOTRIGINE TABS 100MG X 56 {MILPHARM},Pharmacy,TABLETS,BLISTER,,5000,,56,7
6011341.00,LAMOTRIGINE(TEVA),,LAMOTRIGINE(TEVA) TABS 100MG X 56,Pharmacy,TABLETS,BLISTER,,5000,,56,14
6011026.00,LAMOTRIGINE(TEVA),,LAMOTRIGINE(TEVA) TABS 50MG X 56,Pharmacy,TABLETS,BLISTER,,4100,,56,14
10673.00,LAMOX,,LAMOX  500MG  CAP X 100,Pharmacy,CAPSULES,BLISTER,,1375,,100,10
1002247.00,LAMOX,,LAMOX  500MG CAP  X 20,Pharmacy,CAPSULES,BLISTER,,665,,20,10
6009255.00,lantus solostar,,LANTUS SOLOSTAR INJ 300IU X 5,Pharmacy,INJECTION (POWDER),AMPOULES,,20078,,5,1
6273.00,LAPAIN,,LAPAIN CAPS  X 100,Pharmacy,CAPSULES,BLISTER,,700,,100,10
10215.00,LARETIC,,LARETIC  100/25MG TABS X 30,Pharmacy,TABLETS,BLISTER,,700,,30,10
8901080000000.00,LARIDOX,,LARIDOX TABS  X 150,Pharmacy,TABLETS,SACHET,LOW-CEILING DIURETICS,8290,DIVINE CHENIC NIG LTD,150,3
,laxgo med,,LAXGO MED POWDER 40G X 20,Pharmacy,POWDER,BLISTER,,3000,,20,1
9041.00,LAXIS,,LAXIS TABS 40MG X 250 {APHANTIX},Pharmacy,TABLETS,FOIL STRIP,,1100,,250,10
6012678.00,LDNIL,Rosuvastatin,LDNIL TABS 10MG X 30,Pharmacy,TABLETS,BLISTER,,3600,,30,10
6012944.00,LDNIL,,LDNIL TABS 20MG X 30,Pharmacy,TABLETS,BLISTER,,5200,,30,10
6012679.00,LDNIL,Rosuvastatin,LDNIL TABS 5MG X 30,Pharmacy,TABLETS,BLISTER,,2310,,30,10
6012585.00,LEBAL,,LEBAL TABS 500MG X 14,Pharmacy,TABLETS,SACHET,,420,,14,7
,LEKAM,,LEKAM TABS 1.5MG X 30,Pharmacy,TABLETS,BLISTER,,580,TAYLEK DRUGS COMPANY LTD,30,10
15300.00,LEPONEX,Clozapine,LEPONEX TABS 100MG X 100,Pharmacy,TABLETS,BLISTER,,11000,WWCVL (NOVARTIS),100,10
1007747.00,leramide,,LERAMIDE CAPS  X 100,Pharmacy,CAPSULES,BLISTER,,1320,,100,10
6012165.00,LETROZOLE,,LETROZOLE (MULTICOY)  TABS 2.5MG X 28,Pharmacy,TABLETS,BLISTER,,2300,,28,14
6011160.00,LEVEMIR FLEXPEN,,LEVEMIR FLEXPEN INJ 3ML X 5,Pharmacy,INJECTION (POWDER),VIALS,,15500,WWCVL (NOVO),5,1
6012673.00,LEVOTHYROXINE,,LEVOTHYROXINE (MULTICHRIS)  TABS 100MG X 28,Pharmacy,TABLETS,BLISTER,,1150,,28,14
6012672.00,LEVOTHYROXINE,,LEVOTHYROXINE (MULTICHRIS)  TABS 50MG X 28,Pharmacy,TABLETS,BLISTER,,680,,28,14
5021690000000.00,LEVOTHYROXINE,Levothyroxine,LEVOTHYROXINE TABS 50MCG X 28 [ENGLAND],Pharmacy,TABLETS,BLISTER,,1100,,28,14
6009069.00,LEXOTAN,,LEXOTAN TABS 1.5MG X 100,Pharmacy,TABLETS,PCS,,4590,,100,1
1009094.00,LEXOTAN,,LEXOTAN TABS 1.5MG X 30,Pharmacy,TABLETS,BLISTER,,515,,30,10
7640130000000.00,LEXOTAN,,LEXOTAN TABS 3MG X 100,Pharmacy,TABLETS,PCS,,2750,,100,1
8906030000000.00,LIFACE 5MG,Ramipril,LIFACE 5MG TABS  X 30,Pharmacy,TABLETS,BLISTER,,600,,30,10
8906030000000.00,LIFACE,Ramipril,LIFACE TABS 2.5MG X 30,Pharmacy,TABLETS,BLISTER,,480,,30,10
15106.00,lifeprone,Cyproheptadine,LIFEPRONE TABS  X 30,Pharmacy,TABLETS,BLISTER,,430,,30,10
6011931.00,LIFLOXIN,,LIFLOXIN TABS  X 150,Pharmacy,TABLETS,BLISTER,,3010,,150,3
8904080000000.00,LIGABA,,LIGABA TABS 75MG X 30,Pharmacy,TABLETS,BLISTER,,3200,,30,10
6012885.00,LINAJEN,,LINAJEN TABS 5MG X 30,Pharmacy,TABLETS,BLISTER,,5550,,30,10
1007983.00,LINEX,,LINEX CAPS  X 16,Pharmacy,CAPSULES,BLISTER,,850,,16,8
,LIPIDUCE(HOVID),Atorvastatin,LIPIDUCE(HOVID) TABS 10MG X 30,Pharmacy,TABLETS,BLISTER,,1955,PHAMATEX NIG. LTD.,30,10
,lipiduce(hovid),,LIPIDUCE(HOVID) TABS 20MG X 30,Pharmacy,TABLETS,BLISTER,,2450,PHAMATEX NIG. LTD.,30,3
6013339.00,LIPIROS,,LIPIROS TABS 10MG X 30,Pharmacy,TABLETS,BLISTER,,1500,,30,10
1000870.00,lipitor,Atorvastatin,LIPITOR TABS 10MG X 30,Pharmacy,TABLETS,BLISTER,,6095,WWCVL (PFIZER),30,10
1000986.00,lipitor,Atorvastatin,LIPITOR TABS 20MG X 30,Pharmacy,TABLETS,BLISTER,,6200,WWCVL (PFIZER),30,10
6009131.00,lipitor,,LIPITOR TABS 40MG X 30,Pharmacy,TABLETS,BLISTER,,6500,,30,10
8934570000000.00,LIPIVASTIN,,LIPIVASTIN TABS 10MG X 30,Pharmacy,TABLETS,BLISTER,,1600,,30,10
8934570000000.00,LIPIVASTIN,Atorvastatin,LIPIVASTIN TABS 20MG X 30,Pharmacy,TABLETS,BLISTER,,1965,,30,10
6008698.00,lipofix,,LIPOFIX TABS 10MG X 30,Pharmacy,TABLETS,BLISTER,,700,,30,10
6008699.00,lipofix,,LIPOFIX TABS 20MG X 30,Pharmacy,TABLETS,BLISTER,,950,,30,10
6012759.00,LIRAPYN,,LIRAPYN TABS 75MG X 28,Pharmacy,TABLETS,BLISTER,,1650,,28,7
6012602.00,lisinopril,,LISINOPRIL (BRISTOL)  TABS 2.5MG X 28,Pharmacy,TABLETS,BLISTER,,500,,28,14
18906000000000.00,lisinopril,,LISINOPRIL (PHARMAMAX)  TABS 10MG X 28,Pharmacy,TABLETS,BLISTER,,750,,28,14
18906000000000.00,lisinopril,,LISINOPRIL (PHARMAMAX)  TABS 5MG X 28,Pharmacy,TABLETS,BLISTER,,460,,28,14
8904160000000.00,LISINOPRIL (TEVA),Lisinopril,LISINOPRIL (TEVA) TABS 10MG X 28,Pharmacy,TABLETS,BLISTER,,1400,,28,14
15081.00,LISINOPRIL (TEVA),Lisinopril,LISINOPRIL (TEVA) TABS 20MG X 28,Pharmacy,TABLETS,BLISTER,,1450,,28,14
5017010000000.00,LISINOPRIL (TEVA),Lisinopril,LISINOPRIL (TEVA) TABS 5MG X 28,Pharmacy,TABLETS,BLISTER,,800,,28,14
,LISINOPRIL(EXXON PHARMA NIG LTD),,LISINOPRIL(EXXON PHARMA NIG LTD) TABS 10MG X 28,Pharmacy,TABLETS,BLISTER,,320,EZE-BEN GLOBAL RESOURCES NIG.LTD,28,14
,lisinopril(lifeback),,LISINOPRIL(LIFEBACK) TABS 10MG X 28,Pharmacy,TABLETS,BLISTER,,500,TOM HABEEB NIG.ENTERPRISES,28,14
6012248.00,lisinopril(newteva),,LISINOPRIL(NEWTEVA) TABS 5MG X 28,Pharmacy,TABLETS,BLISTER,,570,,28,14
6011671.00,lisinopril(PHARMAMAX),,LISINOPRIL(PHARMAMAX) TABS 5MG X 140,Pharmacy,TABLETS,BLISTER,,1380,,140,14
6012172.00,lisinopril(poco),,LISINOPRIL(POCO) TABS 10MG X 28,Pharmacy,TABLETS,BLISTER,,570,,28,14
6012183.00,lisinoprl(pocco),,LISINOPRL(POCCO) TABS 5MG X 28,Pharmacy,TABLETS,BLISTER,,380,,28,14
1001812.00,`,,LISIOFIL TABS 2.5MG X 28,Pharmacy,TABLETS,BLISTER,,260,,28,14
1001923.00,LISOFIL,,LISOFIL (UNIQUE)  TABS 10MG X 28,Pharmacy,TABLETS,BLISTER,,420,,28,14
1001813.00,LISOFIL,,LISOFIL (UNIQUE)  TABS 5MG X 28,Pharmacy,TABLETS,BLISTER,,330,UNIQUE PHARMACEUTICALS LIMITED,28,14
,LIVER DEFENSE (ORGANIC HEALTH),,LIVER DEFENSE (ORGANIC HEALTH) CAPLET  X 30,Pharmacy,CAPLET,BLISTER,,2850,,30,10
6012623.00,LIZOPHAGE,Metformin,LIZOPHAGE TABS 500MG X 50,Pharmacy,TABLETS,BLISTER,,300,,50,10
7640120000000.00,LOFRAL,Amlodipine,LOFRAL TABS 5MG X 30,Pharmacy,TABLETS,PACK,,800,,30,3
6012775.00,#,,LOKMAL TABS 20MG/120MG X 24,Pharmacy,TABLETS,BLISTER,,430,,24,6
15239.00,LOMOTIL,,LOMOTIL TABS  X 100,Pharmacy,TABLETS,BLISTER,,360,,100,10
11776.00,LOPERAMIDE,,LOPERAMIDE (RICHYGOLD)  CAPS  X 100,Pharmacy,CAPSULES,PACK,,650,,100,10
6011178.00,LOPERAMIDE(genneith),,LOPERAMIDE(GENNEITH) CAPS  X 100,Pharmacy,CAPSULES,PACK,,500,,100,10
1007899.00,LOPESHAL,,LOPESHAL TABS  X 150,Pharmacy,TABLETS,BLISTER,,225,SHALINA HEALTHCARE NIGERIA LTD,150,6
,LORATADINE(EVERYDESTINY),Loratadine,LORATADINE(EVERYDESTINY) TABS 10MG X 100,Pharmacy,TABLETS,BLISTER,,850,OANG LIMITED,100,10
6008641.00,loratidine,,LORATIDINE TABS 10MG X 100,Pharmacy,TABLETS,SACHET,,750,,100,10
6011948.00,LORATIDINE(AFRAB),,LORATIDINE(AFRAB) TABS  X 100,Pharmacy,TABLETS,BLISTER,,650,,100,10
6013454.00,loratidine(sivo),,LORATIDINE(SIVO) TABS 10MG X 100,Pharmacy,TABLETS,BLISTER,,850,,100,10
ulor13,LORATYN (HOVID),Loratadine,LORATYN (HOVID) TABS 10MG X 100,Pharmacy,TABLETS,BLISTER,,2880,,100,10
1007993.00,LOSARETIC,,LOSARETIC TABS  X 30,Pharmacy,TABLETS,BLISTER,,1605,,30,10
15460.00,LOSARGEN,,LOSARGEN TABS 50MG X 100,Pharmacy,TABLETS,BLISTER,,1365,,100,10
6012992.00,LOSARK POT & AM,,LOSARK POT & AM TABS  X 30,Pharmacy,TABLETS,BLISTER,,1100,,30,10
6010719.00,LOSARK,,LOSARK TABS 50MG X 30,Pharmacy,TABLETS,BLISTER,,850,,30,10
7015.00,LOSARTAN,Losartan,LOSARTAN  50MG TAB  X 28,Pharmacy,TABLETS,BLISTER,,620,,28,14
6013106.00,LOSARTAN,,LOSARTAN (LIFEBACK)  TABS 50MG X 30,Pharmacy,TABLETS,BLISTER,,1050,,30,10
,LOSARTAN (LIFEBACK),,LOSARTAN (LIFEBACK) TABS 25MG X 30,Pharmacy,TABLETS,BLISTER,,1050,,30,10
6012668.00,LOSARTAN,,LOSARTAN (MULTICHRIS)  TABS 100MG X 28,Pharmacy,TABLETS,BLISTER,,1100,,28,14
6012669.00,LOSARTAN,,LOSARTAN (MULTICHRIS)  TABS 25MG X 28,Pharmacy,TABLETS,BLISTER,,600,,28,14
6012666.00,LOSARTAN,,LOSARTAN (MULTICHRIS)  TABS 50MG X 28,Pharmacy,TABLETS,BLISTER,,700,,28,14
5017010000000.00,LOSARTAN,,LOSARTAN (TEVA)  TABS 100MG X 28,Pharmacy,TABLETS,BLISTER,,1900,,28,14
6012247.00,losartan(newteva),,LOSARTAN(NEWTEVA) TABS 50MG X 28,Pharmacy,TABLETS,BLISTER,,700,,28,14
6012177.00,LOSARTAN(POCCO),,LOSARTAN(POCCO) TABS 50MG X 28,Pharmacy,TABLETS,BLISTER,,600,,28,14
,LOSARTAN(SAM JONES),,LOSARTAN(SAM JONES) TABS 50MG X 28,Pharmacy,TABLETS,BLISTER,,600,DE-ZUBIK PHARMACEUTICA LTD,28,14
5017010000000.00,LOSARTAN(TEVA),,LOSARTAN(TEVA) TABS 50MG X 28,Pharmacy,TABLETS,BLISTER,,1400,,28,14
12131.00,LOSIUM,,LOSIUM TABS 50MG X 28,Pharmacy,TABLETS,BLISTER,,1345,,28,14
6011282.00,LOTAN -H,,LOTAN -H TABS 50/12.5 X 30,Pharmacy,TABLETS,BLISTER,,1000,,30,10
6010250.00,LOTAN,,LOTAN TABS 100MG X 30,Pharmacy,TABLETS,BLISTER,,2150,,30,10
8577.00,LOTAN,,LOTAN TABS 50MG X 30,Pharmacy,TABLETS,BLISTER,,1850,,30,10
9017.00,LOTEMP,,LOTEMP TABS 500MG X 96,Pharmacy,TABLETS,BLISTER,,320,,96,12
1001711.00,LOTRIAL,,LOTRIAL TABS 10MG X 30,Pharmacy,TABLETS,BLISTER,,2500,,30,10
1002935.00,LOTRIAL,Enalapril,LOTRIAL TABS 5MG X 30,Pharmacy,TABLETS,BLISTER,,1610,,30,10
8526.00,LOVEMATE,,LOVEMATE CONDOMS  X 48,Pharmacy,,PACK,,3175,,48,3
10369.00,LOXAGYL,,LOXAGYL TABS 200MG X 100,Pharmacy,TABLETS,BLISTER,,430,,100,10
6034000000000.00,LOXAGYL,,LOXAGYL TABS 400MG X 100,Pharmacy,TABLETS,BLISTER,,715,,100,10
6479.00,Loxaprim,,LOXAPRIM TABS 480MG X 100,Pharmacy,TABLETS,BLISTER,,490,,100,10
6012486.00,Lozatan (TEVA),,LOZATAN (TEVA) TABS 25MG X 30,Pharmacy,TABLETS,BLISTER,,1680,,30,10
1007728.00,LOZATAN H,,LOZATAN H TABS  X 30,Pharmacy,TABLETS,BLISTER,,2415,,30,10
1002616.00,LOZATAN,,LOZATAN TABS 25MG X 30,Pharmacy,TABLETS,BLISTER,,1245,,30,10
1002615.00,LOZATAN,,LOZATAN TABS 50MG X 30,Pharmacy,TABLETS,BLISTER,,2390,,30,10
1008872.00,LOZATAN(TEVA),,LOZATAN(TEVA) TABS 100MG X 28,Pharmacy,TABLETS,BLISTER,,2035,,28,2
6013142.00,LUMEGIL,,LUMEGIL TABS  X 30,Pharmacy,TABLETS,BLISTER,,1400,,30,10
6011587.00,LYCOSET,,LYCOSET CAPS  X 30,Pharmacy,CAPSULES,BLISTER,,1650,,30,10
6012990.00,LYRICA,,LYRICA (PARALLELL)  TABS 75MG X 28,Pharmacy,TABLETS,BLISTER,,2350,,28,14
1002036.00,LYRICA,,LYRICA CAPS 75MG X 28,Pharmacy,CAPSULES,BLISTER,,6200,WWCVL (PFIZER),28,14
6012858.00,LYRICA,,LYRICA TABS 150MG X 28,Pharmacy,TABLETS,BLISTER,,6300,,28,14
1007994.00,MAALOX STICK,,MAALOX STICK   X 20,Pharmacy,,SACHET,,650,,20,1
6012609.00,MAC-ATTIX-HP3,,MAC-ATTIX-HP3 SOFTGEL  X 30,Pharmacy,SOFTGEL,BLISTER,,1600,,30,10
6011134.00,macnol,,MACNOL TABS 5MG/2.5MG X 30,Pharmacy,TABLETS,BLISTER,,1250,,30,10
7827.00,MAGNAVIT,,MAGNAVIT CAPS  X 30,Pharmacy,CAPSULES,BLISTER,,485,,30,15
14784.00,MALAGOLD,,MALAGOLD TABS 300MG X 100,Pharmacy,TABLETS,BLISTER,,2350,,100,10
8983.00,MALAGON,,MALAGON TABS 525MG X 50,Pharmacy,TABLETS,FOIL STRIP,,4650,,50,1
6133.00,MALAMOX,,MALAMOX TABS  X 50,Pharmacy,TABLETS,FOIL STRIP,,3415,,50,1
5036850000000.00,malareich,,MALAREICH CAPS  X 50,Pharmacy,CAPSULES,FOIL STRIP,,43270,,50,1
5036850000000.00,malareich,Sulfadoxine and Pyrimethamine,MALAREICH TABS  X 50,Pharmacy,TABLETS,FOIL STRIP,,2910,,50,1
6009281.00,malaria kit,,MALARIA KIT   X 25,Pharmacy,,SACHET,,4000,,25,1
15448.00,MALOXINE,,MALOXINE TABS  X 50,Pharmacy,TABLETS,BLISTER,,5280,,50,1
,marcgesic,Orphenadrine,MARCGESIC TABS 35MG+450MG X 100,Pharmacy,TABLETS,BLISTER,,2600,MARCSON HEALTHCARE LIMITED,100,10
6013303.00,MARCNOL,,MARCNOL TABS 10/5 X 30,Pharmacy,TABLETS,SACHET,,2100,,30,10
6010898.00,MARCNOL,,MARCNOL TABS 5/2.5 X 30,Pharmacy,TABLETS,BLISTER,,2250,,30,10
6013277.00,MARTINS LIVER SALT (ALL FLAVOUR),,MARTINS LIVER SALT (ALL FLAVOUR) POWDER  X 25,Pharmacy,POWDER,SACHET,,650,,25,1
,MaX ATP RIBOCEINE FUEL,,MAX ATP RIBOCEINE FUEL POWDER  X 15,Pharmacy,POWDER,SACHET,,18500,MAX INTERNATIONAL,15,1
6009486.00,max omega(clarion),,MAX OMEGA(CLARION) CAPS  X 30,Pharmacy,CAPSULES,BLISTER,,1010,,30,10
8904190000000.00,MAXIMORAL,,MAXIMORAL TABS  X 30,Pharmacy,TABLETS,BLISTER,,466.4,,30,10
8098.00,MAXIMUM PACK,,MAXIMUM PACK TABS  X 30,Pharmacy,TABLETS,PACK,,300,,30,1
6012532.00,MAXIQUINE,,MAXIQUINE TABS 250MG X 200,Pharmacy,TABLETS,BLISTER,,4335,,200,10
1000999.00,MAXIRON,,MAXIRON CAPS  X 30,Pharmacy,CAPSULES,BLISTER,,365,,30,15
6010820.00,MAXOLON,,MAXOLON TABS 10MG X 100,Pharmacy,TABLETS,BLISTER,,1200,,100,20
14986.00,mebaal,,MEBAAL TABS 1500MCG X 30,Pharmacy,TABLETS,BLISTER,,1200,,30,3
14985.00,mebaal,,MEBAAL TABS 500MCG X 30,Pharmacy,TABLETS,BLISTER,,850,,30,3
,mebexol,Mebendazole,MEBEXOL TABS 100MG X 120,Pharmacy,TABLETS,BLISTER,,1200,NKOYO PHARM LTD,120,6
6008695.00,MECONERV FORTE,,MECONERV FORTE CAPS  X 30,Pharmacy,CAPSULES,BLISTER,,2900,,30,10
12305.00,MEDERAX,,MEDERAX TABS 10MG X 100,Pharmacy,TABLETS,BLISTER,,650,,100,10
6010376.00,MEDICA,,MEDICA LOZENGES  X 36,Pharmacy,LOZENGES,BLISTER,,1400,,36,12
1001350.00,medmoral,,MEDMORAL TABS 5000IU X 30,Pharmacy,TABLETS,BLISTER,,250,,30,10
11842.00,MEDRAX,,MEDRAX TABS  X 100,Pharmacy,TABLETS,BLISTER,,600,,100,10
6009236.00,mefdol,,MEFDOL TABS 250MG X 30,Pharmacy,TABLETS,BLISTER,,850,,30,10
6010301.00,mega c(nature field),,MEGA C(NATURE FIELD) TABS  X 100,Pharmacy,TABLETS,BLISTER,,6000,,100,10
6012864.00,mega calcium blister,,MEGA CALCIUM BLISTER (N/F)  TABS  X 100,Pharmacy,TABLETS,BLISTER,,5200,,100,10
713757000000.00,mega calcuim(nature field),,MEGA CALCUIM(NATURE FIELD)   X 60,Pharmacy,,PCS,,2900,,60,1
9144.00,MEKO INHALER,,MEKO INHALER   X 6,Pharmacy,,BLISTER,,760,,6,1
,melanov mr,Gliclazide,MELANOV MR TABS 60MG X 30,Pharmacy,TABLETS,BLISTER,,1700,MICRO NOVA PHARM.IND LIMITED,30,10
,MELANOV,Gliclazide,MELANOV TABS 80MG X 30,Pharmacy,TABLETS,BLISTER,,1400,MICRO NOVA PHARM.IND LIMITED,30,10
6008901.00,melatonin,,MELATONIN (MULTICOY)  CAPS  X 240,Pharmacy,CAPSULES,PCS,,1915,,240,1
10787.00,MEN`S POTENT,,MEN`S POTENT TABS  X 60,Pharmacy,TABLETS,JAR,,198375,,60,1
6012060.00,MENTHODEX,,MENTHODEX LOZENGES  X 24,Pharmacy,LOZENGES,SACHET,,400,,24,1
6013276.00,MENTHOX,,MENTHOX TABS  X 250,Pharmacy,TABLETS,PACK,,1200,,250,25
1007716.00,MENUDYN,,MENUDYN CAPS  X 30,Pharmacy,CAPSULES,BLISTER,,310,,30,15
6010571.00,mephage,,MEPHAGE TABS 500MG X 60,Pharmacy,TABLETS,BLISTER,,700,,60,10
1002498.00,MEPIRYL,,MEPIRYL TABS 2MG X 30,Pharmacy,TABLETS,BLISTER,,1300,,30,10
1002283.00,MEPIRYL,,MEPIRYL TABS 4MG X 30,Pharmacy,TABLETS,BLISTER,,2400,,30,10
UDIA71,MET-GLIM,,MET-GLIM TABS 5MG X 100,Pharmacy,TABLETS,BLISTER,,3145,HOVID,100,10
6008919.00,METAGLOMIDE,,METAGLOMIDE TABS  X 30,Pharmacy,TABLETS,BLISTER,,850,,30,10
6008755.00,METAKELFIN,,METAKELFIN TABS 500MG X 45,Pharmacy,TABLETS,BLISTER,,2150,WWCVL (PFIZER),45,3
6012120000000.00,METAPRIM (SKG),Pyrimethamine,METAPRIM (SKG) TABS  X 500,Pharmacy,TABLETS,BLISTER,,2548,SKG PHARMA LTD,500,10
1007481.00,METFORMIN (MULTI COY),,METFORMIN (MULTI COY) TABS 500MG X 100,Pharmacy,TABLETS,BLISTER,,395,,100,10
6012610.00,metformin,,METFORMIN (PREFERRED DRUG)  TABS 500MG X 84,Pharmacy,TABLETS,BLISTER,,570,,84,14
6008644.00,METFORMIN,,METFORMIN (SANDOZ)  TABS 500MG X 90,Pharmacy,TABLETS,BLISTER,,2000,,90,15
1007582.00,METFORMIN,,METFORMIN TABS 500MG X 90 {LIFEBACK},Pharmacy,TABLETS,BLISTER,,970,,90,15
6013440.00,METFORMIn(NORVARTIS ACCESS SFH),,METFORMIN(NORVARTIS ACCESS SFH) TABS 1000MG X 60,Pharmacy,TABLETS,BLISTER,,1200,,60,15
6012106.00,metformin(sandoz),,METFORMIN(SANDOZ) TABS 1000MG X 90,Pharmacy,TABLETS,BLISTER,,2550,,90,15
7155.00,METHOTREXATE,Methotrexate,METHOTREXATE TABS 2.5MG X 100,Pharmacy,TABLETS,BLISTER,,3500,,100,10
11821.00,metoclopramide,,METOCLOPRAMIDE (UNBRA)  TABS  X 100,Pharmacy,TABLETS,BLISTER,,820,,100,10
5017010000000.00,metoproloL  tartrate,,METOPROLOL  TARTRATE TABS 50MG X 56,Pharmacy,TABLETS,BLISTER,,1005,,56,14
,metoprolol,,METOPROLOL TABS 100MG X 28 [BLISTER],Pharmacy,TABLETS,BLISTER,,1400,,28,14
5017010000000.00,metoprolol,,METOPROLOL TABS 100MG X 56 [TEVA],Pharmacy,TABLETS,BLISTER,,950,,56,14
,metoprolol,,METOPROLOL TABS 50MG X 28 [BLISTER],Pharmacy,TABLETS,BLISTER,,1250,,28,14
6011314.00,metoram,,METORAM TABS 500MG X 30,Pharmacy,TABLETS,BLISTER,,300,,30,10
,metoz tab,,METOZ TAB TABS 2.5MG X 100,Pharmacy,TABLETS,BLISTER,,12500,CENTAUR  PHARMACEUTICAL LTD.,100,10
6009109.00,METOZ,,METOZ TABS 2.5MG X 30,Pharmacy,TABLETS,BLISTER,,2430,,30,10
6009108.00,METOZ,,METOZ TABS 5MG X 100,Pharmacy,TABLETS,BLISTER,,16000,,100,10
6012524.00,METOZ,,METOZ TABS 5MG X 30,Pharmacy,TABLETS,BLISTER,,8000,,30,10
6012999.00,METRONE,,METRONE TABS 400MG X 100,Pharmacy,TABLETS,BLISTER,,460,,100,10
6013212.00,METRONIDAZOLE,,METRONIDAZOLE (GAUZE)  TABS  X 1000,Pharmacy,TABLETS,PCS,,1900,,1000,1
6237.00,METRONIDAZOLE,,METRONIDAZOLE (MULTICOY) 400MG TAB X 100,Pharmacy,TABLETS,BLISTER,,535,,100,10
6009252.00,METRONIDAZOLE,,METRONIDAZOLE TABS  X 1000 {ARCHY},Pharmacy,TABLETS,PCS,,1950,,1000,1
15152.00,METRONIDAZOLE,,METRONIDAZOLE TABS 400MG X 100 {SKG},Pharmacy,TABLETS,BLISTER,,495,SKG PHARMA LTD,100,10
6619.00,METRONIDAZOLE,,METRONIDAZOLE(MULTICOY)  200MG TAB X 100,Pharmacy,TABLETS,BLISTER,,275,,100,10
7840.00,METROSAM,,METROSAM TABS 200MG X 100,Pharmacy,TABLETS,BLISTER,,100,,100,10
6010777.00,MEVIGON,,MEVIGON TABS  X 30,Pharmacy,TABLETS,BLISTER,,775,,30,10
4710.00,MF-20,,MF-20 CAPS  X 100,Pharmacy,CAPSULES,BLISTER,,180,,100,10
6011345.00,MICARDIS PLUS,,MICARDIS PLUS TABS 80/12.5MG X 28,Pharmacy,TABLETS,BLISTER,,3250,,28,7
1002934.00,MiCARDIS,,MICARDIS TABS 40MG X 28,Pharmacy,TABLETS,BLISTER,,6890,,28,7
14996.00,MiCARDIS,,MICARDIS TABS 80MG X 28,Pharmacy,TABLETS,BLISTER,,7000,,28,7
6011883.00,MICARDIS(PARARELL),,MICARDIS(PARARELL) TABS 80MG X 28,Pharmacy,TABLETS,SACHET,,2750,,28,7
14787.00,MICROGYNON( ORAL CONTRACEPT),,MICROGYNON( ORAL CONTRACEPT) TABS 30MG X 84,Pharmacy,TABLETS,BLISTER,,310,,84,28
,microlax,,MICROLAX SOLUTION 5ML X 4,Pharmacy,SOLUTION,TUBE,,1250,WWCVL (JOHNSON&JOHNSON),4,1
1007651.00,MIRAVASC X 28,,MIRAVASC X 28 TABS 10MG X 28,Pharmacy,TABLETS,BLISTER,,500,,28,2
9937.00,MIST MAG,,MIST MAG (OAKFAITH)  SUSP 100ML X 40,Pharmacy,SUSPENSION,BOTTLE,,5825,,40,1
9216.00,MIST MAG,,MIST MAG SUSP(FAITH) 180ML X 36,Pharmacy,SUSPENSION,BOTTLE,,6220,,36,1
8995860000000.00,MIXADIN,,MIXADIN TABS  X 25,Pharmacy,TABLETS,FOIL STRIP,,1650,,25,1
8995860000000.00,Mixagrip,,MIXAGRIP TABS  X 25,Pharmacy,TABLETS,BLISTER,,2406,,25,1
1000737.00,MIXANAL,,MIXANAL TABS  X 25,Pharmacy,TABLETS,FOIL STRIP,,2300,,25,1
6011879.00,MIXTARD  FLEX PEN,,MIXTARD  FLEX PEN INJ 100IU/1ML X 5,Pharmacy,INJECTION (POWDER),VIALS,,12000,,5,1
6012336.00,MIZETIN,,MIZETIN TABS 20MG X 100,Pharmacy,TABLETS,BLISTER,,3700,,100,10
8908000000000.00,mobicar,,MOBICAR TABS  X 30,Pharmacy,TABLETS,BLISTER,,1930,,30,10
15021.00,momento,Desloratadine,MOMENTO TABS 5MG X 100,Pharmacy,TABLETS,BLISTER,,1200,,100,10
6010215.00,MORETIC,,MORETIC TABS  X 100,Pharmacy,TABLETS,BLISTER,,1400,,100,10
1000301.00,MOSEGOR,,MOSEGOR TABS 0.5MG X 30,Pharmacy,TABLETS,BLISTER,,2700,,30,10
6156000000000.00,MoSQUITO REPELLANT,,MOSQUITO REPELLANT CREAM 15% X 12,Pharmacy,CREAM,TUBE,,1680,DRUGFIELD PHARMACEUTICALS LIMITED,12,1
6011235.00,MOSTEN,,MOSTEN TABS 20MG X 28,Pharmacy,TABLETS,BLISTER,,525,,28,14
1000987.00,motilium,,MOTILIUM TABS 10MG X 30,Pharmacy,TABLETS,BLISTER,,1370,,30,10
,MOVE FREE,,MOVE FREE TABS  X 80,Pharmacy,TABLETS,PCS,,11400,megavox ltd,80,1
4711.00,Mucus extractor,,MUCUS EXTRACTOR   X 25,Pharmacy,,PCS,,2900,AGARY PHARMACEUTICALS LIMITED,25,1
4009930000000.00,MuLTIVITAMINS AtoZ,,MULTIVITAMINS ATOZ CAPS  X 30,Pharmacy,CAPSULES,BLISTER,Multivitamin and amino acid preparations,1800,,30,10
6009335.00,MuLTIVITAMINS FOR DIABETICS,,MULTIVITAMINS FOR DIABETICS TABS  X 30,Pharmacy,TABLETS,BLISTER,,2600,,30,10
1001875.00,MUPoSAN,,MUPOSAN POWDER 15MG X 20,Pharmacy,POWDER,BLISTER,,1280,,20,1
6008973.00,mylovasc,,MYLOVASC TABS 5MG X 30,Pharmacy,TABLETS,BLISTER,,1840,,30,10
6011551.00,NaPROXEN(TEVA),,NAPROXEN(TEVA) TABS  X 28,Pharmacy,TABLETS,BLISTER,,765,,28,14
,NAROXINE,Naproxen,NAROXINE TABS 500MG X 20,Pharmacy,TABLETS,BLISTER,,900,CHEZ RESOURCES PHARM. LTD,20,10
8256.00,NG-TUBE,,NASOGASTRIC TUBE (NG)  SIZE 10,Pharmacy,,PCS,,50,,25,1
9033.00,NG-TUBE,,NASOGASTRIC TUBE (NG)  SIZE 14,Pharmacy,,PCS,,50,,25,1
5392.00,NG-TUBE,,NASOGASTRIC TUBE (NG)  SIZE 16,Pharmacy,,PCS,,50,,25,1
5777.00,NG-TUBE,,NASOGASTRIC TUBE (NG)  SIZE 22,Pharmacy,,PCS,,50,,25,1
8261.00,NG-TUBE,,NASOGASTRIC TUBE (NG)  SIZE 5,Pharmacy,,PCS,,50,,25,1
6304.00,NG-TUBE,,NASOGASTRIC TUBE (NG) SIZE 18,Pharmacy,,PCS,,50,,25,1
9414.00,N-G TUBE,,NASOGASTRIC TUBE (NG) SIZE 18,Pharmacy,,PCS,,50,,25,1
8258.00,NG-TUBE,,NASOGASTRIC TUBE (NG) SIZE 20,Pharmacy,,PCS,,50,,25,1
6503.00,NG-TUBE,,NASOGASTRIC TUBE (NG) SIZE 24,Pharmacy,,PCS,,50,,25,1
8257.00,NG-TUBE,,NASOGASTRIC TUBE (NG) SIZE 4,Pharmacy,,PCS,,50,,25,1
8850770000000.00,NAT B,,NAT B CAPS  X 30,Pharmacy,CAPSULES,BLISTER,,2750,,30,10
6013436.00,NATOCARE PLUS,,NATOCARE PLUS SOFTGEL  X 60,Pharmacy,SOFTGEL,BLISTER,,5500,,60,10
6223000000000.00,NATRILIX SR,,NATRILIX SR TABS 1.5MG X 30,Pharmacy,TABLETS,BLISTER,,3000,,30,15
6008816.00,NATRIXAM,,NATRIXAM TABS 1.5/10MG X 30,Pharmacy,TABLETS,BLISTER,,3950,,30,5
3594460000000.00,NATRIXAM,,NATRIXAM TABS 1.5/5MG X 30,Pharmacy,TABLETS,BLISTER,,3800,,30,5
6011262.00,NaTTOENZYM,,NATTOENZYM TABS  X 30,Pharmacy,TABLETS,BLISTER,,4300,,30,10
6009544.00,NAZOL,,NAZOL CAPS 200MG X 30,Pharmacy,CAPSULES,BLISTER,,7800,,30,10
6011070.00,NEBILONG,,NEBILONG TABS 5MG X 30,Pharmacy,TABLETS,BLISTER,,2675,,30,10
6012109.00,NECTRANOX,Itraconazole,NECTRANOX CAPS 100MG X 28,Pharmacy,CAPSULES,BLISTER,,3200,,28,7
7894.00,NEEDLE(AGARY),,NEEDLE(AGARY)  21G X 100,Pharmacy,,PCS,,820,,100,1
,NELB METHYLDOPA,,NELB METHYLDOPA TABS 250MG X 100,Pharmacy,TABLETS,BLISTER,,1750,,100,10
6012853.00,NELBMENTIN,,NELBMENTIN TABS 625MG X 14,Pharmacy,TABLETS,BLISTER,,900,,14,7
8646.00,NEO HEALER SUPP,,NEO HEALER SUPP   X 10,Pharmacy,,SACHET,,1885,,10,5
,neomercazole(blister),,NEOMERCAZOLE(BLISTER) TABS 5MG X 100,Pharmacy,TABLETS,BLISTER,,4000,,100,20
8908000000000.00,nervon,,NERVON TABS  X 30,Pharmacy,TABLETS,BLISTER,,2225,,30,10
6010875.00,NESTAGESIC,,NESTAGESIC TABS 50MG X 100,Pharmacy,TABLETS,BLISTER,,250,,100,10
6010489.00,NEURACALM,,NEURACALM  75MG X 30,Pharmacy,,BLISTER,,4600,,30,10
9088880000000.00,NEUROBION COATED,,NEUROBION COATED TABS  X 20,Pharmacy,TABLETS,BLISTER,,2655,,20,10
6013026.00,,,NEUROBION TABS  X 100,Pharmacy,TABLETS,BLISTER,,4200,,100,10
6010259.00,neurogab,,NEUROGAB TABS 75MG X 28,Pharmacy,TABLETS,BLISTER,,2200,,28,14
6009178.00,neurotex forte,,NEUROTEX FORTE TABS  X 100,Pharmacy,TABLETS,BLISTER,,4890,,100,10
uneu02,neurovit FORTE,,NEUROVIT FORTE TABS  X 100,Pharmacy,TABLETS,BLISTER,,6925,HOVID,100,10
,NEXIUM(PARARELL),,NEXIUM(PARARELL) TABS 20MG X 28,Pharmacy,TABLETS,BLISTER,,1800,,28,14
,NEXIUM(PARARELL),,NEXIUM(PARARELL) TABS 40MG X 28,Pharmacy,TABLETS,BLISTER,,3500,,28,14
1001443.00,NGC-VALGIN,Paracetamol,NGC-VALGIN CAPLET 500MG X 1000,Pharmacy,CAPLET,BLISTER,,5900,NIGERIAN GERMAN CHEMICALS,1000,10
6011113.00,NiCKS INHALER,,NICKS INHALER   X 24,Pharmacy,,PCS,,1920,,24,1
4912600000000.00,NICOTINIC ACID,,NICOTINIC ACID TABS  X 100,Pharmacy,TABLETS,BLISTER,,2000,,100,10
1000017.00,Nifecard retard,Nifedipine,NIFECARD RETARD TABS 20MG X 50,Pharmacy,TABLETS,BLISTER,,190,,50,10
3838960000000.00,Nifecard XL,Nifedipine,NIFECARD XL TABS 30MG X 30,Pharmacy,TABLETS,BLISTER,,1500,,30,10
6010949.00,nifecure,,NIFECURE TABS  X 100,Pharmacy,TABLETS,BLISTER,,450,,100,10
1001218.00,NIFEDINE DEXCEl,Nifedipine,NIFEDINE DEXCEL TABS 20MG X 30,Pharmacy,TABLETS,BLISTER,,750,PEMASON PHARMACEUTICALS LTD.,30,10
1000943.00,NIFEGEM RETARD,Nifedipine,NIFEGEM RETARD TABS 20MG X 100,Pharmacy,TABLETS,BLISTER,,2395,,100,10
1007563.00,NIFEGEM RETARD,,NIFEGEM RETARD TABS 20MG X 20,Pharmacy,TABLETS,BLISTER,,250,,20,2
8806130000000.00,NIFENDAL,,NIFENDAL TABS 20MG X 50,Pharmacy,TABLETS,FOIL STRIP,,1185,,50,10
8906050000000.00,NIGHT AID,,NIGHT AID TABS 50MG X 30,Pharmacy,TABLETS,BLISTER,,400,,30,15
6009092.00,NIGREL,Clopidogrel Bisulfate,NIGREL TABS 75MG X 30,Pharmacy,TABLETS,BLISTER,,1400,,30,10
1003199.00,NILGAR 15,Pioglitazone,NILGAR 15 TABS  X 30,Pharmacy,TABLETS,BLISTER,,2250,MEGA LIFESCIENCE NIGERIA LIMITED,30,3
14954.00,NILGAR M-15,,NILGAR M-15 TABS  X 100,Pharmacy,TABLETS,BLISTER,,1150,,100,20
1003200.00,NILGAR,Pioglitazone,NILGAR TABS 30MG X 30,Pharmacy,TABLETS,BLISTER,,2710,,30,10
1000461.00,NITRAZEPAM,Nitrazepam,NITRAZEPAM (VITABIOTICS)  TABS 5MG X 250,Pharmacy,TABLETS,PCS,,2000,,250,1
,NITRESS,Zopiclone,NITRESS TABS 7.5MG X 100,Pharmacy,TABLETS,PACK,,7200,TETA PHARM,100,10
6008792.00,NITROFURANTIN,,NITROFURANTIN TABS  X 100,Pharmacy,TABLETS,BLISTER,,1640,,100,10
5802.00,NITROFURANTIN,Nitrofurantoin,NITROFURANTIN TABS 100MG X 1000,Pharmacy,TABLETS,PCS,,4110,,1000,1
,no-ach,Aceclofenac,NO-ACH TABS  X 20,Pharmacy,TABLETS,BLISTER,,850,PHARMA ETHICS LTD,20,10
9402.00,No-Pain,,NO-PAIN  300MG X 100,Pharmacy,,BLISTER,,275,,100,10
9005.00,NO-PAIN,,NO-PAIN TABS 500MG X 100,Pharmacy,TABLETS,BLISTER,,650,,100,10
1007975.00,NORDUET,,NORDUET TABS 7.5MG X 30,Pharmacy,TABLETS,PACK,,1300,,30,10
6221030000000.00,NORFLEX,Orphenadrine Citrate,NORFLEX TABS  X 20,Pharmacy,TABLETS,BLISTER,,850,,20,10
1003641.00,normodipine,,NORMODIPINE TABS 20MG X 30,Pharmacy,TABLETS,BLISTER,,375,,30,10
1000016.00,Normoretic,Amiloride and Hydrochlorothiazide,NORMORETIC TABS  X 100,Pharmacy,TABLETS,BLISTER,,1517,,100,10
1000638.00,NORVASC,Amlodipine,NORVASC TABS 10MG X 100,Pharmacy,TABLETS,BLISTER,,18000,WWCVL (PFIZER),100,10
6010268.00,Norvasc,,NORVASC TABS 10MG X 30,Pharmacy,TABLETS,BLISTER,,5550,,30,10
1000036.00,Norvasc,Amlodipine,NORVASC TABS 5MG X 100,Pharmacy,TABLETS,BLISTER,,9800,WWCVL (PFIZER),100,10
6010494.00,Norvasc,,NORVASC TABS 5MG X 30,Pharmacy,TABLETS,BLISTER,,2900,,30,10
6010320.00,NOSPA,,NOSPA INJ 40MG/2ML X 25,Pharmacy,INJECTION (POWDER),AMPOULES,,8000,,25,1
8115.00,NOSPA,,NOSPA TABS  X 100,Pharmacy,TABLETS,BLISTER,,4695,,100,10
1002093.00,NOSTRESS (LISINOPRIL),,NOSTRESS (LISINOPRIL) TABS 10MG X 28,Pharmacy,TABLETS,SACHET,,750,,28,14
8904040000000.00,NOSTRESS,Lisinopril,NOSTRESS TABS 5MG X 28,Pharmacy,TABLETS,BLISTER,,540,,28,14
,NOVALOR(chloroquine),,NOVALOR(CHLOROQUINE) TABS 250MG X 500,Pharmacy,TABLETS,BLISTER,,7500,,500,10
18906100000000.00,NOVOGOLD,,NOVOGOLD CAPS  X 30,Pharmacy,CAPSULES,BLISTER,,350,,30,10
4639.00,NOVOLAX,Bisacodyl,NOVOLAX  5MG TABS X 105,Pharmacy,TABLETS,BLISTER,,100,,105,15
6009065.00,NOVOMIX 30 FLEXPEN 100iu,,NOVOMIX 30 FLEXPEN 100IU INJ  X 5,Pharmacy,INJECTION (SOLUTION),VIALS,,23000,WWCVL (NOVO),5,1
,NOVOMIX 30(parallel) FLEXPEN,,NOVOMIX 30(PARALLEL) FLEXPEN INJ 100IU X 5,Pharmacy,INJECTION (SOLUTION),VIALS,,23000,,5,1
6012796.00,NOVORAPID FLEXPEN,,NOVORAPID FLEXPEN INJ 3ML X 5,Pharmacy,INJECTION (POWDER),VIALS,,18435,,5,1
1007807.00,NOVOTWIST NEEDLES,,NOVOTWIST NEEDLES   X 100,Pharmacy,,PCS,,12000,,100,1
,nuevit,,NUEVIT SOFTGEL  X 30,Pharmacy,SOFTGEL,PACK,,3475,ZIFAM PINNACLE NIG.LTD,30,10
6012947.00,NUFENAC,,NUFENAC TABS  X 240,Pharmacy,TABLETS,PACK,,1200,,240,12
6011993.00,NUFENAC,,NUFENAC TABS 50MG X 100,Pharmacy,TABLETS,PACK,,750,,100,10
6012697.00,NUSAR,,NUSAR TABS 50MG X 30,Pharmacy,TABLETS,BLISTER,,1200,,30,10
8902320000000.00,NUSAR-H,,NUSAR-H TABS 50/12.5MG X 30,Pharmacy,TABLETS,BLISTER,,1300,,30,10
5987.00,Nylon,,NYLON  SIZE 2 X 12,Pharmacy,,PCS,,940,AGARY PHARMACEUTICALS LIMITED,12,1
6010231.00,nylon 0,,NYLON 0   X 12,Pharmacy,,PCS,,1000,,12,1
1009010.00,NYLON 1,,NYLON 1   X 12,Pharmacy,,PCS,,965,AGARY PHARMACEUTICALS LIMITED,12,1
1009009.00,NYLON 2/0,,NYLON 2/0   X 12,Pharmacy,,PCS,,940,AGARY PHARMACEUTICALS LIMITED,12,1
1009008.00,NYLON GLOVE 3/0,,NYLON GLOVE 3/0   X 12,Pharmacy,,PCS,,550,,12,1
8934570000000.00,NYSTATIN ORAL,,NYSTATIN ORAL TABS 500000IU X 16,Pharmacy,TABLETS,BLISTER,,900,,16,8
6156000000000.00,OBRON-6,,OBRON-6   X 90,Pharmacy,,FOIL STRIP,,3169,,90,6
6156000000000.00,OBRON-6,,OBRON-6 CAPS  X 30,Pharmacy,CAPSULES,SACHET,,1385,,30,6
6012501.00,OCETRIZE,,OCETRIZE TABS 5MG X 30,Pharmacy,TABLETS,BLISTER,,580,,30,10
6012962.00,odia,,ODIA TABS 0.5MG X 100,Pharmacy,TABLETS,BLISTER,,80,,100,10
6012618.00,ODREL,Clopidogrel Bisulfate,ODREL TABS 75MG X 30,Pharmacy,TABLETS,BLISTER,,900,,30,10
1008645.00,OLANZA,Olanzapine,OLANZA TABS 10MG X 100,Pharmacy,TABLETS,FOIL STRIP,,1769,,100,10
8902310000000.00,OLANZA,,OLANZA TABS 10MG X 28,Pharmacy,TABLETS,BLISTER,,1555,,28,14
8902310000000.00,OLANZA,,OLANZA TABS 5MG X 28,Pharmacy,TABLETS,BLISTER,,940,,28,14
15397.00,OLANZAPIN,,OLANZAPIN TABS 5MG X 100,Pharmacy,TABLETS,BLISTER,,1450,,100,10
,OLANZAPINE,Olanzapine,OLANZAPINE (CHEZ)  TABS 10MG X 100,Pharmacy,TABLETS,BLISTER,,1500,CHEZ RESOURCES PHARM. LTD,100,10
6009214.00,olanzepine,,OLANZEPINE TABS 10MG X 100,Pharmacy,TABLETS,BLISTER,,1850,,100,10
7640150000000.00,OLFEN 75 SR,,OLFEN 75 SR TABS  X 30,Pharmacy,TABLETS,BLISTER,,3035,,30,10
1000871.00,olfen X 20,,OLFEN X 20 TABS 50MG X 20,Pharmacy,TABLETS,BLISTER,,1850,,20,10
,OLMEZAAR,,OLMEZAAR TABS 20MG X 30,Pharmacy,TABLETS,BLISTER,,2620,,30,10
6010187.00,OLMEZAAR,Olmesartan,OLMEZAAR TABS 40MG X 30,Pharmacy,TABLETS,BLISTER,,3300,,30,10
6012161.00,OMECAP,,OMECAP  20MG X 100,Pharmacy,,BLISTER,,2000,,100,10
,omecet-plus,Clarithromycin,OMECET-PLUS TABS  X 7,Pharmacy,TABLETS,PACK,,2750,MAYDON PHARMACEUTICALS & CHEMICAL CO.LTD,7,1
6010737.00,omefast plus,,OMEFAST PLUS   X 7,Pharmacy,,PACK,,2500,,7,1
,OMEGA 3-6-9(VIXA PHARM),,OMEGA 3-6-9(VIXA PHARM) SOFTGEL 1000MG X 100,Pharmacy,SOFTGEL,BLISTER,,4800,VIXA PHARMACEUTICAL CO. LTD.,100,10
6011529.00,OMEGA- H3(BLUE LABEL),,OMEGA- H3(BLUE LABEL) TABS  X 30,Pharmacy,TABLETS,BLISTER,,2450,,30,10
14989.00,omega-3,,OMEGA-3 (DOPEL HERZ)  CAPS  X 30,Pharmacy,CAPSULES,BLISTER,,1515,,30,10
6010535.00,omega-3 aktiv,,OMEGA-3 AKTIV CAPS  X 60,Pharmacy,CAPSULES,BLISTER,,3550,,60,10
4009930000000.00,omega-3 aktiv,,OMEGA-3 AKTIV CAPS 200MG X 30,Pharmacy,CAPSULES,BLISTER,,2200,,30,10
1000139.00,OMEGA-H3,,OMEGA-H3 CAPS 12MG X 30,Pharmacy,CAPSULES,SACHET,,3620,VITABIOTICS (NIGERIA) LTD.,30,6
6011573.00,OMEGRAF,,OMEGRAF CAPS 20MG X 14,Pharmacy,CAPSULES,BLISTER,,200,,14,7
6013048.00,OMEPRAZOLE,,OMEPRAZOLE (GLACK)  CAPS 20MG X 14,Pharmacy,CAPSULES,BLISTER,,200,,14,7
124587.00,ON-CALL PT STRIP(LABACON),,ON-CALL PT STRIP(LABACON)   X 50,Pharmacy,,SACHET,,1400,NONYEZ VENTURES LTD,50,1
6013027.00,ondansetron,,ONDANSETRON (MULTICOY)  TABS 8MG X 100,Pharmacy,TABLETS,BLISTER,,9000,,100,10
,OPTICA AZ,,OPTICA AZ TABS  X 30,Pharmacy,TABLETS,BLISTER,,5360,ZIFAM PINNACLE NIG.LTD,30,10
6009153.00,oral rehydration salt(archy),,ORAL REHYDRATION SALT(ARCHY)   X 3,Pharmacy,,SACHET,,115,,3,1
6010722.00,ORAL ReHYDRATION SALT(MULTICOY),,ORAL REHYDRATION SALT(MULTICOY) POWDER  X 3,Pharmacy,POWDER,SACHET,,165,,3,1
14852.00,ORASel,,ORASEL POWDER  X 3,Pharmacy,POWDER,SACHET,,155,,3,1
1008011.00,ORASURE,,ORASURE POWDER  X 2,Pharmacy,POWDER,SACHET,,120,,2,1
,ORFEGYL,Metronidazole,ORFEGYL TABS 400MG X 100,Pharmacy,TABLETS,BLISTER,,700,ORFEMA PHARMACEUTICALS INDUSTRY LTD,100,10
1002685.00,ORPHESIC,,ORPHESIC TABS  X 100,Pharmacy,TABLETS,BLISTER,,2845,,100,10
,ORPHETAB,Orphenadrine,ORPHETAB TABS  X 100,Pharmacy,TABLETS,BLISTER,,4450,LAIDER INTERNATIONAL (W.A) LTD,100,10
6009340.00,ORPHETAB,,ORPHETAB TABS  X 20,Pharmacy,TABLETS,BLISTER,,955,,20,10
3582910000000.00,ORUVAIL,Ketoprofen,ORUVAIL CAPS 200MG X 28,Pharmacy,CAPSULES,BLISTER,,3447,,28,14
200031.00,OSJET,,OSJET TABS  X 20,Pharmacy,TABLETS,PACK,,910,THINE FOREVER PHARMACEUTIAL,20,1
,osteo aid,Glucosamine,OSTEO AID CAPS 500MG/200MG X 30,Pharmacy,CAPSULES,BLISTER,,1850,GOLD MOORE INTERNATIONAL LTD.,30,10
6011162.00,osteo,,OSTEO INHALER  X 6,Pharmacy,INHALER,BLISTER,,770,,6,1
,OSTINEX(CABERGOLINE),,OSTINEX(CABERGOLINE) TABS 0.5MG X 8,Pharmacy,TABLETS,SACHET,,4500,,8,2
6012286.00,OTEVO,,OTEVO TABS 50MG X 240,Pharmacy,TABLETS,PACK,,985,,240,12
,OXYBUTININ,,OXYBUTININ TABS 5MG X 84,Pharmacy,TABLETS,BLISTER,,3300,,84,14
6012984.00,OXYCLAV,Amoxicillin and Clavulanate,OXYCLAV TABS 625MG X 14,Pharmacy,TABLETS,BLISTER,,1130,,14,7
6941390000000.00,Oxytocin,Oxytocin,OXYTOCIN (UNBRANDED)  INJ 1ML X 100,Pharmacy,INJECTION (SOLUTION),AMPOULES,,8300,,100,1
6008696.00,OXYUREA,,OXYUREA CAPS 250MG X 30,Pharmacy,CAPSULES,BLISTER,,1350,,30,10
6013014.00,OZYFENAC,,OZYFENAC TABS  X 100,Pharmacy,TABLETS,BLISTER,,500,,100,10
6011998.00,OZYFENAC,,OZYFENAC TABS  X 240,Pharmacy,TABLETS,PACK,,1460,,240,12
1000605.00,PAINKIL,,PAINKIL CAPLET  X 100,Pharmacy,CAPLET,BLISTER,,668,,100,10
8906030000000.00,PALUDRINE [PROGUANIL],,PALUDRINE [PROGUANIL] TABS 100MG X 100,Pharmacy,TABLETS,BLISTER,,7225,,100,10
5036630000000.00,PALUDRINE,,PALUDRINE TABS 100MG X 98,Pharmacy,TABLETS,SACHET,,7000,,98,14
3587080000000.00,paluther,,PALUTHER INJ 80MG/1ML X 6,Pharmacy,INJECTION (SOLUTION),AMPOULES,,2500,,6,1
6161110000000.00,PANADOL COLD AND CATAARH,,PANADOL COLD AND CATAARH TABS  X 100,Pharmacy,TABLETS,SACHET,,1435,WWCVL (GSK-CX),100,4
6011052.00,PANADOL COLD AND CATTARH,,PANADOL COLD AND CATTARH TABS  X 48,Pharmacy,TABLETS,BLISTER,,650,WWCVL (GSK-CX),48,4
6161110000000.00,PANADOL EXTRA,,PANADOL EXTRA TABS  X 100,Pharmacy,TABLETS,BLISTER,,1550,WWCVL (GSK-CX),100,10
,PANADOL EXTRA(RETAIL PACK),,PANADOL EXTRA(RETAIL PACK) TABS 500MG X 100,Pharmacy,TABLETS,BLISTER,,1050,WWCVL (GSK-CX),100,4
6161110000000.00,PANADOL,Paracetamol,PANADOL TABS 500MG X 100 [NIGERIA],Pharmacy,TABLETS,BLISTER,,1300,WWCVL (GSK-CX),100,10
6012708.00,pancemol,,PANCEMOL TABS 500MG X 96,Pharmacy,TABLETS,BLISTER,,300,,96,12
5044.00,PANDA,Paracetamol,PANDA  500MG TAB X 96,Pharmacy,TABLETS,BLISTER,,300,,96,12
,Panda extra,Paracetamol\ Caffeine\ Dihydrocodeine Bitartrate,PANDA EXTRA CAPLET 500MG+300MG X 100,Pharmacy,CAPLET,BLISTER,,750,AFRAB-CHEM LTD.,100,10
,panfenac,,PANFENAC TABS 50MG X 100,Pharmacy,TABLETS,BLISTER,,580,MERIT HEALTHCARE LIMITED,100,10
6008650.00,PANFOR SR,,PANFOR SR (MEGA LIFESCIENCES)  TABS 1000MG X 100,Pharmacy,TABLETS,BLISTER,,4300,,100,10
1002379.00,PANFOR SR,,PANFOR SR TABS 500MG X 100,Pharmacy,TABLETS,BLISTER,,2500,,100,10
6011237.00,pantoprazole,,PANTOPRAZOLE (TEVA)  TABS 20MG X 28,Pharmacy,TABLETS,BLISTER,,2800,,28,7
6012207.00,pantoprazole,,PANTOPRAZOLE (TEVA)  TABS 40MG X 28,Pharmacy,TABLETS,BLISTER,,3200,,28,7
1007929.00,panzole,,PANZOLE TABS 200MG X 20,Pharmacy,TABLETS,PACK,,845,,20,1
1007930.00,panzole,,PANZOLE TABS 400MG X 20,Pharmacy,TABLETS,PACK,,860,,20,1
,para 1000mg,,PARA 1000MG CAPLET  X 150,Pharmacy,CAPLET,BLISTER,,3500,,150,3
,PARACETAMOL (BENTOS),,PARACETAMOL (BENTOS) TABS 500MG X 96,Pharmacy,TABLETS,BLISTER,,290,BENTOS PHARMACEUTICAL PRODUCTS LTD,96,12
15210.00,PARACETAMOL (CHI),,PARACETAMOL (CHI) TABS 500MG X 96,Pharmacy,TABLETS,BLISTER,,110,,96,12
6154000000000.00,PARACETAMOL,Paracetamol,PARACETAMOL (EMZOR)  TABS 500MG X 96,Pharmacy,TABLETS,BLISTER,,450,EMZOR PHARMACEUTICAL INDUSTRIES,96,12
15471.00,paracetamol (fidson),,PARACETAMOL (FIDSON) TABS 500MG X 96,Pharmacy,TABLETS,BLISTER,,380,,96,12
15180.00,PARACETAMOL (watson),,PARACETAMOL (WATSON) TABS 500MG X 100,Pharmacy,TABLETS,BLISTER,,720,,100,10
8556.00,PARACETAMOL [NEIMETH],,PARACETAMOL [NEIMETH] TABS 500MG X 96,Pharmacy,TABLETS,BLISTER,,300,,96,12
6012097.00,paracetamol,,PARACETAMOL TABS  X 432 {M & B},Pharmacy,TABLETS,BLISTER,,1650,,432,12
1009026.00,PARACETAMOL(CHI),,PARACETAMOL(CHI) TABS  X 36,Pharmacy,TABLETS,BLISTER,,100,,36,12
1009025.00,paracetamol(FIDSON),,PARACETAMOL(FIDSON) TABS 500MG X 96,Pharmacy,TABLETS,BLISTER,,85,,96,12
1009022.00,PARACETAMOL(INJ),,PARACETAMOL(INJ)  300MG 2ML,Pharmacy,,AMPOULES,,2400,,100,2ml
6034000000000.00,PARACETAMOL(M&B),,PARACETAMOL(M&B) TABS 500MG X 96,Pharmacy,TABLETS,BLISTER,,460,,96,12
6013427.00,paracetamol(orfema),,PARACETAMOL(ORFEMA) TABS 500MG X 96,Pharmacy,TABLETS,BLISTER,,240,,96,12
SK 061728394050,PARACETAMOL(SKG),,PARACETAMOL(SKG) TABS 500MG X 96,Pharmacy,TABLETS,BLISTER,,215,,96,12
6013114.00,PARADEX,,PARADEX TABS  X 100,Pharmacy,TABLETS,BLISTER,,420,,100,10
105488.00,PARAFEN,,PARAFEN TABS  X 100,Pharmacy,TABLETS,BLISTER,,380,,100,10
6012443.00,PARAGESIC,,PARAGESIC TABS 500MG X 96,Pharmacy,TABLETS,BLISTER,,210,,96,12
8698860000000.00,Parlodel,Bromocriptine Mesylate,PARLODEL TABS 2.5MG X 30 [BLISTER],Pharmacy,TABLETS,BLISTER,,6800,,30,10
,pause,Tranexamic Acid,PAUSE TABS 500MG X 30,Pharmacy,TABLETS,BLISTER,,3500,HEALTHLINE LIMITED,30,10
6010635.00,PAWAFENAC,,PAWAFENAC   X 200,Pharmacy,,PACK,,1500,,200,10
2934.00,PECTOL,,PECTOL TABS  X 216,Pharmacy,TABLETS,BLISTER,,1800,,216,6
6441.00,PEFLOMED X 10,,PEFLOMED X 10 TABS 400MG X 14,Pharmacy,TABLETS,BLISTER,,1100,,14,7
6012595.00,PEMALOD,,PEMALOD TABS 5MG X 28,Pharmacy,TABLETS,BLISTER,,320,,28,14
4978.00,PENGESIC,,PENGESIC  50MG CAP X 100,Pharmacy,CAPSULES,BLISTER,,7300,,100,10
1001593.00,PENICILLIN V,,PENICILLIN V (MULTICOY)  TABS 50000IU X 10,Pharmacy,TABLETS,PACK,,5960,,10,1
1422.00,PENTAX PLUS,Paracetamol,PENTAX PLUS  500MG TAB X 20,Pharmacy,TABLETS,FOIL STRIP,,85,VITABIOTICS (NIGERIA) LTD.,20,4
10544.00,PENTALAB (PENTAZOCINE),,PENTAZOCINE  30MG INJ  X 100  (MULTI COY),Pharmacy,INJECTION (SOLUTION),AMPOULES,,16000,,100,1
6009541.00,PEPTIASE,,PEPTIASE TABS 10MG X 100,Pharmacy,TABLETS,BLISTER,,2650,,100,10
14953.00,PERGLIM M-1,,PERGLIM M-1 TABS  X 30,Pharmacy,TABLETS,BLISTER,,1760,MEGA LIFESCIENCE NIGERIA LIMITED,30,10
8904080000000.00,PERGLIM M-2,,PERGLIM M-2 TABS  X 100,Pharmacy,TABLETS,PACK,,8920,,100,20
1002635.00,PERGLIM M-2,,PERGLIM M-2 TABS 2 MG X 20,Pharmacy,TABLETS,BLISTER,,2170,MEGA LIFESCIENCE NIGERIA LIMITED,20,10
1007668.00,PERGLIM,,PERGLIM TABS 2MG X 30,Pharmacy,TABLETS,BLISTER,,1785,MEGA LIFESCIENCE NIGERIA LIMITED,30,10
7585.00,PERIACTIN,Cyproheptadine,PERIACTIN TABS  X 30,Pharmacy,TABLETS,BLISTER,,750,,30,10
UPER05,PERILON,Prednisolone,PERILON TABS 5MG X 100,Pharmacy,TABLETS,BLISTER,,1620,HOVID,100,10
6012987.00,PERMESOP,,PERMESOP (REALS)  TABS 20MG X 28,Pharmacy,TABLETS,BLISTER,,2000,,28,7
,phenobarbital inj,Phenobarbital,PHENOBARBITAL INJ  200MG/10AMP/1ML X 10,Pharmacy,,VIALS,,4750,GLOBAL ONEWORD HEALTHCARE LTD.,10,1
6011896.00,PHENOXY,,PHENOXY TABS 250MG X 28,Pharmacy,TABLETS,BLISTER,,950,,28,14
,PhENYTOIN SODIUM(APL),,PHENYTOIN SODIUM(APL) INJ 250MG/5ML X 5,Pharmacy,INJECTION (SOLUTION),AMPOULES,,4000,E-MEC IMPEX COMPANY LTD,5,1
8906040000000.00,PIDOGREL,,PIDOGREL TABS 75MG X 30,Pharmacy,TABLETS,BLISTER,,1770,,30,10
6008817.00,PILAT,,PILAT INJ 30MG/ML X 100,Pharmacy,INJECTION (SOLUTION),AMPOULES,,17000,,100,1
,pilorem hct,Telmisartan,PILOREM HCT TABS 80/10/25MG X 30,Pharmacy,TABLETS,BLISTER,,5000,TOM HABEEB NIG.ENTERPRISES,30,10
,pilorem,Telmisartan,PILOREM TABS 40/5MG X 30,Pharmacy,TABLETS,BLISTER,,3050,TOM HABEEB NIG.ENTERPRISES,30,10
,pilorem,Telmisartan,PILOREM TABS 80/10MG X 30,Pharmacy,TABLETS,BLISTER,,4050,TOM HABEEB NIG.ENTERPRISES,30,10
,PILPROFEN,Ibuprofen,PILPROFEN TABS 400MG X 100,Pharmacy,TABLETS,BLISTER,,1400,PHAMATEX IND.LTD.,100,10
15002.00,pinvigon,,PINVIGON TABS  X 30,Pharmacy,TABLETS,BLISTER,,850,,30,10
10201.00,PIOGLITAZONE(MULTI COY),,PIOGLITAZONE(MULTI COY) TABS  X 30,Pharmacy,TABLETS,BLISTER,,1450,,30,10
6012800.00,PIOGLUCODIX,,PIOGLUCODIX TABS 15MG/500MG X 100,Pharmacy,TABLETS,BLISTER,,2250,,100,10
6012335.00,PIOGLUCODIX,,PIOGLUCODIX TABS 30/500MG X 100,Pharmacy,TABLETS,BLISTER,,2600,,100,10
125858.00,PIOMET,,PIOMET TABS 30MG X 30,Pharmacy,TABLETS,BLISTER,,1760,OMAK PHARMCETICIALS LTD,30,10
6009079.00,pionorm,,PIONORM TABS 30MG X 30,Pharmacy,TABLETS,BLISTER,,2600,,30,10
15341.00,PIOTAZONE,,PIOTAZONE TABS 30MG X 10,Pharmacy,TABLETS,BLISTER,,1650,,30,10
2684.00,PIRITON,Chlorpheniramine,PIRITON  4MG TAB  X 250 (EVANS),Pharmacy,TABLETS,BLISTER,,1145,,250,10
6154000000000.00,PIRITON (EMZOR),,PIRITON (EMZOR) TABS  X 100,Pharmacy,TABLETS,BLISTER,,170,,100,10
14825.00,Piriton,,PIRITON INJ 10MG X 100,Pharmacy,INJECTION (POWDER),AMPOULES,,3000,,100,1
4803.00,PIROXICAM,Piroxicam,PIROXICAM  20MG/2ML INJ X 100,Pharmacy,INJECTION (SOLUTION),AMPOULES,,3050,,100,1
1002233.00,PIROXICAM,,PIROXICAM (UNBRANDED)  CAPS 20MG X 100,Pharmacy,CAPSULES,BLISTER,,250,ARCHY PHARMACEUTICALS LTD,100,10
1003176.00,PLAGERINE,Clopidogrel Bisulfate,PLAGERINE TABS 75MG X 30,Pharmacy,TABLETS,BLISTER,,1650,,30,10
6012820.00,PLASEP,,PLASEP TABS 75MG X 30,Pharmacy,TABLETS,BLISTER,,1140,,30,10
6009276.00,PLASTER,,PLASTER   X 100,Pharmacy,,PCS,,470,,100,1
1009052.00,PLASTER,,PLASTER  1 INCH X 10,Pharmacy,,PCS,,2500,,10,1
7835.00,PLASTER,,PLASTER  6 INCHES X 5,Pharmacy,,PCS,,1905,,5,1
1009053.00,PLASTER 2 INCHES,,PLASTER 2 INCHES   X 10,Pharmacy,,PCS,,4200,,10,1
1009055.00,PLASTER 3 INCHES,,PLASTER 3 INCHES   X 4,Pharmacy,,PCS,,2405,,4,1
1009054.00,PLASTER 4 INCHES,,PLASTER 4 INCHES   X 5,Pharmacy,,PCS,,4300,,5,1
7855.00,PLASTIC BOTTLE,,PLASTIC BOTTLE  120ML X 250,Pharmacy,,BOTTLE,,17500,,250,1
7854.00,PLASTIC BOTTLE,,PLASTIC BOTTLE  60ML X 250,Pharmacy,,BOTTLE,,5925,,250,1
,polyfort chewable,,POLYFORT CHEWABLE TABS  X 100,Pharmacy,TABLETS,BLISTER,,1500,SWISS PHARMA NIG. LTD.,100,10
8902290000000.00,POLYGEL,,POLYGEL TABS  X 200,Pharmacy,TABLETS,BLISTER,,1820,,200,10
6009126.00,POP 8 inches,,POP 8 INCHES   X 12,Pharmacy,,PCS,,2880,,12,1
,pradaxa,,PRADAXA CAPS 110MG X 60,Pharmacy,CAPSULES,BLISTER,,15000,,60,10
,pradaxa,,PRADAXA CAPS 150MG X 60,Pharmacy,CAPSULES,BLISTER,,15000,,60,10
6012963.00,prazocap,,PRAZOCAP TABS 20MG X 14,Pharmacy,TABLETS,BLISTER,,100,,14,7
6011323.00,PrEB-M,,PREB-M TABS  X 30,Pharmacy,TABLETS,BLISTER,,2000,,30,10
6013116.00,PREDICURE,,PREDICURE TABS 5MG X 100,Pharmacy,TABLETS,BLISTER,,350,,100,10
6936290000000.00,PREDILIN,,PREDILIN TABS  X 100,Pharmacy,TABLETS,BLISTER,,580,,100,10
1007432.00,PREDISAM,,PREDISAM TABS  X 100,Pharmacy,TABLETS,BLISTER,,385,,100,10
6156000000000.00,PREDNISOLONE,,PREDNISOLONE 5MG TABS  X 100 (MULTI COY),Pharmacy,TABLETS,BLISTER,,365,,100,10
6011542.00,pregabalin,,PREGABALIN (MULTICOY)  TABS 75MG X 30,Pharmacy,TABLETS,BLISTER,,2050,,30,10
6008907.00,pregasafe,,PREGASAFE TABS  X 30,Pharmacy,TABLETS,BLISTER,,2450,,30,10
,pregesic,Orphenadrine,PREGESIC TABS 485MG X 100,Pharmacy,TABLETS,BLISTER,,1950,REALS PHARM.LTD,100,10
6012683.00,PREGMUM(N/F),,PREGMUM(N/F) TABS  X 100,Pharmacy,TABLETS,BLISTER,,5950,,100,10
,pregnagain plus,,PREGNAGAIN PLUS TABS  X 30,Pharmacy,TABLETS,BLISTER,,4300,ALMOND ETHICALS LTD.,30,10
9817.00,PREGNANCY TEST STRIP,,PREGNANCY TEST STRIP   X 50,Pharmacy,,SACHET,,1400,,50,1
1008824.00,PREPARATION H SUPPOSITORY,,PREPARATION H SUPPOSITORY SUPP  X 56,Pharmacy,SUPPOSITORY,SACHET,,1750,,56,8
6010650.00,PrEXAM,,PREXAM CAPS 500MG X 20,Pharmacy,CAPSULES,BLISTER,,2315,,20,10
6011110.00,PrEXAM,,PREXAM INJ  X 5,Pharmacy,INJECTION (POWDER),VIALS,,2100,,5,1
6009119.00,primalar,,PRIMALAR TABS  X 250,Pharmacy,TABLETS,PCS,,2400,,250,1
4008500000000.00,Primolut - N,,PRIMOLUT- N  5MG TAB X 30 [BLISTER],Pharmacy,TABLETS,BLISTER,,2700,,30,10
,PrIMPEX DS,,PRIMPEX DS TABS  X 100,Pharmacy,TABLETS,BLISTER,,2280,DIVINE CHENIC NIG LTD,100,10
1000290.00,Primpex,Cotrimoxazole,PRIMPEX TABS  X 100,Pharmacy,TABLETS,BLISTER,,965,SKG PHARMA LTD,100,10
1000159.00,PROCOLD,,PROCOLD TABS  X 50,Pharmacy,TABLETS,SACHET,,4200,,50,1
,progesta(dkt),Medroxyprogesterone,PROGESTA(DKT) INJ 150MG/ML X 20,Pharmacy,INJECTION (SOLUTION),AMPOULES,,4300,DKT INTERNATIONAL NIG.,20,1
4556.00,progesterone 25MG/ML,Progesterone,PROGESTERONE 25MG/ML INJ  X 100,Pharmacy,INJECTION (SOLUTION),AMPOULES,,8500,,100,1
1003273.00,proguanil (paludrine),,PROGUANIL (PALUDRINE) TABS  X 100,Pharmacy,TABLETS,BLISTER,,730,,100,10
18906100000000.00,PrOGUANIL(JAR),,PROGUANIL(JAR) TABS 100MG X 100,Pharmacy,TABLETS,PCS,,610,,100,1
6011930.00,PROGYNOVA,,PROGYNOVA TABS 2MG X 84,Pharmacy,TABLETS,BLISTER,,14000,,84,28
7997.00,PROLUTON DEPOT,,PROLUTON DEPOT INJ 250MG X 3,Pharmacy,INJECTION (SOLUTION),AMPOULES,,900,,3,1
1781.00,Promethazine,Promethazine,PROMETHAZINE  50MG/2ML INJ X 100,Pharmacy,INJECTION (SOLUTION),AMPOULES,,2300,,100,1
8269.00,Promethazine,,PROMETHAZINE SYR 2 LIT X 6 {LEADY},Pharmacy,SYRUP,BOTTLE,,6035,,6,1
7928.00,Promethazine,,PROMETHAZINE SYR 2 LIT X 6 {MOPSON},Pharmacy,SYRUP,BOTTLE,,5720,,6,1
8276.00,Promethazine,,PROMETHAZINE TABS 25MG X 100 {MAYDON},Pharmacy,TABLETS,BLISTER,,350,,100,20
5017010000000.00,propanolo  (teva),,PROPANOLO  (TEVA) TABS 40MG X 28,Pharmacy,TABLETS,BLISTER,,1350,,28,14
6008716.00,PROPANOLOL,,PROPANOLOL TABS 40MG X 28,Pharmacy,TABLETS,BLISTER,,1120,,28,14
6012173.00,propanolol(pocco),,PROPANOLOL(POCCO) TABS 40MG X 28,Pharmacy,TABLETS,BLISTER,,640,,28,14
1008077.00,PROPRADEREL,,PROPRADEREL TABS 40MG X 28,Pharmacy,TABLETS,BLISTER,,700,,28,14
6009256.00,PROSADINE,,PROSADINE TABS 10MG X 30,Pharmacy,TABLETS,BLISTER,,1160,,30,10
6010251.00,PROSADINE,,PROSADINE TABS 2.5MG X 30,Pharmacy,TABLETS,BLISTER,,1350,,30,10
6008944.00,PROSADINE,,PROSADINE TABS 5MG X 30,Pharmacy,TABLETS,BLISTER,,1450,,30,10
5013950000000.00,PROSCAR,Finasteride,PROSCAR  5MG TAB X 28,Pharmacy,TABLETS,BLISTER,,2500,,28,14
6012240.00,PrOTINET,,PROTINET TABS  X 30,Pharmacy,TABLETS,BLISTER,,3525,,30,10
6964.00,PROVERA,Medroxyprogesterone,PROVERA 10MG TAB X 100,Pharmacy,TABLETS,BLISTER,,2360,,100,1
7179.00,PROVERA X 24,Medroxyprogesterone,PROVERA 5MG TAB X 100,Pharmacy,TABLETS,PACK,,2565,,100,1
,PROVERA,,PROVERA TABS 10MG X 30,Pharmacy,TABLETS,BLISTER,,5400,ONYI-JEK GLOBAL RESOURCES,30,10
5909990000000.00,PROVERA,,PROVERA TABS 5MG X 30,Pharmacy,TABLETS,BLISTER,,3700,,30,10
6012370.00,PYRAmax,,PYRAMAX POWDER 60/20MG X 90,Pharmacy,POWDER,SACHET,,15030,,90,1
6012369.00,PYRAMAX,,PYRAMAX TABS 180/60MG X 90,Pharmacy,TABLETS,PCS,,23465,,90,1
6156000000000.00,PYRANTRIN,,PYRANTRIN TABS 125MG X 25,Pharmacy,TABLETS,SACHET,,7400,,25,1
7727.00,PYRIDOXINE,Pyridoxine,PYRIDOXINE TABS 50MG X 1000 {NEW DIVINE},Pharmacy,TABLETS,PCS,,1550,,1000,1
,quetiapine,,QUETIAPINE TABS 300MG X 60 [UK],Pharmacy,TABLETS,BLISTER,,4800,,60,15
6010809.00,quinine,,QUININE (MULTICOY)  TABS 300MG X 100,Pharmacy,TABLETS,BLISTER,,2170,,100,10
1783.00,quinine,,QUININE (UNBRANDED)  INJ  X 100,Pharmacy,INJECTION (POWDER),AMPOULES,,11500,,100,1
5060020000000.00,QUININE,Quinine,QUININE (UNBRANDED)  TABS  X 500,Pharmacy,TABLETS,PCS,,10235,,500,1
6539.00,QUININE SULPHATE,,QUININE SULPHATE 300MG TAB  X 10 (BLISTER),Pharmacy,TABLETS,BLISTER,,3600,,100,10
6010242.00,QUININE SULPHATE(MULTICOY),,QUININE SULPHATE(MULTICOY) TABS  X 20,Pharmacy,TABLETS,BLISTER,,900,,20,10
6012689.00,RABEC,,RABEC TABS 20MG X 30,Pharmacy,TABLETS,BLISTER,,900,,30,10
6012703.00,RABEFAST,,RABEFAST TABS  X 30,Pharmacy,TABLETS,BLISTER,,1650,,30,10
6008652.00,RABEFAST,,RABEFAST TABS 200MG X 100,Pharmacy,TABLETS,SACHET,,5400,,100,10
15023.00,RADIKLO forte,,RADIKLO FORTE TABS  X 100,Pharmacy,TABLETS,PACK,,90,,100,10
6013222.00,RAIN SOUL,,RAIN SOUL   X 30,Pharmacy,,SACHET,,26000,,30,1
,ramipril,,RAMIPRIL (ACCORD)  TABS 10MG X 28,Pharmacy,TABLETS,BLISTER,,850,,28,14
6012670.00,ramipril,,RAMIPRIL (MULTICHRIS)  TABS 10MG X 28,Pharmacy,TABLETS,BLISTER,,630,,28,14
6012671.00,ramipril,,RAMIPRIL (MULTICHRIS)  TABS 5MG X 28,Pharmacy,TABLETS,BLISTER,,580,,28,14
5017010000000.00,ramipril,Ramipril,RAMIPRIL CAPS 5MG X 28 [TEVA],Pharmacy,CAPSULES,BLISTER,,1000,,28,14
5017010000000.00,RAMIPRIL,Ramipril,RAMIPRIL TABS 10MG X 28 [TEVA],Pharmacy,TABLETS,BLISTER,,1100,,28,14
6011940.00,ramipril,,RAMIPRIL TABS 10MG X 30 {SIVO},Pharmacy,TABLETS,BLISTER,,570,,30,10
6011181.00,ramipril,Ramipril,RAMIPRIL TABS 2.5MG X 28 [TEVA],Pharmacy,TABLETS,BLISTER,,850,,28,14
1001307.00,RAMITACE,,RAMITACE TABS 5MG X 30,Pharmacy,TABLETS,BLISTER,,1070,,30,10
6008848.00,RAMIZ,,RAMIZ TABS 10MG X 30,Pharmacy,TABLETS,BLISTER,,805,,30,10
8906050000000.00,RAMIZ,,RAMIZ TABS 5MG X 30,Pharmacy,TABLETS,BLISTER,,650,,30,10
6011315.00,ramluvasc,,RAMLUVASC TABS 5MG X 28,Pharmacy,TABLETS,BLISTER,,200,,28,14
1396.00,RANFERON,,RANFERON CAPS  X 120,Pharmacy,CAPSULES,BLISTER,,1700,,120,10
8600.00,RANITIDINE(MULTICOY),,RANITIDINE(MULTICOY) TABS 150MG X 100 {YSP},Pharmacy,TABLETS,FOIL STRIP,,0,,100,10
6008841.00,RANOPHAGE,,RANOPHAGE TABS 1000MG X 20,Pharmacy,TABLETS,BLISTER,,750,,20,10
6008968.00,RATENOL,,RATENOL TABS 50MG X 28,Pharmacy,TABLETS,BLISTER,,170,,28,14
6011997.00,REAL EXTRA,,REAL EXTRA TABS  X 100,Pharmacy,TABLETS,PACK,,700,,100,10
6008983.00,realflex,,REALFLEX TABS  X 30,Pharmacy,TABLETS,BLISTER,,3900,,30,10
6011679.00,REALLY EXTRA,,REALLY EXTRA TABS  X 100,Pharmacy,TABLETS,PACK,,745,,100,10
8699500000000.00,Regroton,Reserpine and Chlorthalidone,REGROTON TABS  X 20,Pharmacy,TABLETS,BLISTER,,1465,,20,10
5751.00,REICHAMOX,,REICHAMOX CAPS 250MG X 100,Pharmacy,CAPSULES,BLISTER,,2000,,100,10
5036850000000.00,REICHAMOX,Amoxycillin,REICHAMOX CAPS 500MG X 100,Pharmacy,CAPSULES,BLISTER,,3520,,100,10
1000288.00,REICHLOX,l-aspartic acid,REICHLOX CAPS 500MG X 100,Pharmacy,CAPSULES,BLISTER,,3520,,100,10
8906040000000.00,REKMAL,,REKMAL INJ  X 6,Pharmacy,INJECTION (SOLUTION),VIALS,,5715,ZOLON HEALTHCARE LIMITED,6,1
6013101.00,REKMAL,,REKMAL INJ 120MG X 5,Pharmacy,INJECTION (POWDER),VIALS,,6200,,5,1
1002126.00,relev rapid,,RELEV RAPID  550MG  TAB X 20,Pharmacy,TABLETS,BLISTER,,1250,,20,10
15011.00,relev rapid,,RELEV RAPID TABS 550MG X 100,Pharmacy,TABLETS,BLISTER,,500,,100,10
1002038.00,RELEV,Naproxen,RELEV TABS 500MG X 20,Pharmacy,TABLETS,BLISTER,,1100,,20,10
6010952.00,RELIEF,,RELIEF TABS  X 20,Pharmacy,TABLETS,PACK,,2300,,20,1
6012737.00,reload men's formula,,RELOAD MEN'S FORMULA TABS  X 150,Pharmacy,TABLETS,BLISTER,,8030,,150,15
6012738.00,reload women's formula,,RELOAD WOMEN'S FORMULA TABS  X 150,Pharmacy,TABLETS,BLISTER,,8505,,150,15
6011565.00,reludine,,RELUDINE TABS 100MG X 100,Pharmacy,TABLETS,BLISTER,,2550,,100,10
8902500000000.00,RENERVE PLUS,,RENERVE PLUS TABS  X 30,Pharmacy,TABLETS,BLISTER,,5600,,30,15
6012614.00,RENERVE PLUUS-BT,,RENERVE PLUUS-BT SOFTGEL  X 30,Pharmacy,SOFTGEL,BLISTER,,3300,,30,15
6013047.00,RENO,,RENO CAPS  X 30,Pharmacy,CAPSULES,BLISTER,,500,,30,6
6012556.00,REPROFEN NIGHT,,REPROFEN NIGHT TABS 200/25MG X 100,Pharmacy,TABLETS,PACK,,1765,,100,10
10097.00,RESPERIDOL,,RESPERIDOL TABS 3MG X 20,Pharmacy,TABLETS,BLISTER,,5500,,20,10
6011347.00,RESTATIN,,RESTATIN TABS  X 100,Pharmacy,TABLETS,BLISTER,,2700,,100,10
,RIBOREA,Hydroxyurea,RIBOREA CAPS 500MG X 100,Pharmacy,CAPSULES,BLISTER,,7000,ONYI-JEK GLOBAL RESOURCES,100,10
6010562.00,RIBORICH b2,,RIBORICH B2 TABS 2MG X 100,Pharmacy,TABLETS,BLISTER,,200,,100,10
5725.00,RICAM,,RICAM  20MG CAP X 100,Pharmacy,CAPSULES,BLISTER,,700,,100,10
5730.00,RICAM X 10,,RICAM  CAPS  20MG X 10,Pharmacy,CAPSULES,PACK,,750,,10,1
9872.00,RIFALAB FORTE,,RIFALAB FORTE TABS  X 100,Pharmacy,TABLETS,BLISTER,,195,,100,10
8906050000000.00,RIFAMPICIN,,RIFAMPICIN  300MG CAP X 100 (MULTI COY),Pharmacy,CAPSULES,BLISTER,,3100,,100,10
1704.00,RIMACTAL INH 300,,RIMACTAL INH 300MG TABS X 30,Pharmacy,TABLETS,BLISTER,,6965,,30,10
1009160.00,RISPERIDONE(RISDAL),,RISPERIDONE(RISDAL) TABS 2MG X 100,Pharmacy,TABLETS,BLISTER,,2850,,100,10
6011486.00,RIVOTRIL,,RIVOTRIL TABS 2MG X 30,Pharmacy,TABLETS,PCS,,5000,,30,1
,RIVOTRIL,,RIVOTRIL TABS 2MG X 60,Pharmacy,TABLETS,BLISTER,,14000,E-MEC IMPEX COMPANY LTD,60,15
6011060.00,RIZCET,,RIZCET TABS 5MG X 30,Pharmacy,TABLETS,BLISTER,,700,,30,10
6033000000000.00,ROBB INHALER,,ROBB INHALER   X 12,Pharmacy,,PCS,,1480,,12,1
4362.00,rohypnol,Flunitrazepam,ROHYPNOL TABS  X 30,Pharmacy,TABLETS,BLISTER,,1650,,30,3
8434.00,ROSART TAB,,ROSART 25MG TAB X 50,Pharmacy,TABLETS,BLISTER,,1965,,50,10
8901300000000.00,ROSART,,ROSART TABS 50MG X 50,Pharmacy,TABLETS,BLISTER,,2900,,50,10
6013239.00,ROSTOR,Rosuvastatin,ROSTOR TABS 10MG X 30,Pharmacy,TABLETS,SACHET,,1300,,30,10
8906040000000.00,ROSUDEX,,ROSUDEX  20MG X 30,Pharmacy,,BLISTER,,3650,,30,10
8906040000000.00,ROSUDEX-10MG,,ROSUDEX-10MG TABS  X 30,Pharmacy,TABLETS,BLISTER,,3320,ZOLON HEALTHCARE LIMITED,30,10
6008653.00,ROSUTOR,,ROSUTOR TABS 10MG X 30,Pharmacy,TABLETS,SACHET,,2150,,30,10
,ROSUVASTATIN(MEDREICH),,ROSUVASTATIN(MEDREICH) TABS 10MG X 28,Pharmacy,TABLETS,BLISTER,,2600,SK MEDICINES  LTD,28,14
,ROSUVASTATIN(MEDREICH),,ROSUVASTATIN(MEDREICH) TABS 20MG X 28,Pharmacy,TABLETS,BLISTER,,2500,SK MEDICINES  LTD,28,14
6008660.00,ROVATIN,,ROVATIN TABS 10MG X 30,Pharmacy,TABLETS,BLISTER,,900,,30,10
,rovista,Rosuvastatin,ROVISTA TABS 10MG X 30,Pharmacy,TABLETS,BLISTER,,2750,WWCVL (GET),30,10
,ROVISTA,Rosuvastatin,ROVISTA TABS 20MG X 30,Pharmacy,TABLETS,BLISTER,,3850,WWCVL (GET),30,10
6013033.00,ROXAREL,,ROXAREL TABS 20MG X 20,Pharmacy,TABLETS,BLISTER,,7500,,20,10
15490.00,RUFEDOL,,RUFEDOL TABS  X 100,Pharmacy,TABLETS,BLISTER,,350,,100,10
15487.00,S-AMLO,,S-AMLO TABS 2.5MG X 30,Pharmacy,TABLETS,BLISTER,,1720,,30,10
1003268.00,S-AMLO,,S-AMLO TABS 5.0MG X 30,Pharmacy,TABLETS,BLISTER,,2050,,30,10
6012772.00,safetelmi h,,SAFETELMI H TABS 80MG/12.5MG X 30,Pharmacy,TABLETS,BLISTER,,4360,,30,10
6012860.00,safetelmi,,SAFETELMI TABS 40MG X 28,Pharmacy,TABLETS,BLISTER,,3200,,28,7
6012821.00,SAFETELMI,,SAFETELMI TABS 80MG X 30,Pharmacy,TABLETS,BLISTER,,3750,,30,10
,SALBUTAMOL(AFRAB),Salbutamol,SALBUTAMOL(AFRAB) TABS 4MG X 100,Pharmacy,TABLETS,BLISTER,,450,AFRAB-CHEM LTD.,100,10
14902.00,salbutamol(TIN),Salbutamol,SALBUTAMOL(TIN) TABS 2MG X 1000,Pharmacy,TABLETS,PCS,,655,VITABIOTICS (NIGERIA) LTD.,1000,1
1009084.00,salbutamol(TIN),,SALBUTAMOL(TIN) TABS 4MG X 1000,Pharmacy,TABLETS,PCS,,1600,,1000,1
6011112.00,SALBUTAMOL(VITABIOTICS),,SALBUTAMOL(VITABIOTICS) TABS 4MG X 500,Pharmacy,TABLETS,PCS,,705,,500,1
4563.00,SALVITE,,SALVITE CAPS  X 30,Pharmacy,CAPSULES,PACK,,200,,30,15
6009118.00,samtrex,,SAMTREX TABS  X 500,Pharmacy,TABLETS,PCS,,850,,500,1
6013256.00,SAYANA PRESS INJ,,SAYANA PRESS INJ INJ 104MG/0.65ML X 10,Pharmacy,INJECTION (SOLUTION),VIALS,Injectable hormonal contraceptives,3500,,10,1
10355.00,Scalpvein,,SCALP VEIN 19G X 100,Pharmacy,,PCS,,800,,100,1
4622.00,Scalpvein,,SCALPVEIN  21G X 100,Pharmacy,,PCS,,2450,,100,1
4623.00,scalpvein,,SCALPVEIN  23G X 100,Pharmacy,,PCS,,1670,,100,1
6011697.00,SCRIP-METFORMIN,,SCRIP-METFORMIN TABS 500MG X 100,Pharmacy,TABLETS,BLISTER,,700,,100,10
,SEALCOR,,SEALCOR TABS 10MG X 30,Pharmacy,TABLETS,BLISTER,,3000,SEAL HEALTHCARE LTD.,30,10
6012726.00,semetil,,SEMETIL TABS 5MG X 300,Pharmacy,TABLETS,BLISTER,,2250,,300,20
1000254.00,SEROXAT,,SEROXAT TABS 20MG X 30,Pharmacy,TABLETS,BLISTER,,2925,WWCVL (GSK),30,10
5017010000000.00,SERTRALIN,,SERTRALIN TABS 50MG X 28,Pharmacy,TABLETS,BLISTER,,1440,,28,14
15329.00,SERTRALINE,,SERTRALINE (TEVA)  TABS 100MG X 28,Pharmacy,TABLETS,BLISTER,,1550,,28,14
8901110000000.00,SETRAL,Sertraline,SETRAL TABS 100MG X 28,Pharmacy,TABLETS,BLISTER,,1190,,28,14
8902310000000.00,SETRAL,Sertalin,SETRAL TABS 50MG X 28,Pharmacy,TABLETS,BLISTER,,1425,,28,14
6013024.00,SETRALLINE,,SETRALLINE (TEVA)  TABS 50MG X 28,Pharmacy,TABLETS,BLISTER,,1950,,28,14
5060150000000.00,SETRALLINE(ACCORD),,SETRALLINE(ACCORD) TABS 50MG X 28,Pharmacy,TABLETS,BLISTER,,1650,,28,14
6013477.00,SETRALLINE(TEVA),,SETRALLINE(TEVA) TABS 100MG X 28,Pharmacy,TABLETS,BLISTER,,1600,TEVA,28,14
1007897.00,SHALTOUX,,SHALTOUX LOZENGES  X 240,Pharmacy,LOZENGES,PCS,,3800,SHALINA HEALTHCARE NIGERIA LTD,240,1
6012577.00,SHALTOUX LOZENGES,,SHALTOUX LOZENGES TABS  X 200,Pharmacy,TABLETS,PCS,,3675,,200,1
,SHALTOUX,,SHALTOUX TABS  X 120,Pharmacy,TABLETS,BLISTER,,2250,,120,6
6360.00,SILK 0,,SILK 0   X 12,Pharmacy,,PCS,,1000,,12,1
5982.00,SILK 1,,SILK 1   X 12,Pharmacy,,PCS,,1000,,12,1
5984.00,SILK 2,,SILK 2   X 12,Pharmacy,,PCS,,875,,12,1
4690.00,Silk 2/0,,SILK 2/0   X 12,Pharmacy,,PCS,,1125,,12,1
5983.00,SILK 3/0,,SILK 3/0   X 12,Pharmacy,,PCS,,500,,12,1
,simlo,Amlodipine,SIMLO TABS 5MG X 30,Pharmacy,TABLETS,BLISTER,,2000,LEOTETRA HEALTHCARE LTD,30,10
5060010000000.00,SIMVASTATIN,,SIMVASTATIN TABS 10MG X 28 {BRISTOL},Pharmacy,TABLETS,BLISTER,,480,,28,14
5060010000000.00,SIMVASTATIN,,SIMVASTATIN TABS 40MG X 28 {BRISTOL},Pharmacy,TABLETS,BLISTER,,5,,28,14
5017010000000.00,simvastatin(crescent),,SIMVASTATIN(CRESCENT) TABS 10MG X 28,Pharmacy,TABLETS,BLISTER,,550,,28,14
5017010000000.00,simvastatin(crescent),,SIMVASTATIN(CRESCENT) TABS 20MG X 28,Pharmacy,TABLETS,BLISTER,,700,,28,14
6011947.00,simvastatin(crescent),,SIMVASTATIN(CRESCENT) TABS 40MG X 28,Pharmacy,TABLETS,BLISTER,,680,,28,14
15082.00,SIMVASTATIN(TEVA),,SIMVASTATIN(TEVA) TABS 40MG X 28,Pharmacy,TABLETS,BLISTER,,645,,28,14
5060010000000.00,SIMVASTIN(BRISTOL),,SIMVASTIN(BRISTOL) TABS 20MG X 28,Pharmacy,TABLETS,BLISTER,,550,,28,14
15135.00,SIMVASTIN(MOSTEN),,SIMVASTIN(MOSTEN) TABS 10MG X 20,Pharmacy,TABLETS,BLISTER,,340,,20,10
15136.00,SIMVASTIN(MOSTEN),,SIMVASTIN(MOSTEN) TABS 20MG X 20,Pharmacy,TABLETS,BLISTER,,320,,20,10
6008700.00,simvofix,,SIMVOFIX TABS 10MG X 30,Pharmacy,TABLETS,BLISTER,,310,,30,10
11710.00,SIMVOR,,SIMVOR (RANBAXY)  TABS 10MG X 30,Pharmacy,TABLETS,BLISTER,,1125,,30,10
6013007.00,SINEMET,,SINEMET TABS 275MG X 100,Pharmacy,TABLETS,BLISTER,,10000,,100,10
47884779.00,SINEMET,Carbidopa\ Levodopa,SINEMET TABS 275MG X 50,Pharmacy,TABLETS,BLISTER,,6500,,50,10
2653.00,SINUFED,,SINUFED TAB X 100,Pharmacy,TABLETS,BLISTER,,2650,,100,10
1003219.00,sirdalud,,SIRDALUD TABS 2MG X 30,Pharmacy,TABLETS,BLISTER,,2330,,30,10
1007613.00,sirdalud,,SIRDALUD TABS 4MG X 30,Pharmacy,TABLETS,BLISTER,,4210,,30,10
6011677.00,SIVOFEMOL,,SIVOFEMOL TABS 550MG X 100,Pharmacy,TABLETS,BLISTER,,695,,100,10
6013452.00,sivofenac,,SIVOFENAC TABS 50MG X 240,Pharmacy,TABLETS,PACK,,1100,,240,12
6012803.00,SIVOPHAGE,,SIVOPHAGE TABS 500MG X 84,Pharmacy,TABLETS,BLISTER,,500,,84,14
6013456.00,sivotezide hct,,SIVOTEZIDE HCT TABS 40/12.5MG X 30,Pharmacy,TABLETS,BLISTER,,950,,30,10
6013180.00,SIVOTIDINE,Ranitidine,SIVOTIDINE TABS 150MG X 20,Pharmacy,TABLETS,BLISTER,,410,,20,10
6012365.00,SLOW K (SANDOZ),,SLOW K (SANDOZ) TABS 600MG X 40,Pharmacy,TABLETS,PCS,,3200,,40,1
7612790000000.00,SLOW K,,SLOW K TABS  X 100,Pharmacy,TABLETS,PCS,,15500,,100,1
6008950.00,SLOW K,,SLOW K TABS  X 50,Pharmacy,TABLETS,PCS,,3000,,50,1
6773.00,SLOW K,,SLOW K TABS 600MG X 500,Pharmacy,TABLETS,PCS,,3160,,500,1
,SLOW K(R-RETARD),,SLOW K(R-RETARD) TABS 600MG X 50,Pharmacy,TABLETS,PACK,,4500,ONYI-JEK GLOBAL RESOURCES,50,10
5776.00,SOFRATULE,,SOFRATULE   X 10,Pharmacy,,PCS,,900,,10,1
6013247.00,solofenac,Diclofenac Potassium,SOLOFENAC TABS 500G X 10,Pharmacy,TABLETS,PACK,,600,FELINE GLOBAL COMPANY NIGERIA LTD,10,1
6013023.00,SoMEPRA,,SOMEPRA TABS 20MG X 30,Pharmacy,TABLETS,BLISTER,,410,,30,10
7610940000000.00,SONGHA NIGHT,,SONGHA NIGHT TABS  X 30,Pharmacy,TABLETS,BLISTER,,2350,,30,15
6009521.00,SORBITOL STADA,,SORBITOL STADA POWDER 5G X 20,Pharmacy,POWDER,PACK,,1685,,20,1
,SOREPILS LOZENGES,,SOREPILS LOZENGES TABS  X 24,Pharmacy,TABLETS,BLISTER,,700,BOCHE PHARM (NIG) LTD,24,12
,soresil lozenges,,SORESIL LOZENGES TABS  X 24,Pharmacy,TABLETS,BLISTER,,900,NUMBERS PHARMACEUTICALS LTD,24,12
,spanish gold fly,,SPANISH GOLD FLY   X 12,Pharmacy,,PACK,,5000,E-MEC IMPEX COMPANY LTD,12,1
6011322.00,SPECTRACLUVENIC,,SPECTRACLUVENIC TABS 625MG X 14,Pharmacy,TABLETS,BLISTER,,800,,14,7
6013018.00,SPINAL NEEDLE,,SPINAL NEEDLE   X 50,Pharmacy,,PCS,,10000,,50,1
5017010000000.00,SPIROLACTONE,,SPIROLACTONE TABS 25MG X 28,Pharmacy,TABLETS,BLISTER,,1720,,28,14
806009000000.00,SPIRONOLACTONE,Spironolactone,SPIRONOLACTONE TABS 25MG X 500 {REMEDIA},Pharmacy,TABLETS,PCS,,6500,,500,1
,SPIRONOLACTONE(MULTICOY),,SPIRONOLACTONE(MULTICOY) TABS 50MG X 28,Pharmacy,TABLETS,BLISTER,,2500,ONYI-JEK GLOBAL RESOURCES,28,14
6012246.00,spironolactone(newteva),,SPIRONOLACTONE(NEWTEVA) TABS 25MG X 28,Pharmacy,TABLETS,BLISTER,,820,,28,14
9026.00,STANFER,,STANFER 200MG TAB X 100,Pharmacy,TABLETS,BLISTER,,130,,100,10
1774.00,STEMETIL,,STEMETIL TABS 5MG X 300,Pharmacy,TABLETS,BLISTER,,1800,,300,20
8994390000000.00,STIMUNO FORTE,,STIMUNO FORTE CAPS  X 30,Pharmacy,CAPSULES,BLISTER,,1750,CHI PHARMACEUTICALS LTD.,30,10
,STOPTRANS MED,,STOPTRANS MED POWDER 40G X 10,Pharmacy,POWDER,PACK,,2500,,10,1
6012394.00,STREPSILS,,STREPSILS LOZENGES  X 144,Pharmacy,LOZENGES,BLISTER,,0,,144,6
5000160000000.00,STREPSILS(ALL FLAVORS),,STREPSILS(ALL FLAVORS) LOZENGES  X 24,Pharmacy,LOZENGES,SACHET,,2200,,24,12
1000327.00,Streptomycin,Streptomycin,STREPTOMYCIN (UNBRANDED)  INJ  X 10,Pharmacy,INJECTION (POWDER),VIALS,,4800,,10,1
6009496.00,stress defence,,STRESS DEFENCE TABS  X 30,Pharmacy,TABLETS,BLISTER,,4000,,30,15
1001811.00,stress pack,,STRESS PACK CAPS  X 30,Pharmacy,CAPSULES,BLISTER,,3315,,30,15
1008776.00,STRIPRIL,,STRIPRIL CAPS 5MG X 100,Pharmacy,CAPSULES,BLISTER,,1335,,100,10
6012613.00,STRIPRIL,,STRIPRIL TABS 10MG X 100,Pharmacy,TABLETS,BLISTER,,1700,,100,10
1000296.00,STUGERON,,STUGERON TABS 25MG X 50,Pharmacy,TABLETS,BLISTER,,1332,,50,10
8999910000000.00,sudrex cough & cold,,SUDREX COUGH & COLD TABS  X 20,Pharmacy,TABLETS,BLISTER,,195,,20,10
6009311.00,sudrex joint & muscle,,SUDREX JOINT & MUSCLE TABS 500MG X 30,Pharmacy,TABLETS,BLISTER,,195,oraNGE DRUGS LTD.2,30,10
6013170.00,SUITCOD,,SUITCOD CAPS 300MG X 30,Pharmacy,CAPSULES,BLISTER,,220,,30,15
8906010000000.00,sulfur,,SULFUR (MULTICOY)  OINTMENT  X 12,Pharmacy,SKIN OINTMENT,TUBE,,890,,12,1
8043.00,sulphatriad,,SULPHATRIAD  500MG TAB X 20,Pharmacy,TABLETS,BLISTER,,5300,,20,1
4612.00,sulphatriad,,SULPHATRIAD TABS 500MG X 500,Pharmacy,TABLETS,PCS,,7675,MAY & BAKER NIGERIA PLC,500,1
6011918.00,SUNPOSAL,,SUNPOSAL POWDER 15G X 20,Pharmacy,POWDER,BLISTER,,1350,,20,1
6012366.00,SUPAPIRO,,SUPAPIRO CAPS 20MG X 100,Pharmacy,CAPSULES,BLISTER,,650,,100,10
6012285.00,SUPASTO FORTE,,SUPASTO FORTE TABS 550MG X 100,Pharmacy,TABLETS,BLISTER,,750,,100,10
6010185.00,super calcium(nature field),,SUPER CALCIUM(NATURE FIELD) TABS  X 100,Pharmacy,TABLETS,PCS,,2850,,100,1
,SUPRA BOOSTER,Ginseng extract powder,SUPRA BOOSTER SOFTGEL  X 30,Pharmacy,SOFTGEL,PACK,,650,GLACK PHARM.LTD.,30,5
1000503.00,SUPRADYN,,SUPRADYN CAPS  X 30,Pharmacy,CAPSULES,BLISTER,,3000,,30,10
8806040000000.00,SUPRAMULT,,SUPRAMULT CAPS  X 30,Pharmacy,CAPSULES,BLISTER,,1435,,30,10
11529.00,SURECLOFEN FORT,,SURECLOFEN FORT TABS 50MG X 100,Pharmacy,TABLETS,BLISTER,,320,,100,10
6012883.00,SURESIDAR,,SURESIDAR TABS  X 150,Pharmacy,TABLETS,BLISTER,,4000,,150,3
,SUREX NIGHT,Diphenhydramine,SUREX NIGHT TABS 500MG+25MG X 100,Pharmacy,TABLETS,BLISTER,,900,VIXA PHARMACEUTICAL CO. LTD.,100,10
8252.00,Surgical blade,,SURGICAL BLADE  SIZE 15 X 100,Pharmacy,,SACHET,,1775,,100,1
9063.00,Surgical blade,,SURGICAL BLADE  SIZE 16 X 100,Pharmacy,,SACHET,,1300,,100,1
4247.00,Surgical blade,,SURGICAL BLADE  SIZE 20 X 100,Pharmacy,,PCS,Corticosteroids and other immunosuppressants,1775,,100,1
9052.00,Surgical blade,,SURGICAL BLADE  SIZE 21 X 100,Pharmacy,,SACHET,,1775,,100,1
9125.00,Surgical blade,,SURGICAL BLADE  SIZE 23 X 100,Pharmacy,,SACHET,,1800,,100,1
9186.00,Surgical blade,,SURGICAL BLADE  SIZE 24 X 100,Pharmacy,,SACHET,,1645,,100,1
10461.00,Surgical blade,,SURGICAL BLADE SIZE 11 X 100,Pharmacy,,SACHET,,1800,,100,1
4746.00,Surgical blade,,SURGICAL BLADE SIZE 22 X 100,Pharmacy,,SACHET,,1755,,100,1
4694.00,Surgical gloves,,SURGICAL GLOVES   X 50 {SIZE 7 1/2},Pharmacy,,PCS,,6300,,50,1
1000538.00,Surgical gloves,,SURGICAL GLOVES   X 50 {SIZE 8},Pharmacy,,PCS,,6300,,50,1
,suvast-10,Atorvastatin,SUVAST-10 TABS 10MG X 30,Pharmacy,TABLETS,BLISTER,,850,SUPERIOR PHARM,30,10
8066.00,SWAB STICK,,SWAB STICK   X 100,Pharmacy,,SACHET,,4580,,100,1
8906040000000.00,swibetic,,SWIBETIC TABS 5/500MG X 30,Pharmacy,TABLETS,BLISTER,,820,,30,10
,swidem,,SWIDEM TABS 10MG X 14,Pharmacy,TABLETS,SACHET,,950,SWISS PHARMA NIG. LTD.,14,7
6013208.00,SWIDON,,SWIDON TABS 5MG X 30,Pharmacy,TABLETS,BLISTER,,1250,,30,10
6013457.00,SWINOL,,SWINOL TABS 1MG X 30,Pharmacy,TABLETS,BLISTER,,7500,SWISS PHARMA NIG. LTD.,30,10
1007428.00,SWINOL,,SWINOL TABS 5MG X 30,Pharmacy,TABLETS,BLISTER,,2415,,30,3
8906040000000.00,SWIVASC,,SWIVASC TABS 10MG X 30,Pharmacy,TABLETS,BLISTER,,400,,30,10
8906040000000.00,SWIVASC,,SWIVASC TABS 5MG X 100,Pharmacy,TABLETS,BLISTER,,350,,100,10
11568.00,SWIVASC,,SWIVASC TABS 5MG X 30,Pharmacy,TABLETS,BLISTER,,380,,30,10
8906000000000.00,SYNOVIT,,SYNOVIT CAPS  X 30,Pharmacy,CAPSULES,BLISTER,,1715,,30,10
1009089.00,SYRINGE &  NEEDLE,,SYRINGE &  NEEDLE  10ML X 100,Pharmacy,,SYRINGE,,3700,,100,1
1009090.00,SYRINGE &  NEEDLE 20ml,,SYRINGE &  NEEDLE 20ML   X 80,Pharmacy,,SYRINGE,,4160,,80,1
1009086.00,SYRINGE & NEDDLE 2ML,,SYRINGE & NEDDLE 2ML   X 100,Pharmacy,,PCS,,3400,AGARY PHARMACEUTICALS LIMITED,100,1
9083.00,SYRINGE AND NEEDLE,,SYRINGE AND NEEDLE  5ML X 100,Pharmacy,,SYRINGE,,3500,,100,1
8902500000000.00,TABASIL,Terbinafine,TABASIL TABS 250MG X 14,Pharmacy,TABLETS,BLISTER,,1600,,14,7
1003605.00,TALEN,,TALEN TABS 1.5MG X 30,Pharmacy,TABLETS,PCS,,400,,30,1
1007455.00,TALEN,,TALEN TABS 3MG X 30,Pharmacy,TABLETS,PCS,,550,,30,1
1000312.00,TAMOXIFEN,Tamoxifen,TAMOXIFEN TABS 20MG X 30 [UK],Pharmacy,TABLETS,BLISTER,,1800,,30,10
,TAMSULON-XL (SAM JONES),,TAMSULON-XL (SAM JONES) TABS 400MCG X 30,Pharmacy,TABLETS,BLISTER,,1900,DE-ZUBIK PHARMACEUTICA LTD,30,10
8906010000000.00,TAMSULON-XL,Tamsulosin,TAMSULON-XL CAPS 400MCG X 28,Pharmacy,CAPSULES,BLISTER,,2200,,28,7
5325.00,TANZOL,,TANZOL TABS 400MG X 20,Pharmacy,TABLETS,PACK,,1600,,20,1
1000295.00,TARIVID,ofloxacin,TARIVID TABS 200MG X 100,Pharmacy,TABLETS,BLISTER,,13390,,100,10
,tasmi,Telmisartan,TASMI TABS 40MG X 14,Pharmacy,TABLETS,BLISTER,,1350,WWCVL (GET),14,7
,tasmi,Telmisartan,TASMI TABS 80MG X 14,Pharmacy,TABLETS,BLISTER,,1850,WWCVL (GET),14,7
6012855.00,tasmi,,TASMI TABS 80MG X 28,Pharmacy,TABLETS,BLISTER,,1975,,28,7
8699500000000.00,TAVEGYL,Clemastine,TAVEGYL 1MG  TAB X 20,Pharmacy,TABLETS,BLISTER,,2100,,20,10
1000235.00,Tegretol CR,Carbamazepine,TEGRETOL CR TABS 200MG X 50,Pharmacy,TABLETS,BLISTER,,3900,,50,10
1000236.00,Tegretol CR,Carbamazepine,TEGRETOL CR TABS 400MG X 30,Pharmacy,TABLETS,BLISTER,,4500,,30,10
1001108.00,TEGRETOL(PLAIN),,TEGRETOL(PLAIN) TABS 200MG X 50,Pharmacy,TABLETS,BLISTER,,3350,,50,10
6012774.00,teklofenac,,TEKLOFENAC TABS 50MG X 100,Pharmacy,TABLETS,BLISTER,,400,,100,10
,Telmisartan,Telmisartan,TELMISARTAN (ENDURANCE)  TABS 80MG X 30,Pharmacy,TABLETS,BLISTER,,1700,GLOBAL ONEWORD HEALTHCARE LTD.,30,10
,telmisartan,Telmisartan,TELMISARTAN (EXCELCHARIS)  TABS 40MG X 30,Pharmacy,TABLETS,BLISTER,,950,GLOBAL ONEWORD HEALTHCARE LTD.,30,10
,telsart-hct,Telmisartan,TELSART-HCT TABS 40MG/12.5MG X 28,Pharmacy,TABLETS,BLISTER,,2950,EVANS THERAPEUTICS,28,7
,telsart-hct,Telmisartan,TELSART-HCT TABS 80MG/12.5MG X 28,Pharmacy,TABLETS,BLISTER,,3250,EVANS THERAPEUTICS,28,7
,temesta(lorazepam),,TEMESTA(LORAZEPAM) TABS 2.5MG X 30,Pharmacy,TABLETS,BLISTER,,5900,,30,15
5000460000000.00,TENORET 50,Atenolol and Chlorthalidone,TENORET 50 TABS  X 28,Pharmacy,TABLETS,BLISTER,,3900,WWCVL (ASTRAZENICA),28,14
8901080000000.00,TENORIC,,TENORIC TABS 100MG X 28,Pharmacy,TABLETS,BLISTER,,1750,,28,14
8901080000000.00,TENORIC,,TENORIC TABS 50MG X 28,Pharmacy,TABLETS,BLISTER,,1350,IPCA PHARMA NIG.LTD.,28,14
1000013.00,Tenormin,Atenolol,TENORMIN  50MG TABS X 28,Pharmacy,TABLETS,BLISTER,,1600,,28,14
1000012.00,Tenormin,Atenolol,TENORMIN TABS 100MG X 28,Pharmacy,TABLETS,BLISTER,,4900,,28,14
,Terbinafine,Terbinafine,TERBINAFINE (MUTICOY)  TABS 250MG X 30,Pharmacy,TABLETS,BLISTER,,2400,E-MEC IMPEX COMPANY LTD,30,10
6113.00,tetanus antitoxin,Tetanus Antitoxin,TETANUS ANTITOXIN INJ 1500IU X 10 {ATLAS},Pharmacy,INJECTION (SOLUTION),AMPOULES,,2300,,10,1
9278.00,TETANUS TOXOID (T.T),,TETANUS TOXOID (T.T) INJ 0.5ML X 100,Pharmacy,INJECTION (SOLUTION),AMPOULES,,15000,,100,1
6013000.00,TETRACYCLINE,,TETRACYCLINE (FIDSON)  TABS 250MG X 100,Pharmacy,TABLETS,BLISTER,,950,,100,10
8904190000000.00,TETRACYCLINE,,TETRACYCLINE (MULTICOY)  CAPS  X 100,Pharmacy,CAPSULES,BLISTER,,980,,100,10
2673.00,THALAZOLE,,THALAZOLE TABS 500MG X 500,Pharmacy,TABLETS,PCS,,11830,MAY & BAKER NIGERIA PLC,500,1
9086.00,THEATER CAP,,THEATER CAP   X 100,Pharmacy,,SACHET,,1750,,100,1
,THEORICA-75,PREGABALIN,THEORICA-75 CAPS 75MG X 30,Pharmacy,CAPSULES,BLISTER,,1450,GLOBAL ORGANICS LIMITED,30,10
6321.00,thermometer,,THERMOMETER   X 12 {BIG SIZE},Pharmacy,,PCS,,2345,,12,1
8250.00,thermometer,,THERMOMETER   X 12 {SMALL SIZE},Pharmacy,,PCS,,150,,12,1
1001143.00,THIAPRIL,,THIAPRIL TABS  X 30,Pharmacy,TABLETS,BLISTER,,1650,,30,10
4613.00,THIAZAMIDE,,THIAZAMIDE TABS 500MG X 500,Pharmacy,TABLETS,PCS,,27635,,500,1
10475.00,TINEXDA (TINIDAZOLE),,TINEXDA (TINIDAZOLE) TABS  X 10,Pharmacy,TABLETS,PACK,,4840,,10,1
6013275.00,TOCOVID,,TOCOVID CAPS 50MG X 30,Pharmacy,CAPSULES,BLISTER,,6150,,30,10
,TOCOVID,,TOCOVID SOFTGEL 50MG X 60,Pharmacy,SOFTGEL,BLISTER,,11200,PHARMATEX NIGERIA LIMITED,60,10
11405.00,TOFRANIL,,TOFRANIL 25MG TAB X 30,Pharmacy,TABLETS,BLISTER,,1500,,30,10
1635.00,TOFRANIL,Imipramine Hydrochloride,TOFRANIL TABS 25MG X 50,Pharmacy,TABLETS,BLISTER,,1600,,50,10
,TOLTERODINE,,TOLTERODINE (VEGA)  TABS 2MG X 56,Pharmacy,TABLETS,BLISTER,,5000,,56,14
1002597.00,TOPRIL,,TOPRIL (EMZOR)  TABS 5MG X 30,Pharmacy,TABLETS,BLISTER,,2435,,30,10
1008707.00,TOPRIL,Lisinopril,TOPRIL TABS 2.5MG X 30,Pharmacy,TABLETS,BLISTER,,1600,,30,10
8552.00,topril-H,,TOPRIL-H  5MG X TAB X 30,Pharmacy,TABLETS,BLISTER,,1910,,30,10
15456.00,TORANAC,Diclofenac,TORANAC TABS 50MG X 100,Pharmacy,TABLETS,BLISTER,,2300,,100,10
6008672.00,TORSINEX,,TORSINEX TABS 100MG X 30,Pharmacy,TABLETS,BLISTER,,2110,,30,10
6008674.00,TORSINEX,,TORSINEX TABS 10MG X 30,Pharmacy,TABLETS,BLISTER,,1600,,30,10
6008673.00,TORSINEX,,TORSINEX TABS 20MG X 30,Pharmacy,TABLETS,BLISTER,,2000,,30,10
6009818.00,TORUP,,TORUP TABS 10MG X 30,Pharmacy,TABLETS,BLISTER,,1350,,30,10
1007483.00,TORVASTIN 20MG,,TORVASTIN 20MG TABS  X 100,Pharmacy,TABLETS,BLISTER,,2180,,100,10
1007482.00,TORVASTIN-10MG,,TORVASTIN-10MG TABS  X 100,Pharmacy,TABLETS,BLISTER,,1100,,100,10
6008977.00,torziam,,TORZIAM TABS 20MG X 30,Pharmacy,TABLETS,BLISTER,,1410,,30,10
6008978.00,torziam,,TORZIAM TABS 40MG X 30,Pharmacy,TABLETS,BLISTER,,1600,,30,10
6011421.00,TOTHEMA,,TOTHEMA SOLUTION  10ML,Pharmacy,SOLUTION,AMPOULES,,3200,,20,10ML
7640120000000.00,TRABILIN,Tramadol,TRABILIN CAPS 50MG X 20,Pharmacy,CAPSULES,BLISTER,,900,,20,10
6010948.00,TRAMADEX,,TRAMADEX TABS  X 1000,Pharmacy,TABLETS,BLISTER,,2500,,1000,10
,TRAMADOL,,TRAMADOL (NKOYO)  CAPS 50MG X 100,Pharmacy,CAPSULES,BLISTER,,5000,,100,10
10212.00,TRAMADOL,,TRAMADOL (UNBRANDED)  INJ 10ML/2ML X 100,Pharmacy,INJECTION (SOLUTION),AMPOULES,,22000,,100,1
6011156.00,TRAMADOL(NKOYO),,TRAMADOL(NKOYO) CAPS 100MG X 100,Pharmacy,CAPSULES,BLISTER,,2400,,100,10
6010597.00,TRAMADOL(NKOYO),,TRAMADOL(NKOYO) TABS 100MG X 200,Pharmacy,TABLETS,BLISTER,,26000,,200,10
6013097.00,TRAMITZ-H,,TRAMITZ-H TABS  X 30,Pharmacy,TABLETS,BLISTER,,1800,,30,10
5060390000000.00,tranexamic acid,,TRANEXAMIC ACID (MULTICOY)  TABS 500MG X 60,Pharmacy,TABLETS,BLISTER,,1650,,60,10
,tranexamic acid,,TRANEXAMIC ACID TABS 500MG X 100 [BLISTER],Pharmacy,TABLETS,BLISTER,,7500,,100,10
6012047.00,TREVIA,,TREVIA TABS 100MG X 14,Pharmacy,TABLETS,BLISTER,,4200,,14,7
,trevia,,TREVIA TABS 100MG X 35,Pharmacy,TABLETS,BLISTER,,4450,,35,7
6012533.00,TREVIA,,TREVIA TABS 50MG X 14,Pharmacy,TABLETS,BLISTER,,1200,,14,7
,trevia,,TREVIA TABS 50MG X 35,Pharmacy,TABLETS,BLISTER,,2950,WWCVL (GET),35,7
6013338.00,TREVIAMET,,TREVIAMET TABS 50/1000 X 35,Pharmacy,TABLETS,BLISTER,,4900,,35,7
6012485.00,TREVIAMET,,TREVIAMET TABS 50/1000MG X 14,Pharmacy,TABLETS,BLISTER,,1700,,14,7
14802.00,TREXAMIN,,TREXAMIN CAPS 250MG X 100,Pharmacy,CAPSULES,BLISTER,,4080,,100,10
14944.00,TREXAMIN,,TREXAMIN CAPS 500MG X 20,Pharmacy,CAPSULES,BLISTER,,1835,,20,10
8906040000000.00,trexamin inj,Tranexamic Acid,TREXAMIN INJ   X 5,Pharmacy,,AMPOULES,,3735,,5,1
6012239.00,,,TRIBULL TABS  X 30,Pharmacy,TABLETS,BLISTER,,4415,,30,15
6013486.00,tricogyn,Metronidazole,TRICOGYN TABS 200MG X 100,Pharmacy,TABLETS,BLISTER,,280,BENTOS PHARMACEUTICAL PRODUCTS LTD,100,10
6008888.00,TRICOPHAGE,,TRICOPHAGE TABS 500MG X 84,Pharmacy,TABLETS,BLISTER,,565,,84,14
6008666.00,TRIFLUCON,,TRIFLUCON CAPS 150MG X 10,Pharmacy,CAPSULES,BLISTER,,470,,10,1
8904180000000.00,TRIFLUOROPERAZINE(STELLAZINE),,TRIFLUOROPERAZINE(STELLAZINE) TABS 5MG X 1000,Pharmacy,TABLETS,PCS,,13000,,1000,1
3582910000000.00,TRITACE,,TRITACE TABS 10MG X 28,Pharmacy,TABLETS,BLISTER,,4505,AGARY PHARMACEUTICALS LIMITED,28,14
3582910000000.00,TRITACE,Ramipril,TRITACE TABS 2.5MG X 30,Pharmacy,TABLETS,BLISTER,,2350,WWCVL (SANOFI),30,3
1000899.00,tumol,,TUMOL CAPLET 500MG X 100,Pharmacy,CAPLET,BLISTER,,550,,100,10
6009865.00,TWYNSTA,,TWYNSTA TABS 40/5 X 28,Pharmacy,TABLETS,BLISTER,,8300,,28,7
1007487.00,TWYNSTA,,TWYNSTA TABS 80/10MG X 28,Pharmacy,TABLETS,BLISTER,,8560,,28,7
1007488.00,TWYNSTA,,TWYNSTA TABS 80/5MG X 28,Pharmacy,TABLETS,BLISTER,,8240,,28,7
8300.00,ultifen,,ULTIFEN  400MG TAB X 100,Pharmacy,TABLETS,BLISTER,,35,,100,10
8301.00,ultifen,,ULTIFEN TABS 400MG X 50,Pharmacy,TABLETS,PACK,,2800,,50,10
4027270000000.00,ULTRA  CARBON,,ULTRA CARBON TABS  X 50,Pharmacy,TABLETS,BLISTER,,7000,,50,10
,UNICID,,UNICID TABS  X 96,Pharmacy,TABLETS,SACHET,,470,,96,8
6012321.00,unienzyme,,UNIENZYME TABS  X 20,Pharmacy,TABLETS,BLISTER,,1430,,20,10
1007449.00,UNIGYL,,UNIGYL TABS 200MG X 100,Pharmacy,TABLETS,BLISTER,,350,,100,10
6012452.00,UNIGYL,,UNIGYL TABS 400MG X 100,Pharmacy,TABLETS,BLISTER,,780,,100,10
6009104.00,UNITRIM,,UNITRIM TABS  X 100,Pharmacy,TABLETS,BLISTER,,645,,100,10
,UNIVAL,,UNIVAL TABS 5MG X 100,Pharmacy,TABLETS,BLISTER,,2200,SWISS PHARMA NIG. LTD.,100,10
1007456.00,UNIVAL,,UNIVAL TABS 5MG X 12,Pharmacy,TABLETS,BLISTER,,495,,12,6
6013223.00,UPERIO,,UPERIO TABS 100MG X 28,Pharmacy,TABLETS,BLISTER,,10247,,28,14
6013225.00,UPERIO,,UPERIO TABS 200MG X 28,Pharmacy,TABLETS,BLISTER,,10000,,28,14
6013224.00,UPERIO,,UPERIO TABS 50MG X 28,Pharmacy,TABLETS,BLISTER,,11800,,28,14
1007653.00,UPFENAC,,UPFENAC CAPS  X 100,Pharmacy,CAPSULES,PACK,,2095,,100,10
4535.00,urine bag,,URINE BAG   X 10,Pharmacy,,PCS,,2150,,10,1
1008536.00,VALINEX,Diazepam,VALINEX TABS 5MG X 200,Pharmacy,TABLETS,BLISTER,,2415,VITABIOTICS (NIGERIA) LTD.,200,10
1625.00,Valium 5 X 12,Diazepam,VALIUM 5MG TAB X 12,Pharmacy,TABLETS,BLISTER,,760,,12,6
7640130000000.00,Valium,Diazepam,VALIUM INJ 10MG/1ML 2ML {SWIPHA},Pharmacy,INJECTION (SOLUTION),AMPOULES,,1800,,5,2ML
6013443.00,VALSARTAN (NOVARTIS SFH),,VALSARTAN (NOVARTIS SFH) TABS 80MG X 28,Pharmacy,TABLETS,BLISTER,,1600,,28,14
6013441.00,VALSARTAN(Norvartis access sfH),,VALSARTAN(NORVARTIS ACCESS SFH) TABS 160MG X 28,Pharmacy,TABLETS,BLISTER,,2450,,28,14
6011143.00,valsartil,,VALSARTIL TABS 160MG X 30,Pharmacy,TABLETS,BLISTER,,4200,,30,10
6011142.00,valsartil,,VALSARTIL TABS 80MG X 30,Pharmacy,TABLETS,BLISTER,,4250,,30,10
6009295.00,VALVAS,,VALVAS TABS 10/160MG X 30,Pharmacy,TABLETS,BLISTER,,4900,,30,10
12285.00,VALVAS,,VALVAS TABS 5/160MG X 30,Pharmacy,TABLETS,BLISTER,,4800,,30,10
6012825.00,VALVIX,,VALVIX TABS 40MG/5MG X 30,Pharmacy,TABLETS,BLISTER,,2900,,30,10
1007969.00,VASOCLOP,,VASOCLOP TABS 75MG X 30,Pharmacy,TABLETS,BLISTER,,900,,30,10
6156000000000.00,Vasoprin,Aspirin,VASOPRIN TABS 75MG X 100,Pharmacy,TABLETS,BLISTER,,230,,100,10
,VASTEREL MR,,VASTEREL MR TABS 35MG X 30,Pharmacy,TABLETS,BLISTER,,2800,CHI PHARMACEUTICALS LTD.,30,10
6008959.00,VENT,,VENT TABS 2MG X 100,Pharmacy,TABLETS,BLISTER,,580,,100,10
1002437.00,VENTOLIN,,VENTOLIN (GLAXO)  TABS 2MG X 500,Pharmacy,TABLETS,SACHET,,7200,,500,10
5000120000000.00,ventolin nebules,,VENTOLIN NEBULES  2.5MG X 4,Pharmacy,,SACHET,,3500,,4,1
5000120000000.00,ventolin nebules,,VENTOLIN NEBULES TABS 5MG X 20,Pharmacy,TABLETS,BLISTER,,9500,,20,5
1001969.00,VERACAP MULTIVITAMIN,,VERACAP MULTIVITAMIN CAPS  X 30,Pharmacy,CAPSULES,BLISTER,,360,AWARD GLOBAL COMPANY LTD.,30,15
,vesicare,,VESICARE TABS 10MG X 30,Pharmacy,TABLETS,BLISTER,,5500,ONYI-JEK GLOBAL RESOURCES,30,10
6008856.00,VIBOOST E,,VIBOOST E CAPS  X 30,Pharmacy,CAPSULES,BLISTER,,1950,CLARION MEDICALS LIMITED,30,10
6012573.00,VIBRAN,,VIBRAN TABS  X 30,Pharmacy,TABLETS,BLISTER,,2340,,30,15
6100.00,VILICIN BALM,,VILICIN BALM   25G,Pharmacy,,BOTTLE,,1470,,10,25G
,VINCOPAM-5,Diazepam,VINCOPAM-5 TABS 5MG X 1000,Pharmacy,TABLETS,PCS,,5500,ZION CROWN LIMITED,1000,1
6010936.00,ViPCRYL SUTURE 1,,VIPCRYL SUTURE 1   X 12,Pharmacy,,PCS,,4445,,12,1
6010937.00,ViPCRYL SUTURE 2,,VIPCRYL SUTURE 2   X 12,Pharmacy,,PCS,,5000,,12,1
6010938.00,ViPCRYL SUTURE 2/0,,VIPCRYL SUTURE 2/0   X 12,Pharmacy,,PCS,,5000,,12,1
UVIR11,VIREST,,VIREST TABS 200MG X 100,Pharmacy,TABLETS,BLISTER,,2895,HOVID,100,20
UVIR12,VIREST(HOVID),Acyclovir,VIREST(HOVID) TABS 400MG X 25,Pharmacy,TABLETS,BLISTER,,4950,HOVID,25,5
9809.00,NaTURE MADE VIT C X 100,,VIT C 1000MG (NATURE MADE) TABS X 100,Pharmacy,TABLETS,JAR,,288010,,100,1
8850770000000.00,VITACAP,,VITACAP   X 50,Pharmacy,,PACK,,2250,,50,10
8850770000000.00,VITACAP,,VITACAP CAPS  X 100,Pharmacy,CAPSULES,BLISTER,,1795,,100,10
8906050000000.00,VITAL COD LIVER OIL CAP,,VITAL COD LIVER OIL CAP  300MG X 100,Pharmacy,,BLISTER,,2135,,100,10
4009930000000.00,VITAL PREGNA(AKTIV),,VITAL PREGNA(AKTIV) CAPS  X 30,Pharmacy,CAPSULES,BLISTER,,2200,,30,10
8908000000000.00,VITAMIN A,Vitamin A,VITAMIN A (CLARION)  CAPS  X 30,Pharmacy,CAPSULES,BLISTER,,870,CLARION MEDICALS LIMITED,30,10
6013407.00,VITAMIN A (JESDOL),,VITAMIN A (JESDOL) CAPS  X 30,Pharmacy,CAPSULES,BLISTER,Vitamins,520,,30,10
1009124.00,VITAMIN B CO,,VITAMIN B CO INJ 10ML X 100,Pharmacy,INJECTION (SOLUTION),VIALS,,15500,,100,1
6086.00,VITAMIN B12,Cyanocobalamin,VITAMIN B12 INJ  X 100,Pharmacy,INJECTION (SOLUTION),AMPOULES,,3000,,100,1
6009124.00,vitamin b6,,VITAMIN B6 TABS  X 1000,Pharmacy,TABLETS,PCS,,1315,,1000,1
6012906.00,VITAMIN C (CHEWABLE)N/F,,VITAMIN C (CHEWABLE)N/F TABS 500MG X 100,Pharmacy,TABLETS,BLISTER,,5500,,100,10
1009128.00,VITAMIN C,,VITAMIN C (GRANDEX)  TABS 1000MG X 30,,TABLETS,BLISTER,,1600,,30,6
713757000000.00,vitamin c (nature field),,VITAMIN C (NATURE FIELD) TABS 1000MG X 100,Pharmacy,TABLETS,BLISTER,,5250,,100,10
,vitamin c chewable (evergreen),,VITAMIN C CHEWABLE (EVERGREEN) TABS 500MG X 100,Pharmacy,TABLETS,BLISTER,,4900,CARROT-TOP DRUGS LTD.,100,10
6012903.00,VITAMIN C CHEWABLE(n/f),,VITAMIN C CHEWABLE(N/F) TABS 500MG X 100,Pharmacy,TABLETS,BLISTER,,0,,100,10
1009135.00,VITAMIN C WITH GLUCOSE(DAY BY DAY),,VITAMIN C WITH GLUCOSE(DAY BY DAY) TABS  X 20,Pharmacy,TABLETS,PACK,,1820,,20,1
8934570000000.00,VITAMIN C WITH GLUCOSE(NEROS),,VITAMIN C WITH GLUCOSE(NEROS) TABS  X 24,Pharmacy,TABLETS,SACHET,,1680,NEROS  PHARMACEUTICALS LIMITED,24,1
,VITAMIN C(IMMUNE SUPPORT ANTIOXIDANT),,VITAMIN C(IMMUNE SUPPORT ANTIOXIDANT) POWDER 1000MG X 10,Pharmacy,POWDER,SACHET,,800,ONYI-JEK GLOBAL RESOURCES,10,1
,VITAMIN C(NHP),,VITAMIN C(NHP) TABS 1000MG X 30,Pharmacy,TABLETS,BLISTER,,1950,"NEW HEIGHTS PHARMA, LTD.",30,15
6013104.00,vitamin e,,VITAMIN E (ELA)  CAPS 1000IU X 50,Pharmacy,CAPSULES,BLISTER,,2450,,50,10
,vitamin e,,VITAMIN E (EMZOR)  CAPS 400IU X 30,Pharmacy,CAPSULES,BLISTER,,1200,,30,10
6009884.00,VITAMIN E(ARCHY) 1000IU,,VITAMIN E(ARCHY) 1000IU   X 100,Pharmacy,,PCS,,3500,,100,1
6154000000000.00,vitamin e(emzor),,VITAMIN E(EMZOR) CAPS 1000IU X 30,Pharmacy,CAPSULES,BLISTER,,2225,,30,10
6012409.00,VITAMIN E(EVERDESTINY),,VITAMIN E(EVERDESTINY) CAPS 1000IU X 30,Pharmacy,CAPSULES,BLISTER,,1200,,30,10
,vitamin e(natura house),,VITAMIN E(NATURA HOUSE) SOFTGEL 1000I.U X 100,Pharmacy,SOFTGEL,BLISTER,,3400,ELIONA PHARMACEUTICALS,100,10
6011016.00,ViTAMIN E(NATURE FIELD)SACHET,,VITAMIN E(NATURE FIELD)SACHET CAPS  X 100,Pharmacy,CAPSULES,BLISTER,,7000,,100,10
6012255.00,ViTAMIN E(ORGANIC HEALTH) CHEWABLE,,VITAMIN E(ORGANIC HEALTH) CHEWABLE TABS  X 60,Pharmacy,TABLETS,PCS,,6300,,60,1
5384.00,VITAMIN K 3,,VITAMIN K 3 INJ 25MG X 100,Pharmacy,INJECTION (SOLUTION),AMPOULES,,8500,,100,1
311845000000.00,VITAMIN K(MASON),,VITAMIN K(MASON) TABS 100MCG X 100,Pharmacy,TABLETS,PCS,,1570,,100,1
1654.00,VITAMOFEN,,VITAMOFEN  200MG TAB  X 100,Pharmacy,TABLETS,BLISTER,,240,,100,10
8902500000000.00,VITAVITE (STRIDES),,VITAVITE (STRIDES) X 6,,CAPSULES,BLISTER,,790,,30,6
,VITAWIN MAXIWIN VIT C,,VITAWIN MAXIWIN VIT C TABS 1000MG X 20,Pharmacy,TABLETS,BLISTER,,1450,PDRUGS PHARMACY LIMITED,20,1
,voatherm,,VOATHERM INJ 150MG 2ML,Pharmacy,INJECTION (SOLUTION),AMPOULES,,650,,3,2ml
,VOGLINOrm,,VOGLINORM TABS 0.3MG X 30,Pharmacy,TABLETS,BLISTER,,1600,MICRO NOVA PHARM.IND LIMITED,30,10
,voglinorm-0.2,,VOGLINORM-0.2 TABS 0.2MG X 30,Pharmacy,TABLETS,BLISTER,,1550,MICRO NOVA PHARM.IND LIMITED,30,10
1000239.00,VOLTAREN RETARD,Diclofenac,VOLTAREN RETARD TABS 100MG X 100,Pharmacy,TABLETS,BLISTER,,9500,,100,10
1642.00,VOLTAREN SR,Diclofenac,VOLTAREN SR 75MG TAB X 30,Pharmacy,TABLETS,BLISTER,,1160,,30,10
,VOLTAREN SUPPOSITORY,,VOLTAREN SUPPOSITORY SUPP 100MG X 10,Pharmacy,SUPPOSITORY,BLISTER,,4000,,10,5
6011340.00,VOLTAREN SUPPOSITORY,,VOLTAREN SUPPOSITORY SUPP 12.5MG X 10,Pharmacy,SUPPOSITORY,SACHET,,3600,,10,5
,VOLTAREN SUPPOSITORY,,VOLTAREN SUPPOSITORY SUPP 50MG X 10,Pharmacy,SUPPOSITORY,BLISTER,,3500,,10,5
6012752.00,VOLTFAST,,VOLTFAST TABS 50MG X 30,Pharmacy,TABLETS,BLISTER,,3190,,30,10
,vomistat,Ondansetron,VOMISTAT INJ 4ML X 10,Pharmacy,INJECTION (SOLUTION),AMPOULES,,3000,GENERIC &SPECIALITIES LIMITED,10,1
6012123.00,VOMSET,,VOMSET TABS 4MG X 100,Pharmacy,TABLETS,BLISTER,,4200,,100,10
5017010000000.00,WARFARIN,Warfarin,WARFARIN  5MG TAB X 28,Pharmacy,TABLETS,BLISTER,,800,,28,14
5017010000000.00,WARFARIN,,WARFARIN (APS)  TABS 1MG X 28,Pharmacy,TABLETS,BLISTER,,700,,28,2
5017010000000.00,WARFARIN,,WARFARIN (APS)  TABS 3MG X 28,Pharmacy,TABLETS,BLISTER,,700,,28,14
6012551.00,WELL KID IMMUNE,,WELL KID IMMUNE TABS  X 30,Pharmacy,TABLETS,SACHET,,2600,,30,15
5021270000000.00,WELL KID,,WELL KID TABS  X 30,Pharmacy,TABLETS,SACHET,,3300,,30,15
5021270000000.00,WELL MAN 70+,,WELL MAN 70+ CAPS  X 30,Pharmacy,CAPSULES,BLISTER,,4350,VITABIOTICS (NIGERIA) LTD.,30,15
6010078.00,well teen,,WELL TEEN CAPS  X 30,Pharmacy,CAPSULES,BLISTER,,2600,,30,15
6012274.00,WELL TEEN HER,,WELL TEEN HER TABS  X 30,Pharmacy,TABLETS,BLISTER,,3240,,30,15
6012729.00,well teen him plus,,WELL TEEN HIM PLUS TABS  X 56,Pharmacy,TABLETS,BLISTER,,2800,,56,14
6012275.00,WELL TEEN HIM,,WELL TEEN HIM TABS  X 30,Pharmacy,TABLETS,BLISTER,,3240,,30,15
5021270000000.00,WELL WOMAN 50+,,WELL WOMAN 50+ CAPS  X 30,Pharmacy,CAPSULES,BLISTER,,4500,,30,15
5021270000000.00,WELL WOMAN 70+,,WELL WOMAN 70+   X 30,Pharmacy,,SACHET,,4500,,30,15
5021270000000.00,WELL WOMAN,,WELL WOMAN CAPS  X 30,Pharmacy,CAPSULES,BLISTER,,4600,,30,15
5021270000000.00,WELL WOMAN inner cleanse,,WELL WOMAN INNER CLEANSE TABS  X 30,Pharmacy,TABLETS,BLISTER,,2720,VITABIOTICS (NIGERIA) LTD.,30,15
5021270000000.00,WELLMAN  CONCEPTION,,WELLMAN  CONCEPTION TABS  X 30,Pharmacy,TABLETS,BLISTER,,5650,VITABIOTICS (NIGERIA) LTD.,30,15
5021270000000.00,WELLMAN 50+,,WELLMAN 50+ CAPS  X 30,Pharmacy,CAPSULES,BLISTER,,4450,VITABIOTICS (NIGERIA) LTD.,30,15
5021270000000.00,WELLMAN,,WELLMAN CAPS  X 30,Pharmacy,CAPSULES,BLISTER,,4450,,30,15
5021270000000.00,WELLMAN PROSTATE,,WELLMAN PROSTATE TABS  X 60,Pharmacy,TABLETS,BLISTER,,6465,VITABIOTICS (NIGERIA) LTD.,60,15
6012742.00,wellroze,,WELLROZE CAPS  X 30,Pharmacy,CAPSULES,BLISTER,,2220,,30,15
6012780.00,wincip,,WINCIP TABS 500MG X 14,Pharmacy,TABLETS,BLISTER,,280,,14,7
6010567.00,WINMALAR,,WINMALAR TABS  X 50,Pharmacy,TABLETS,PACK,,4250,,50,1
6009459.00,winofit,,WINOFIT SOFTGEL  X 10,Pharmacy,SOFTGEL,PACK,,4705,,10,1
31604010157.00,WOMEN'S PACK X 30,,WOMEN'S PACK(NATURE MADE)  TABS X 30,Pharmacy,TABLETS,PACK,,3300,,30,1
8901150000000.00,Wormin,,WORMIN TABS 100MG X 24,Pharmacy,TABLETS,PACK,,1800,,24,1
8901150000000.00,Wormin,,WORMIN TABS 500MG X 20,Pharmacy,TABLETS,PACK,,1800,,20,1
8092.00,XASTEN,,XASTEN TABS 0.5MG X 100,Pharmacy,TABLETS,BLISTER,,250,VIXA PHARMACEUTICAL CO. LTD.,100,10
1001552.00,XASTEN,,XASTEN TABS 1MG X 100,Pharmacy,TABLETS,BLISTER,,330,,100,10
3582910000000.00,XATRAL,,XATRAL TABS 10MG X 100,Pharmacy,TABLETS,BLISTER,,4000,,100,10
14882.00,XENICAL (ORLISTAST),,XENICAL (ORLISTAST) CAPS 120MG X 84,Pharmacy,CAPSULES,BLISTER,,4450,,84,21
,XYCLOZA-100,Clozapine,XYCLOZA-100 TABS 100MG X 30,Pharmacy,TABLETS,BLISTER,,2050,PHARMACY PLUS LIMITED,30,10
,XYTAL-100,Quetiapine,XYTAL-100 TABS 100MG X 30,Pharmacy,TABLETS,BLISTER,,2500,PHARMACY PLUS LIMITED,30,10
6012101.00,YELLOWCAM,,YELLOWCAM CAPS 20MG X 100,Pharmacy,CAPSULES,PACK,,490,,100,10
6010115.00,YODI,,YODI TABS 0.5MG X 100,Pharmacy,TABLETS,BLISTER,,280,,100,10
1007696.00,YODI,,YODI TABS IMG X 100,Pharmacy,TABLETS,BLISTER,,350,,100,10
6013081.00,yokebe,,YOKEBE TABS 1MG X 100,Pharmacy,TABLETS,BLISTER,,220,,100,10
6012640.00,ZADIP COD LIVER,,ZADIP COD LIVER CAPS 1000MG X 30,Pharmacy,CAPSULES,BLISTER,,260,,30,15
1623.00,Zaditen,Ketotifen,ZADITEN TABS 1MG X 30,Pharmacy,TABLETS,BLISTER,,1800,,30,10
6516.00,Zaditen,Ketotifen,ZADITEN TABS 2MG X 30 [BLISTER],Pharmacy,TABLETS,BLISTER,,2500,,30,10
6009597.00,ZALVAX M2,,ZALVAX M2 TABS  X 30,Pharmacy,TABLETS,BLISTER,,1400,ROOT DRUGS NIG.LTD,30,10
9188.00,ZAMBA 500,,ZAMBA 500MG  TABS X 100,Pharmacy,TABLETS,BLISTER,,300,,100,10
6011675.00,ZANAC,,ZANAC TABS 50MG X 240,Pharmacy,TABLETS,PACK,,950,,240,12
6012309.00,ZEMDIMOL,,ZEMDIMOL CAPS 50MG X 200,Pharmacy,CAPSULES,PACK,,900,,200,20
6011475.00,zepidone,,ZEPIDONE TABS 0.5MG X 30,Pharmacy,TABLETS,BLISTER,,2200,,30,10
6012302.00,zepidone,,ZEPIDONE TABS 2MG X 30,Pharmacy,TABLETS,BLISTER,,3400,,30,10
,zepidone,,ZEPIDONE TABS 3MG X 30,Pharmacy,TABLETS,BLISTER,,4300,BIOGENERICS NIG.LTD,30,10
6013016.00,ZeROCAM,,ZEROCAM TABS  X 100,Pharmacy,TABLETS,BLISTER,,550,,100,10
6011995.00,zesnac,,ZESNAC TABS 50MG X 240,Pharmacy,TABLETS,PACK,,1500,,240,12
14779.00,ZESTORETIC,,ZESTORETIC TABS 20MG X 28,Pharmacy,TABLETS,BLISTER,,5090,,28,14
5000460000000.00,Zestril,Lisinopril,ZESTRIL TABS 10MG X 28,Pharmacy,TABLETS,BLISTER,,2215,,28,14
5000460000000.00,Zestril,Lisinopril,ZESTRIL TABS 20MG X 28,Pharmacy,TABLETS,BLISTER,,3750,,28,14
5000460000000.00,Zestril,Lisinopril,ZESTRIL TABS 5MG X 28,Pharmacy,TABLETS,BLISTER,,1740,,28,14
1001667.00,ZEVIT,,ZEVIT TABS  X 30,Pharmacy,TABLETS,BLISTER,,145,,30,10
6013439.00,Zi Q,,ZI Q TABS  X 30,Pharmacy,TABLETS,BLISTER,,5750,,30,10
,ziclofen plus,,ZICLOFEN PLUS TABS  X 30,Pharmacy,TABLETS,BLISTER,,850,,30,10
,ziclofen,,ZICLOFEN TABS 100MG X 30,Pharmacy,TABLETS,BLISTER,,750,,30,10
6012572.00,ZILIV,,ZILIV TABS  X 30,Pharmacy,TABLETS,BLISTER,,3550,,30,10
6012201.00,ZINC (ARCHY),,ZINC (ARCHY) TABS 20MG X 100,Pharmacy,TABLETS,BLISTER,,450,,100,10
6009887.00,ZINC (ARCHY)100MG,,ZINC (ARCHY)100MG TABS  X 100,Pharmacy,TABLETS,BLISTER,,500,,100,10
,ZINC,,ZINC (EMZOR)  TABS 20MG X 100,Pharmacy,TABLETS,BLISTER,,420,,100,10
6012158.00,ZINC(HEALTH GATE),,ZINC(HEALTH GATE) TABS 20MG X 100,Pharmacy,TABLETS,BLISTER,,1195,,100,10
,zinc(organic health),,ZINC(ORGANIC HEALTH) TABS 100MG X 100,Pharmacy,TABLETS,BLISTER,,3800,,100,10
6009552.00,ZISMAL,,ZISMAL INJ 150MG X 3,Pharmacy,INJECTION (SOLUTION),AMPOULES,,1000,,3,1
,Zithromax,,ZITHROMAX CAPS 250MG X 24,Pharmacy,CAPSULES,BLISTER,,11000,WWCVL (PFIZER),24,6
,zolterol sr,Diclofenac,ZOLTEROL SR TABS 100MG X 100,Pharmacy,TABLETS,BLISTER,,2450,,100,10
1009166.00,ZOPIMAX,Zopiclone,ZOPIMAX TABS 7.5MG X 30,Pharmacy,TABLETS,BLISTER,,1800,,30,10
15376.00,ZORETIC,,ZORETIC TABS  X 100,Pharmacy,TABLETS,BLISTER,,860,,100,10
6011701.00,ZOTRIM,,ZOTRIM TABS 480MG X 100,Pharmacy,TABLETS,BLISTER,,710,,100,10
8901320000000.00,ZYNCET(CETIRIZINE HCL),,ZYNCET(CETIRIZINE HCL) TABS 10MG X 50,Pharmacy,TABLETS,SACHET,,2050,,50,10
6013341.00,ZYTROTEC,,ZYTROTEC TABS  X 100,Pharmacy,TABLETS,BLISTER,,4200,,100,10
6011938.00, DIGITAL SPHYG(DOUBLE G),,DIGITAL SPHYG(DOUBLE G) X 1,Pharmacy,,PACK,,600,,1,1
8906010000000.00, fenamex 500mg,,FENAMEX 500MG TABS 500MG X 10,Pharmacy,TABLETS,PACK,Non-steroidal anti-inflammatory drugs (NSAIDs),200,,1,10
6010960.00, FLEX CONDOM,,FLEX CONDOM X 3,Pharmacy,,PACK,,90,,1,1
, OMEGA 3 (NOW),,OMEGA 3 (NOW) SOFTGEL 1000MG X 30,Pharmacy,SOFTGEL,PACK,,55,ALPHA PHARMACY & STORES NIG.,1,1
,A&D MEDICAL B.P MACHINE,,A&D MEDICAL B.P MACHINE X 1,Pharmacy,,PACK,,24000,,1,1
,A&D MEDICAL WRIST B.P MACHINE,,A&D MEDICAL WRIST B.P MACHINE X 1,Pharmacy,,PACK,,14500,,1,1
6012837.00,ABONIKI INHALER,,ABONIKI INHALER X 1,Pharmacy,,PACK,,170,,1,1
6012491.00,ACCU-CHECK LANCET X 100,,ACCU-CHECK LANCET X 100,Pharmacy,,PACK,,570,,1,1
6012271.00,ACCU-CHECK LANCET,,ACCU-CHECK LANCET X 200,Pharmacy,,PACK,,1300,,1,1
7564495.00,ACCU-CHEK (ACTIVE MACHINE),,ACCU-CHEK (ACTIVE MACHINE),Pharmacy,,PACK,,10500,,1,1
4015630000000.00,ACCU-CHEK (ACTIVE STRIP),,ACCU-CHEK (ACTIVE STRIP),Pharmacy,,PACK,,6600,,1,1
,accu-chek (instant machine),,ACCU-CHEK (INSTANT MACHINE)   X 1,Pharmacy,,PACK,,8000,,1,1
,accu-chek (instant strip),,ACCU-CHEK (INSTANT STRIP)   X 1,Pharmacy,,PACK,,6700,,1,1
8906040000000.00,acel plus,,ACEL PLUS TABS 100/325MG X 10,Pharmacy,TABLETS,PACK,Non-steroidal anti-inflammatory drugs (NSAIDs),305,,1,1
8906040000000.00,ACEL,Aceclofenac,ACEL TABS 100MG X 10,Pharmacy,TABLETS,PACK,Non-steroidal anti-inflammatory drugs (NSAIDs),190,,1,1
6011378.00,ACIPRO,Ciprofloxacin,ACIPRO TABS 500MG X 10,Pharmacy,TABLETS,PACK,Quinolones,300,,1,1
,acirab,Rabeprazole,ACIRAB TABS 20MG X 10,Pharmacy,TABLETS,PACK,,350,GENERIC &SPECIALITIES LIMITED,1,1
6221050000000.00,ACTIFED,Triprolidine and Pseudoephedrine,ACTIFED TABS  X 12,Pharmacy,TABLETS,PACK,Systemic nasal decongestants,760,WWCVL (GSK-CX),1,1
1007914.00,ACTIPATCH ALLAY MENSTRAL PAIN,,ACTIPATCH ALLAY MENSTRAL PAIN,Pharmacy,,PACK,,2550,,1,1
1007901.00,ACTIPATCH BACK PAIN,,ACTIPATCH BACK PAIN,Pharmacy,,PACK,,2550,ALPHA PHARMACY & STORES NIG.,1,1
1007902.00,ACTIPATCH KNEE PAIN,,ACTIPATCH KNEE PAIN,Pharmacy,,PACK,,2550,ALPHA PHARMACY & STORES NIG.,1,1
1007900.00,ACTIPATCH MUSCLE & JOINT PAIN,,ACTIPATCH MUSCLE & JOINT PAIN,Pharmacy,,PACK,,2550,ALPHA PHARMACY & STORES NIG.,1,1
6008627.00,acycor plus,Aceclofenac,ACYCOR PLUS TABS  X 10,Pharmacy,TABLETS,PACK,Non-steroidal anti-inflammatory drugs (NSAIDs),280,,1,1
6008628.00,acycor,Aceclofenac,ACYCOR TABS 100MG X 10,Pharmacy,TABLETS,PACK,Non-steroidal anti-inflammatory drugs (NSAIDs),235,,1,1
733739000000.00,ADAMS DeSIRE,,ADAMS DESIRE TABS  X 15,Pharmacy,TABLETS,PACK,,1765,,1,1
6010886.00,ADAY KIT,,ADAY KIT TABS  X 4,Pharmacy,TABLETS,PACK,Systemic antifungal drugs,900,,1,1
8901080000000.00,9,,ADDYZOA CAPS  X 20,Pharmacy,CAPSULES,PACK,Herbal Preparations,2645,,1,1
,ADMICIN,levofloxacin,ADMICIN TABS 500MG X 10,Pharmacy,TABLETS,PACK,,320,ADPHARM PHARM.IND.LTD.,1,1
6011934.00,ADULT DIAPERS,,ADULT DIAPERS X 1,Pharmacy,,PACK,,2475,,1,1
6936450000000.00,aerolin inhaler,Salbutamol,AEROLIN INHALER X 1,Pharmacy,,PACK,Antiasthmatic and drugs for chronic obstructive pulmonary disease,1070,,1,1
6012399.00,AFRICURE COD LIVER,Cod Liver Oil,AFRICURE COD LIVER CAPS 1000MG X 30,Pharmacy,CAPSULES,PACK,Vitamins,450,,1,1
2154.00,AGISEPT LOZENGES,,AGISEPT LOZENGES X 1,Pharmacy,,PACK,,415,PHILLIPS PHARMACEUTICALS (NIGERIA) LIMITED,1,1
6011581.00,AkOBAL-G,,AKOBAL-G TABS  X 10,Pharmacy,TABLETS,PACK,,900,,1,1
6009929.00,ALBEN G,Albendazole,ALBEN G TABS 200MG,Pharmacy,TABLETS,PACK,CESTODE INFECTIONS,30,,1,1
15134.00,ALBENDAZOLE X 1,Albendazole,ALBENDAZOLE X 1 TABS 400MG,Pharmacy,TABLETS,PACK,CESTODE INFECTIONS,35,,1,1
6012842.00,ALCOHOL SWAB,,ALCOHOL SWAB X 1,Pharmacy,,PACK,,500,,1,1
6013305.00,ALEEVE,,ALEEVE CAPS  X 24,Pharmacy,CAPSULES,PACK,,2600,,1,1
,ALEFER QS,,ALEFER QS TABS 80/480MG X 6,Pharmacy,TABLETS,PACK,,400,ALMOND ETHICALS LTD.,1,1
,ALEOMIN MULTIVITAMIN,,ALEOMIN MULTIVITAMIN CAPS X 30,Pharmacy,CAPSULES,PACK,,330,GODDY PHARMACEUTICAL CO.LTD,1,1
6012712.00,alive men's 50+,,ALIVE MEN'S 50+ TABS  X 60,Pharmacy,TABLETS,PACK,Multivitamin and amino acid preparations,3150,,1,1
6011526.00,ALKALINE BATTERY,,ALKALINE BATTERY X 1,Pharmacy,,PACK,,565,,1,1
1007683.00,ALMAYVITE X 30,,ALMAYVITE X 30 CAPS,Pharmacy,CAPSULES,PACK,,140,,1,1
1007701.00,ALOMIN X 30,,ALOMIN X 30 CAPS,Pharmacy,CAPSULES,PACK,,145,,1,1
6012760.00,ALPHAGOMED B.P MONITOR,,ALPHAGOMED B.P MONITOR X 1,Pharmacy,,PACK,,8000,,1,1
6009251.00,ALPHATEN,,ALPHATEN EYE DROPS X 1,Pharmacy,EYE DROPS,PACK,,2,,1,1
1008653.00,ALTACEF,Cefuroxime,ALTACEF TABS 250MG X 10,Pharmacy,TABLETS,PACK,CEFALOSPORINS AND IMIPENEM WITH CILASTATIN,745,GLENMARK PHARMACEUTICALS NIG LTD,1,1
8904090000000.00,ALTACEF,Cefuroxime,ALTACEF TABS 500MG X 10,Pharmacy,TABLETS,PACK,CEFALOSPORINS AND IMIPENEM WITH CILASTATIN,690,GLENMARK PHARMACEUTICALS NIG LTD,1,1
8901300000000.00,AMATEM FORT,Artemether+Lumefantrine,AMATEM FORT TABS 80MG/480MG X 6,Pharmacy,TABLETS,PACK,Antimalarial drugs,930,ELBE PHARMA NIG LTD,1,1
8906040000000.00,AMATEM SOFT GEL,Artemether+Lumefantrine,AMATEM SOFT GEL CAPS  X 6,Pharmacy,CAPSULES,PACK,Antimalarial drugs,1300,ELBE PHARMA NIG LTD,1,1
6012686.00,amatem,Artemether+Lumefantrine,AMATEM SOFTGEL 20/120 X 12,Pharmacy,SOFTGEL,PACK,Antimalarial drugs,500,,1,1
6012685.00,AMATEM,Artemether+Lumefantrine,AMATEM SOFTGEL 20/120 X 18,Pharmacy,SOFTGEL,PACK,Antimalarial drugs,600,,1,1
6012684.00,AMATEM,Artemether+Lumefantrine,AMATEM SOFTGEL 20/120 X 24,Pharmacy,SOFTGEL,PACK,Antimalarial drugs,800,,1,1
8901300000000.00,AMATEM,Artemether+Lumefantrine,AMATEM TABS 20MG/120MG X 24,Pharmacy,TABLETS,PACK,Antimalarial drugs,455,,1,1
11283.00,AMIDREX x 30,Risperidone,AMIDREX X 30 TABS 1MG,Pharmacy,TABLETS,PACK,Drugs used in Psychotic Disorders,1430,,1,1
6011919.00,AMIKACIN SULFATE,Amikacin,AMIKACIN SULFATE INJ 500MG X 1,Pharmacy,INJECTION (POWDER),PACK,Antituberculosis drugs,650,,1,1
1007825.00,AMINOSTYL X 10,,AMINOSTYL X 10 TABS,Pharmacy,TABLETS,PACK,Multivitamin and amino acid preparations,400,,1,1
1007622.00,AMIPLEX FORT x 30,,AMIPLEX FORT X 30 CAPS,Pharmacy,CAPSULES,PACK,Multivitamin and amino acid preparations,870,,1,1
,AMITRIPTYLINE 25MG(chez),,AMITRIPTYLINE 25MG(CHEZ) TABS 25MG X 10,Pharmacy,TABLETS,PACK,,250,CHEZ RESOURCES PHARM. LTD,1,1
,amlodipine(ralphones),,AMLODIPINE(RALPHONES) TABS 10MG X 28,Pharmacy,TABLETS,PACK,,220,RALPHONES PHARMACEUTICALS,1,1
8472.00,AMLOVAR,Amlodipine,AMLOVAR TABS 10MG X 10,Pharmacy,TABLETS,PACK,Calcium-channel blockers,745,,1,1
1007565.00,AMOKS,,AMOKS TABS 1G,Pharmacy,TABLETS,PACK,,1060,,1,1
,amono multivitamin,,AMONO MULTIVITAMIN CAPS X 30,Pharmacy,CAPSULES,PACK,,350,GREAT LIFE ENTERPRISES,1,1
1007892.00,AMOXICILLIN (MAYDON),Amoxicillin,AMOXICILLIN (MAYDON) CAPS,Pharmacy,CAPSULES,PACK,Penicillins,7655,MAYDON PHARMACEUTICALS & CHEMICAL CO.LTD,1,1
15304.00,ANATE,Artesunate + Amodiaquine,ANATE TABS 7-13 YRS,Pharmacy,TABLETS,PACK,Antimalarial drugs,250,,1,1
,anate(1-6) yrs,,ANATE(1-6) YRS POWDER X 6,Pharmacy,POWDER,PACK,,530,ARSTRAPHARMA LTD,1,1
,ANDON BPM (KD-595),,ANDON BPM (KD-595) X 1,Pharmacy,,PACK,,11500,OKEY CHUKS ENT. LTD.,1,1
,ANDON,,ANDON X 1,Pharmacy,,PACK,,9000,OKEY CHUKS ENT. LTD.,1,1
,ANGEL-C(VITAMIN C+ GLUCOSE 150MG),vitamin C,ANGEL-C(VITAMIN C+ GLUCOSE 150MG) TABS X 20,Pharmacy,TABLETS,PACK,,85,MAYDON PHARMACEUTICALS & CHEMICAL CO.LTD,1,1
6008962.00,ANIMAL PACK,,ANIMAL PACK X 1,Pharmacy,,PACK,,30000,,1,1
6010769.00,ANKLE SUPPORT l/s,,ANKLE SUPPORT L/S X 1,Pharmacy,,PACK,,3300,,1,1
6013323.00,ANKLE SUPPORT L/S(SOFT),,ANKLE SUPPORT L/S(SOFT)   X 1,Pharmacy,,PACK,,2000,,1,1
6010646.00,ANKLE SUPPORT m/s,,ANKLE SUPPORT M/S X 1,Pharmacy,,PACK,,2500,,1,1
6013325.00,ANKLE SUPPORT M/S(SOFT),,ANKLE SUPPORT M/S(SOFT)   X 1,Pharmacy,,PACK,,2000,,1,1
6013324.00,ANKLE SUPPORT XL(SOFT),,ANKLE SUPPORT XL(SOFT)   X 1,Pharmacy,,PACK,,2000,,1,1
6012763.00,ANTI T.B KIT,,ANTI T.B KIT INJ X 1,Pharmacy,INJECTION (POWDER),PACK,,5500,,1,1
6008951.00,anti-tuberclosis,,ANTI-TUBERCLOSIS INJ X 1,Pharmacy,INJECTION (POWDER),PACK,Antituberculosis drugs,6500,,1,1
6009215.00,ANTIDAR X 3,Sulfadoxine and Pyrimethamine,ANTIDAR X 3 TABS,Pharmacy,TABLETS,PACK,,70,,1,1
1053.00,ANTIMAL x 3,Sulfadoxine and Pyrimethamine,ANTIMAL X 3 TABS,Pharmacy,TABLETS,PACK,,95,,1,1
,ANUREX,,ANUREX SOLUTION X 1,Pharmacy,SOLUTION,PACK,,14000,AWARD GLOBAL HEALTHCARE LTD.,1,1
,apex b.p monitor,,APEX B.P MONITOR   X 1,Pharmacy,,PACK,,12000,,1,1
6009165.00,apple cedar,,APPLE CEDAR TABS X 1,Pharmacy,TABLETS,PACK,,2050,,1,1
1007717.00,AQMSU (AZITHROMYCIN),Azithromycin,AQMSU (AZITHROMYCIN) CAPS 250MG,Pharmacy,CAPSULES,PACK,Macrolides,350,,1,1
6011240.00,AQUA TEARS,,AQUA TEARS EYE DROPS 10ML X 1,Pharmacy,EYE DROPS,PACK,,1,,1,1
8904100000000.00,AQUACLAV X 14,Amoxicillin and Clavulanate,AQUACLAV X 14 CAPLET 625MG,Pharmacy,CAPLET,PACK,Penicillins,1050,,1,1
,AQUAMAL,,AQUAMAL SOFTGEL 80+480MG X 6,Pharmacy,SOFTGEL,PACK,,750,PINNACLE HEALTH PHARMACEUTICALS LIMITED,1,1
,aquamal,,AQUAMAL TABS 80/480 X 6,Pharmacy,TABLETS,PACK,,430,,1,1
1007723.00,ARCOFAN X 6,Artemether+Lumefantrine,ARCOFAN X 6 TABS,Pharmacy,TABLETS,PACK,Antimalarial drugs,335,,1,1
14879.00,ARENAX PLUS FORTE X 6,Artemether+Lumefantrine,ARENAX PLUS FORTE X 6 TABS 80/480,Pharmacy,TABLETS,PACK,Antimalarial drugs,650,,1,1
6013447.00,ARENAX PLUS,,ARENAX PLUS TABS  X 12,Pharmacy,TABLETS,PACK,,310,,1,1
6013448.00,ARENAX PLUS,,ARENAX PLUS TABS  X 18,Pharmacy,TABLETS,PACK,,450,,1,1
6012339.00,arenax plus,Artemether+Lumefantrine,ARENAX PLUS TABS  X 24,Pharmacy,TABLETS,PACK,Antimalarial drugs,460,,1,1
6013446.00,ARENAX PLUS,,ARENAX PLUS TABS  X 6,Pharmacy,TABLETS,PACK,,230,,1,1
6009505.00,ARISTOBET-N,,ARISTOBET-N EYE OINTMENT X 1,Pharmacy,EYE OINTMENT,PACK,,670,,1,1
15095.00,ARTEETHER,Artemeter,ARTEETHER INJ 150MG/2ML X 3,Pharmacy,INJECTION (SOLUTION),PACK,Antimalarial drugs,1450,,1,1
,ARTELIFE,Artemeter,ARTELIFE INJ 2ML/150MG X 3,Pharmacy,INJECTION (SOLUTION),PACK,,630,CHEZ RESOURCES PHARM. LTD,1,1
11301.00,ARTELUM (ADULT),Artemether+Lumefantrine,ARTELUM (ADULT) TABS 40/240MG,Pharmacy,TABLETS,PACK,Antimalarial drugs,480,,1,1
9012.00,ARTEMEF x 24,Artemether+Lumefantrine,ARTEMEF X 24 TABS,Pharmacy,TABLETS,PACK,Antimalarial drugs,250,,1,1
8906040000000.00,ARTEMEF X6,Artemether+Lumefantrine,ARTEMEF X6 TABS 80/480MG X 1,Pharmacy,TABLETS,PACK,Antimalarial drugs,610,,1,1
8519.00,ARTEMETHER,Artemeter,ARTEMETHER CAPS,Pharmacy,CAPSULES,PACK,Antimalarial drugs,200,,1,1
6012029.00,ARTEMETHER L,Artemether+Lumefantrine,ARTEMETHER L TABS 20/120 X 24,Pharmacy,TABLETS,PACK,Antimalarial drugs,300,,1,1
1007729.00,ARTEMETHER PLUS X 6,Artemether+Lumefantrine,ARTEMETHER PLUS X 6 TABS,Pharmacy,TABLETS,PACK,Antimalarial drugs,365,,1,1
,ARTEMETHER(AXEMAL),,ARTEMETHER(AXEMAL) INJ X 6,Pharmacy,INJECTION (SOLUTION),PACK,,250,NKOYO PHARM LTD,1,1
,ARTEMETHER+ lumefantrine(falma act),,ARTEMETHER+ LUMEFANTRINE(FALMA ACT)  20+120MG X 18,Pharmacy,,PACK,,310,GREAT LIFE ENTERPRISES,1,1
15381.00,artemether+lumefantrine X 6,Artemether+Lumefantrine,ARTEMETHER+LUMEFANTRINE X 6 TABS 80MG/480MG [PACK],Pharmacy,TABLETS,PACK,Antimalarial drugs,200,,1,1
15461.00,artemether/lum X 24,Artemether+Lumefantrine,ARTEMETHER/LUM X 24 TABS 20MG/120MG,Pharmacy,TABLETS,PACK,Antimalarial drugs,265,,1,1
6941000000000.00,ARTEQUIK X6,,ARTEQUIK X6 TABS,Pharmacy,TABLETS,PACK,Antimalarial drugs,850,,1,1
7640150000000.00,ARTEQUIN X 6,Artesunate+Mefloquine,ARTEQUIN X 6 TABS  {ADULT},Pharmacy,TABLETS,PACK,Antimalarial drugs,1510,,1,1
7640150000000.00,ARTEQUIN X 6,Artesunate+Mefloquine,ARTEQUIN X 6 TABS  X 1 {CHILDREN},Pharmacy,TABLETS,PACK,Antimalarial drugs,1250,,1,1
8372.00,AMTRY FORCEP (SMALL),,ARTERY FORCEP (SMALL),Pharmacy,,PACK,,280,,1,1
8371.00,AMTRY FORCEPS (BIG),,ARTERY FORCEPS (BIG),Pharmacy,,PACK,,715,,1,1
6008770.00,ARTESMODA 1-6,Artesunate + Amodiaquine,ARTESMODA 1-6 POWDER  X 10,Pharmacy,POWDER,PACK,Antimalarial drugs,150,,1,1
6008769.00,ARTESMODA LESS 1YEAR,Artesunate + Amodiaquine,ARTESMODA LESS 1YEAR POWDER 25MG/75MG X 10,Pharmacy,POWDER,PACK,Antimalarial drugs,400,UNICARE RESOURCESS LTD,1,1
15325.00,ARTESUN(ARTESUNATE),Artesunate,ARTESUN(ARTESUNATE) INJ 60MG,Pharmacy,INJECTION (POWDER),PACK,Antimalarial drugs,570,,1,1
8934570000000.00,Artesunate,Artesunate,ARTESUNATE (WHITE P)  TABS 50MG,Pharmacy,TABLETS,PACK,Antimalarial drugs,335,,1,1
6008730.00,ARTESUNATE(LEVER),Artesunate,ARTESUNATE(LEVER) TABS 50MG X 12,Pharmacy,TABLETS,PACK,Antimalarial drugs,455,,1,1
15028.00,Artesunate(MULTICOY),Artesunate,ARTESUNATE(MULTICOY) TABS 50MG,Pharmacy,TABLETS,PACK,Antimalarial drugs,850,,1,1
,ARTHEMED,,ARTHEMED TABS 80/480 X 6,Pharmacy,TABLETS,PACK,,420,,1,1
15157.00,ARTHRELLA x20,,ARTHRELLA X20 TABS,Pharmacy,TABLETS,PACK,,980,,1,1
,ARTIX,Artemether+Lumefantrine,ARTIX TABS 80MG+480MG X 6,Pharmacy,TABLETS,PACK,,380,AQUATIX PHARMACEUTICALS LTD,1,1
1007621.00,ARTOSTART,,ARTOSTART TABS 10MG,Pharmacy,TABLETS,PACK,,745,,1,1
1007599.00,ASMETHER X 6,Artemether+Lumefantrine,ASMETHER X 6 TABS,Pharmacy,TABLETS,PACK,Antimalarial drugs,400,,1,1
15222.00,ASPAIN NIGHT X 20,Paracetamol\ Diphenhydramine,ASPAIN NIGHT X 20 CAPLET 500MG/25MG X 1,Pharmacy,CAPLET,PACK,Non-opioid analgesics and antipyretics,145,,1,1
6012400.00,athelutin ds,Artemether+Lumefantrine,ATHELUTIN DS TABS X 6,Pharmacy,TABLETS,PACK,Antimalarial drugs,650,,1,1
,AtHELUTRIN FORTE,,ATHELUTRIN FORTE TABS 80MG+480MG X 6,Pharmacy,TABLETS,PACK,,700,KADARK PHARMACEUTICALS LIMITED,1,1
6010092.00,atorvastatin,Atorvastatin,ATORVASTATIN (PREFERRED DRUGS)  TABS 10MG X 30,Pharmacy,TABLETS,PACK,Lipid-regulating drugs,590,,1,1
,atswift,Atorvastatin,ATSWIFT TABS 10MG X 30,Pharmacy,TABLETS,PACK,,650,SJS LIFE SCIENCES LIMITED,1,1
,AtSWIFT,Atorvastatin,ATSWIFT TABS 20MG X 30,Pharmacy,TABLETS,PACK,,850,SJS LIFE SCIENCES LIMITED,1,1
4004150000000.00,Augenschutz X 45(RETNOL),Vitamin A,AUGENSCHUTZ X 45(RETNOL) CAPS  X 1,Pharmacy,CAPSULES,PACK,Vitamins,1550,,1,1
9986.00,AUGLOCEF X 14,Amoxicillin and Clavulanate,AUGLOCEF X 14 TABS 375MG,Pharmacy,TABLETS,PACK,Penicillins,1450,,1,1
9877.00,AuGLOCEF X 14,Amoxicillin and Clavulanate,AUGLOCEF X 14 TABS 625MG,Pharmacy,TABLETS,PACK,Penicillins,1100,,1,1
6009359.00,AUGMENTIN drop,Amoxicillin and Clavulanate,AUGMENTIN DROP  8ML,Pharmacy,,PACK,Penicillins,1130,,1,1
1001129.00,AUGMENTIN,Amoxicillin and Clavulanate,AUGMENTIN TABS 1G X 14,Pharmacy,TABLETS,PACK,Penicillins,3662,WWCVL (GSK),1,1
1000523.00,Augmentin X 14,Amoxicillin and Clavulanate,AUGMENTIN X 14 TABS 375MG,Pharmacy,TABLETS,PACK,Penicillins,2585,WWCVL (GSK),1,1
1000382.00,Augmentin X 14,Amoxicillin and Clavulanate,AUGMENTIN X 14 TABS 625MG,Pharmacy,TABLETS,PACK,Penicillins,3200,WWCVL (GSK),1,1
15148.00,AuRORA (rosuvastatin) X 30,Rosuvastatin,AURORA (ROSUVASTATIN) X 30 TABS 5MG,Pharmacy,TABLETS,PACK,Lipid-regulating drugs,790,,1,1
15289.00,AURORA (rosuvastatin) X10,Rosuvastatin,AURORA (ROSUVASTATIN) X10 TABS 10MG,Pharmacy,TABLETS,PACK,Lipid-regulating drugs,1150,,1,1
6008687.00,AuROXETIL,Cefuroxime,AUROXETIL CAPS 250MG,Pharmacy,CAPSULES,PACK,CEFALOSPORINS AND IMIPENEM WITH CILASTATIN,700,,1,1
,AUTOMATIC BLOOD PRESSURE MONITOR - SEMI LARGE,,AUTOMATIC BLOOD PRESSURE MONITOR - SEMI LARGE  UA-651SL X 1,Pharmacy,,PACK,,18000,,1,1
11523.00,AVEFLOX X 10,,AVEFLOX X 10 TABS 500MG,Pharmacy,TABLETS,PACK,,3200,,1,1
5900010000000.00,AVODART,Dutasteride,AVODART CAPS 0.5MG,Pharmacy,CAPSULES,PACK,,5280,WWCVL (GSK),1,1
,AVROAPETIT,,AVROAPETIT CAPLET X 30,Pharmacy,CAPLET,PACK,,490,AVRO PHARMA LTD,1,1
6008834.00,avroflox-tn x 10,,AVROFLOX-TN X 10 TABS,Pharmacy,TABLETS,PACK,,230,AVRO PHARMA LTD,1,1
6010912.00,avrozole,Albendazole,AVROZOLE TABS 200MG X 2,Pharmacy,TABLETS,PACK,Intestinal anthelmintics,70,,1,1
8901040000000.00,AXACEF X 10,Cefuroxime,AXACEF X 10 TABS 500MG,Pharmacy,TABLETS,PACK,CEFALOSPORINS AND IMIPENEM WITH CILASTATIN,1850,,1,1
1007498.00,AXEITOL CHEWABLE X 10,,AXEITOL CHEWABLE X 10 TABS 400MG,Pharmacy,TABLETS,PACK,,380,,1,1
6011186.00,axerem,,AXEREM  500MG X 10,Pharmacy,,PACK,,760,,1,1
1007508.00,AZIPHAR X 3,Azithromycin,AZIPHAR X 3 TABS 500MG,Pharmacy,TABLETS,PACK,Macrolides,650,,1,1
8906040000000.00,azithroma,Azithromycin,AZITHROMA TABS 500MG X 10,Pharmacy,TABLETS,PACK,Macrolides,1135,AWARD GLOBAL COMPANY LTD.,1,1
,AZITHROMYCIN (BG),Azithromycin,AZITHROMYCIN (BG) TABS 500MG X 10,Pharmacy,TABLETS,PACK,,850,B.G PHARMA & HEALTHCARE LTD.,1,1
1007468.00,AZITHROMYCIN (EMZOR) X 10,Azithromycin,AZITHROMYCIN (EMZOR) X 10 TABS 250MG,Pharmacy,TABLETS,PACK,Macrolides,400,,1,1
1007469.00,AZITHROMYCIN (EMZOR) X 10,Azithromycin,AZITHROMYCIN (EMZOR) X 10 TABS 500MG,Pharmacy,TABLETS,PACK,Macrolides,500,,1,1
14849.00,AZITHROMYCIN (VIXA) X 6,Azithromycin,AZITHROMYCIN (VIXA) X 6 CAPS 500MG,Pharmacy,CAPSULES,PACK,Macrolides,780,,1,1
6008843.00,AZITHROMYCIN(EXCEL),Azithromycin,AZITHROMYCIN(EXCEL) CAPS 250MG,Pharmacy,CAPSULES,PACK,Macrolides,450,,1,1
6008844.00,AZITHROMYCIN(EXCEL),Azithromycin,AZITHROMYCIN(EXCEL) CAPS 500MG,Pharmacy,CAPSULES,PACK,Macrolides,700,,1,1
6012403.00,AZITHROMYCIN(POCCO),Azithromycin,AZITHROMYCIN(POCCO) TABS 500MG X 10,Pharmacy,TABLETS,PACK,Macrolides,600,,1,1
6013328.00,AZITOP-500,Azithromycin,AZITOP-500 TABS  X 1,Pharmacy,TABLETS,PACK,,850,,1,1
25.00,AZOD TAB,,AZOD TAB,Pharmacy,,PACK,,400,MICRO NOVA PHARM.IND LIMITED,1,1
6010944.00,AZOPT(PARALLEL),,AZOPT(PARALLEL) EYE DROPS X 1,Pharmacy,EYE DROPS,PACK,,3000,,1,1
6013177.00,azotek,,AZOTEK TABS 500MG X 6,Pharmacy,TABLETS,PACK,,610,,1,1
6011132.00,B.P BAG,,B.P BAG X 1,Pharmacy,,PACK,,500,,1,1
6012840.00,B.P CUFF,,B.P CUFF X 1,Pharmacy,,PACK,,2300,,1,1
6010553.00,B.P MACHIINE(WRIST),,B.P MACHIINE(WRIST) X 1,Pharmacy,,PACK,,5500,,1,1
1007962.00,B.P MONITOR (wellbeing),,B.P MONITOR (WELLBEING) TABS,Pharmacy,TABLETS,PACK,,16800,,1,1
9508.00,B.P MONITOR PORKET,,B.P MONITOR POCKET (MULTI COY),Pharmacy,,PACK,,2420,,1,1
8665.00,B.P SPHYG WITHOUT STESCOP,,B.P SPHYG WITHOUT STHETOSCOPE,Pharmacy,,PACK,,3500,,1,1
10338.00,B.P WITH STESCOP,,B.P WITH STHETOSCOPE,Pharmacy,,PACK,,5300,,1,1
14800.00,B.PSPHY WITHOUT STETH(GERMNY),,B.PSPHY WITHOUT STETH(GERMNY),Pharmacy,,PACK,,2145,,1,1
8544.00,baby weighing scale,,BABY WEIGHING SCALE   X 1,Pharmacy,,PACK,,9350,,1,1
6008629.00,BABY ZINC x 10,Zinc Sulfate,BABY ZINC X 10 TABS 20MG,Pharmacy,TABLETS,PACK,DRUGS USED IN DIARRHOEA,130,,1,1
,BACK-UP,Levonorgestrel,BACK-UP TABS 1.5MG X 1,Pharmacy,TABLETS,PACK,,235,MARIE STOPES INTL NIGERIA,1,1
6037.00,Bactrim forte x10,Cotrimoxazole,BACTRIM FORTE X10 TABS 800/160MG,Pharmacy,TABLETS,PACK,Sulfonamides and trimethoprim,400,,1,1
6012879.00,BACTROFORTE,,BACTROFORTE TABS 500MG X 10,Pharmacy,TABLETS,PACK,,180,,1,1
,BALTENART,Artemeter,BALTENART TABS 80MG+480MG X 6,Pharmacy,TABLETS,PACK,,340,SJS LIFE SCIENCES LIMITED,1,1
6011470.00,BALZIT,Azithromycin,BALZIT TABS 250MG X 6,Pharmacy,TABLETS,PACK,Macrolides,400,,1,1
6012506.00,BALZIT,Azithromycin,BALZIT TABS 500MG X 6,Pharmacy,TABLETS,PACK,Macrolides,360,,1,1
6010120.00,BEAUTY COMPLEX,,BEAUTY COMPLEX X 1,Pharmacy,,PACK,,700,,1,1
6012927.00,BEAUTY SURE,,BEAUTY SURE CAPS  X 60,Pharmacy,CAPSULES,PACK,,8010,,1,1
5017010000000.00,BENDROFLUMETHIAZIDE(TEVA) 2.5MG TABS X 28,Bendroflumethiazide,BENDROFLUMETHIAZIDE(TEVA) 2.5MG TABS X 28,Pharmacy,,PACK,Thiazide diuretic,360,,1,1
,BETACLAV(KORLYNS),,BETACLAV(KORLYNS) TABS 645MG X 14,Pharmacy,TABLETS,PACK,,1500,KORLYNS PHARMACEUTICALS,1,1
1007800.00,BETAFLUMINE X 100,,BETAFLUMINE X 100 INJ,Pharmacy,INJECTION (SOLUTION),PACK,,550,,1,1
8906050000000.00,BETALAC AC,,BETALAC AC TABS 1000MG X 14,Pharmacy,TABLETS,PACK,,1350,,1,1
8906050000000.00,BETALAC AC,,BETALAC AC TABS 375MG X 14,Pharmacy,TABLETS,PACK,,10,,1,1
6008756.00,BETALOC 20K,Metoprolol,BETALOC 20K TABS  X 30,Pharmacy,TABLETS,PACK,BETA-ADRENOCEPTOR DRUGS,1500,,1,1
6009150.00,BETALOC 20K,Metoprolol,BETALOC 20K TABS 50MG,Pharmacy,TABLETS,PACK,BETA-ADRENOCEPTOR DRUGS,2720,,1,1
6013315.00,BETALOC ZOK,,BETALOC ZOK TABS 100MG X 30,Pharmacy,TABLETS,PACK,,3800,,1,1
6012074.00,BETAMOCLACID,,BETAMOCLACID TABS 625MG X 14,Pharmacy,TABLETS,PACK,,750,,1,1
7319.00,BETAREN DEXCEL,Diclofenac,BETAREN DEXCEL TABS 100MG X 10,Pharmacy,TABLETS,PACK,Lipid-regulating drugs,345,,1,1
6012630.00,BEXALOL,Betaxolol,BEXALOL EYE DROPS 0.25% 5ML,Pharmacy,EYE DROPS,PACK,,700,,1,1
,BEXATAN PLUS,Olmesartan,BEXATAN PLUS TABS 20+12.5MG X 30,Pharmacy,TABLETS,PACK,,3300,STANDARD GENERICS LIMITED,1,1
,BEXATAN,Olmesartan,BEXATAN TABS 20 X 30,Pharmacy,TABLETS,PACK,,2800,STANDARD GENERICS LIMITED,1,1
6012615.00,BEXILIN,,BEXILIN INHALER 100UG X 1,Pharmacy,INHALER,PACK,,750,,1,1
6012632.00,BEXITROL,,BEXITROL INHALER 25/250UG X 1,Pharmacy,INHALER,PACK,,2550,,1,1
6013129.00,BG CHECK MACHINE,,BG CHECK MACHINE X 1,Pharmacy,,PACK,,9000,,1,1
6012991.00,bg mal,,BG MAL TABS 20MG/120MG X 24,Pharmacy,TABLETS,PACK,,280,,1,1
8902400000000.00,bg mal,,BG MAL TABS 80MG/480MG X 6,Pharmacy,TABLETS,PACK,,300,,1,1
5124565.00,BG-TRAGESIC  X 10,Tramadol,BG-TRAGESIC  X 10 CAPS 50MG,Pharmacy,CAPSULES,PACK,OPIOID ANALGESICS ,250,,1,1
12896424.00,BGVID,ofloxacin,BGVID TABS 200MG,Pharmacy,TABLETS,PACK,Quinolones,300,,1,1
3086130000000.00,BIC SHAVING STICK X 5,,BIC SHAVING STICK X 5,Pharmacy,,PACK,,460,,1,1
6156000000000.00,BICARBONATE OF SODA MOKO,,BICARBONATE OF SODA MOKO POWDER,Pharmacy,POWDER,PACK,,135,,1,1
1003646.00,BIO SEA C/ L x 120,Cod Liver Oil,BIO SEA C/ L X 120 CAPS 300MG,Pharmacy,CAPSULES,PACK,Vitamins,800,,1,1
7610720000000.00,BIO-STRATH X 40,,BIO-STRATH X 40 TABS 0.5G X 1,Pharmacy,TABLETS,PACK,,1300,,1,1
6008705.00,BIODROXIL,,BIODROXIL TABS 1G X 12,Pharmacy,TABLETS,PACK,,700,,1,1
6009240.00,BIODROXIL,,BIODROXIL TABS 500MG X 1,Pharmacy,TABLETS,PACK,,700,,1,1
,BIOMULT,,BIOMULT CAPS X 30,Pharmacy,CAPSULES,PACK,,2000,,1,1
6912280000000.00,BIOSEA COD LIVER OIL,Cod Liver Oil,BIOSEA COD LIVER OIL SYR  200ML,Pharmacy,SYRUP,PACK,Vitamins,2650,,1,200ML
,BIOSZIME,Ceftazidime,BIOSZIME INJ 1G X 1,Pharmacy,INJECTION (POWDER),PACK,,650,CHEZ RESOURCES PHARM. LTD,1,1
8906050000000.00,BISACODYL(LAXATIVE) 5MG TAB,Bisacodyl,BISACODYL(LAXATIVE) 5MG TAB,Pharmacy,,PACK,LAXATIVES,20,,1,1
1001888.00,BKB,,BKB TABS 200MG X 20,Pharmacy,TABLETS,PACK,Cytotoxic antibiotics,105,,1,1
6012816.00,BLEORTEM,Artemether+Lumefantrine,BLEORTEM TABS 20MG/120MG X 12,Pharmacy,TABLETS,PACK,Antimalarial drugs,180,,1,1
6013157.00,BLEORTEM,Artemether+Lumefantrine,BLEORTEM TABS 20MG/120MG X 18,Pharmacy,TABLETS,PACK,Antimalarial drugs,230,,1,1
6012814.00,BLEORTEM,Artemether+Lumefantrine,BLEORTEM TABS 20MG/120MG X 24,Pharmacy,TABLETS,PACK,Antimalarial drugs,230,,1,1
6012815.00,BLEORTEM,Artemether+Lumefantrine,BLEORTEM TABS 20MG/120MG X 6,Pharmacy,TABLETS,PACK,Antimalarial drugs,130,,1,1
,BLIZZFUL NIGHT,,BLIZZFUL NIGHT CAPS  X 10,Pharmacy,CAPSULES,PACK,,1300,,1,1
8486.00,BLOOD LANCET,,BLOOD LANCET,Pharmacy,,PACK,,750,,1,1
1007904.00,BLOOD UP X 30,,BLOOD UP X 30 CAPS,Pharmacy,CAPSULES,PACK,Multivitamin and amino acid preparations,505,,1,1
6012284.00,BlUE SEA,Cod Liver Oil,BLUE SEA CAPS 1000MG X 30,Pharmacy,CAPSULES,PACK,Vitamins,380,,1,1
,BONAPET,Cyproheptadine,BONAPET CAPLET X 30,Pharmacy,CAPLET,PACK,,170,GOLD MOORE INTERNATIONAL LTD.,1,1
1003072.00,BONE CARE X 30,chondroitin\Glucosamine,BONE CARE X 30 CAPS,Pharmacy,CAPSULES,PACK,Other antirheumatic drugs,4125,JB PHARMACEUTICALS LTD,1,1
6010976.00,boneflex,chondroitin\Glucosamine,BONEFLEX TABS X 20,Pharmacy,TABLETS,PACK,,2200,,1,1
1000160.00,BOSKA X20,Paracetamol,BOSKA X20 TABS,Pharmacy,TABLETS,PACK,Non-opioid analgesics and antipyretics,268,ORANGE DRUG LTD2,1,1
1003293.00,breast solution,,BREAST SOLUTION CAPS X 30,Pharmacy,CAPSULES,PACK,,2420,,1,1
1008829.00,BREATH STRIPS,,BREATH STRIPS,Pharmacy,,PACK,,450,,1,1
6013240.00,Breclomol,Aceclofenac,BRECLOMOL TABS 100MG+500MG X 10,Pharmacy,TABLETS,PACK,,2500,,10,1
8940220000000.00,brimodine hess,,BRIMODINE HESS X 1,Pharmacy,,PACK,,2150,,1,1
8901300000000.00,BRUSTAN-N X 10,Ibuprofen,BRUSTAN-N X 10 TABS 400MG,Pharmacy,TABLETS,PACK,Non-steroidal anti-inflammatory drugs (NSAIDs),165,,1,1
8906040000000.00,BULMINTA MULTIVITAMIN,,BULMINTA MULTIVITAMIN,Pharmacy,,PACK,,415,,1,1
15096.00,BUNTO x 30,,BUNTO X 30 CAPS,Pharmacy,CAPSULES,PACK,Multivitamin and amino acid preparations,350,,1,1
1007809.00,BUSCOPAN X30,Hyoscine,BUSCOPAN X30 TABS,Pharmacy,TABLETS,PACK,ANTISPASMODIC DRUGS,310,,1,1
6012694.00,C-TAX,,C-TAX TABS 200MG X 10,Pharmacy,TABLETS,PACK,,870,,1,1
6008665.00,CABERDOST,Cabergoline,CABERDOST TABS 0.5MG X 4,Pharmacy,TABLETS,PACK,,4200,,1,1
8906050000000.00,CAL D3 PLUS,Oral Calcium,CAL D3 PLUS CAPS,Pharmacy,CAPSULES,PACK,Minerals,280,,1,1
8906050000000.00,CAL D3,Oral Calcium,CAL D3 TABS,Pharmacy,TABLETS,PACK,Minerals,280,,1,1
6012978.00,cal-vitan with glucosamin,,CAL-VITAN WITH GLUCOSAMIN TABS X 15,Pharmacy,TABLETS,PACK,,2100,GLOBAL ONEWORD HEALTHCARE LTD.,1,1
6012258.00,CALCIGAIN,,CALCIGAIN TABS X 30,Pharmacy,TABLETS,PACK,,1900,,1,1
8904010000000.00,Calcimax,Oral Calcium,CALCIMAX CAPS,Pharmacy,CAPSULES,PACK,Minerals,530,,1,1
4886.00,Calcitab X 60,Calcium Carbonate,CALCITAB X 60 TABS,Pharmacy,TABLETS,PACK,Minerals,330,,1,1
6008819.00,CALMNITE,,CALMNITE TABS  X 30,Pharmacy,TABLETS,PACK,,3900,,1,1
51732070.00,CAMOQUIN PLUS,,CAMOQUIN PLUS SYR 50MG/5ML 60ML,Pharmacy,SYRUP,PACK,,1710,,1,1
11212.00,CAMOSUNATE,,CAMOSUNATE BELOW I YR TABS,Pharmacy,TABLETS,PACK,,540,,1,1
15321.00,candid v1,Clotrimazole,CANDID V1 CAPLET 500MG,Pharmacy,CAPLET,PACK,,450,,1,1
8534.00,candid-v 6,,CANDID-V 6 TABS 500MG,Pharmacy,TABLETS,PACK,,400,,1,1
,canemark vaginal,Clotrimazole,CANEMARK VAGINAL TABS 100MG X 1,Pharmacy,TABLETS,PACK,,300,MARK PHARM LTD.,1,1
1008853.00,CANESTEN VAGINA TAB,,CANESTEN VAGINA TAB,Pharmacy,,PACK,,3400,,1,1
6011996.00,CANNON EXTRA,,CANNON EXTRA CAPLET  X 20,Pharmacy,CAPLET,PACK,,165,,1,1
6012451.00,CANTAB -V,,CANTAB -V TABS 100MG X 6,Pharmacy,TABLETS,PACK,,215,,1,1
11352.00,CANULLA  X 50,,CANULLA  X 50  16G {GRAY},Pharmacy,,PACK,,1300,,1,1
8058.00,CANULLA  X 50,,CANULLA  X 50  18G,Pharmacy,,PACK,,1300,,1,1
1007968.00,CAPFLOXACIN,,CAPFLOXACIN TABS 500MG X 10,Pharmacy,TABLETS,PACK,,200,,1,1
8102.00,CAPILLARY TUBE,,CAPILLARY TUBE,Pharmacy,,PACK,,500,,1,1
,CARBIDOX,,CARBIDOX TABS X 8,Pharmacy,TABLETS,PACK,,5400,ZION CROWN LIMITED,1,1
15124.00,CARDIOACE plus,,CARDIOACE PLUS CAPS X 60,Pharmacy,CAPSULES,PACK,,10500,,1,1
1001159.00,CARDIOACE,,CARDIOACE TABS,Pharmacy,TABLETS,PACK,,3950,,1,1
5021270000000.00,cardioace x 30,,CARDIOACE X 30 CAPS,Pharmacy,CAPSULES,PACK,,4000,,1,1
8906020000000.00,CARTEF,,CARTEF TABS 20/120,Pharmacy,TABLETS,PACK,,380,,1,1
5000220000000.00,CASILAN 90,,CASILAN 90 POWDER  450G,Pharmacy,POWDER,PACK,,4180,,1,450G
6010637.00,CATALIN(PACKI),,CATALIN(PACKI) EYE DROPS X 1,Pharmacy,EYE DROPS,PACK,,0,,1,1
1007634.00,CEDAX (NAPROXEN) X 20,,CEDAX (NAPROXEN) X 20 TABS,Pharmacy,TABLETS,PACK,,550,,1,1
1007925.00,CEEMACIN X 14 (CLARITHROMYCIN),,CEEMACIN X 14 (CLARITHROMYCIN) TABS 500MG,Pharmacy,TABLETS,PACK,,1450,,1,1
2105.00,CEFADOX 200MG,,CEFADOX 200MG,Pharmacy,,PACK,,1550,MICRO NOVA PHARM.IND LIMITED,1,1
1007908.00,CEFADOX,,CEFADOX TABS 100MG,Pharmacy,TABLETS,PACK,,950,,1,1
6012159.00,CEFEXICLAV,,CEFEXICLAV TABS 325MG X 10,Pharmacy,TABLETS,PACK,,1750,,1,1
6013301.00,CEFIRAT,,CEFIRAT TABS 200MG X 10,Pharmacy,TABLETS,PACK,,650,,1,1
6011673.00,CEFIRAT,,CEFIRAT TABS 400MG X 10,Pharmacy,TABLETS,PACK,,920,,1,1
1003257.00,CEFIXIM (reals) x 20,,CEFIXIM (REALS) X 20 TABS 200MG,Pharmacy,TABLETS,PACK,,1350,,1,1
,CEFIXIME (EVANS BAROQUE),Cefixime,CEFIXIME (EVANS BAROQUE) CAPLET 200MG X 10,Pharmacy,CAPLET,PACK,,850,EVANS BAROQUE LTD,1,1
,CEFIXIME (EVANS BAROQUE),Cefixime,CEFIXIME (EVANS BAROQUE) CAPLET 400MG X 10,Pharmacy,CAPLET,PACK,,1680,EVANS BAROQUE LTD,1,1
6009114.00,cefixime,,CEFIXIME (MIRAL)  TABS 400MG,Pharmacy,TABLETS,PACK,,850,MIRAL PHARM LIMITED,1,1
6012898.00,cefixime,,CEFIXIME (MULTICOY)  TABS 200MG X 10,Pharmacy,TABLETS,PACK,,800,,1,1
15320.00,CEFIZIM(CEFIXIME),,CEFIZIM(CEFIXIME) TABS 200MG,Pharmacy,TABLETS,PACK,,500,AQUATIX PHARMACEUTICALS LTD,1,1
6013317.00,ceflonac forte,,CEFLONAC FORTE TABS  X 10,Pharmacy,TABLETS,PACK,,2000,,10,1
8906050000000.00,ceflonac sp,,CEFLONAC SP   X 100,Pharmacy,,PACK,,3500,,100,10
,CEFSAFE-500,Cefuroxime Axetil,CEFSAFE-500 TABS 500MG X 10,Pharmacy,TABLETS,PACK,,1200,EDEN U-K PHARMACEUTICALS LTD,1,1
1007515.00,CEFTYL,,CEFTYL TABS 250MG,Pharmacy,TABLETS,PACK,,900,,1,1
1007516.00,CEFTYL,,CEFTYL TABS 500MG,Pharmacy,TABLETS,PACK,,1500,,1,1
7053.00,CEFUNAT,,CEFUNAT TABS 250MG,Pharmacy,TABLETS,PACK,,950,,1,1
8901120000000.00,CEFUNAT x 10,,CEFUNAT X 10 TABS 500MG,Pharmacy,TABLETS,PACK,,2200,,1,1
6012897.00,CEFUROXIME,,CEFUROXIME (FIDSON)  TABS 250MG X 10,Pharmacy,TABLETS,PACK,,1285,,1,1
6010907.00,CEFUROXIME (MULTICOY),,CEFUROXIME (MULTICOY) INJ X 1,Pharmacy,INJECTION (POWDER),PACK,,340,,1,1
6011945.00,CEFUROXIME(KINA),,CEFUROXIME(KINA) TABS 250MG X 10,Pharmacy,TABLETS,PACK,,570,,1,1
6011424.00,CEFUROXIME(KINA),,CEFUROXIME(KINA) TABS 500MG X 10,Pharmacy,TABLETS,PACK,,1000,,1,1
6012396.00,CEFUROXIME(TIMEC),,CEFUROXIME(TIMEC) TABS 500MG X 10,Pharmacy,TABLETS,PACK,,800,,1,1
6012811.00,CEFUZAR,,CEFUZAR TABS 250MG X 10,Pharmacy,TABLETS,PACK,,650,,1,1
6012812.00,CEFUZAR,,CEFUZAR TABS 500MG X 10,Pharmacy,TABLETS,PACK,,900,,1,1
1000250.00,CELEBREX,Celecoxib,CELEBREX CAPS 200MG,Pharmacy,CAPSULES,PACK,,2200,WWCVL (PFIZER),1,1
1003442.00,CELEDRIN (Esomeprazole) X 30,,CELEDRIN (ESOMEPRAZOLE) X 30 CAPS 20MG,Pharmacy,CAPSULES,PACK,,1735,,1,1
1007520.00,CELEROSE X 10,,CELEROSE X 10 TABS,Pharmacy,TABLETS,PACK,,450,,1,1
1008628.00,celevox x10,,CELEVOX X10 TABS 500MG X 1,Pharmacy,TABLETS,PACK,,670,,1,1
NENNGG000602,3,,CELLGEVITY X 30 CAPS,Pharmacy,CAPSULES,PACK,,7500,,1,1
1000463.00,CENOX TABLET X 10,,CENOX TABLET X 10 TABS 500MG,Pharmacy,TABLETS,PACK,,600,ELBE PHARMA NIG LTD,1,1
1007913.00,CENOX TABLET X 14,,CENOX TABLET X 14 CAPLET 500MG,Pharmacy,CAPLET,PACK,,680,,1,1
1001047.00,CENPAIN NIGTE X 12,,CENPAIN NIGHT CAPLET X12,Pharmacy,CAPLET,PACK,,250,,1,1
,CENTRUM EVERYDAY VALUE(ADULTS),,CENTRUM EVERYDAY VALUE(ADULTS) TABS X 130,Pharmacy,TABLETS,PACK,,8800,megavox ltd,1,1
6012231.00,centrum men,,CENTRUM MEN TABS X 120,Pharmacy,TABLETS,PACK,,9000,,1,1
6011257.00,centrum silver  men 50+,,CENTRUM SILVER  MEN 50+ TABS X 120,Pharmacy,TABLETS,PACK,,8200,,1,1
6011286.00,CENTRUM SILVER ADULT 50+,,CENTRUM SILVER ADULT 50+ TABS  X 125,Pharmacy,TABLETS,PACK,,8850,,1,1
6011256.00,centrum silver(adult 50+),,CENTRUM SILVER(ADULT 50+) TABS X 80,Pharmacy,TABLETS,PACK,,8200,,1,1
,CENTRUM WOMEN,,CENTRUM WOMEN TABS X 120,Pharmacy,TABLETS,PACK,,8200,megavox ltd,1,1
300055000000.00,centrum(men),,CENTRUM(MEN) TABS X 40,Pharmacy,TABLETS,PACK,,1250,,1,1
6013370.00,CENVITAN ADULT PLUS,,CENVITAN ADULT PLUS TABS  X 1,Pharmacy,TABLETS,PACK,,2000,,1,1
6013371.00,CENVITAN ADULT,,CENVITAN ADULT TABS  X 1,Pharmacy,TABLETS,PACK,,1800,,1,1
6013372.00,CENVITAN TAURINE KIDS,,CENVITAN TAURINE KIDS TABS  X 1,Pharmacy,TABLETS,PACK,,2500,,1,1
6010956.00,CEPHAFLASH,,CEPHAFLASH CAPS 500MG X 10,Pharmacy,CAPSULES,PACK,,550,,1,1
1007777.00,CEPOREX X 10,,CEPOREX X 10 TABS 500MG,Pharmacy,TABLETS,PACK,,400,,1,1
15212.00,CETAFENAC X 100,,CETAFENAC X 100 CAPLET 500MG,Pharmacy,CAPLET,PACK,,750,,1,1
8906050000000.00,CETILAB,Cimetidine,CETILAB TABS 400MG,Pharmacy,TABLETS,PACK,,170,,1,1
1007851.00,CETIN X 100,,CETIN X 100 TABS,Pharmacy,TABLETS,PACK,,700,,1,1
6011118.00,CETROXOL,,CETROXOL TABS 500MG X 3,Pharmacy,TABLETS,PACK,,1420,,1,1
6008917.00,charicod x 30,,CHARICOD X 30 CAPS,Pharmacy,CAPSULES,PACK,,170,,1,1
6008915.00,charitone x 30,,CHARITONE X 30 CAPS,Pharmacy,CAPSULES,PACK,,215,,1,1
6009168.00,charity cod liver oil,,CHARITY COD LIVER OIL CAPS 1000MG X 1,Pharmacy,CAPSULES,PACK,,265,,1,1
6009167.00,charity cod liver oil,,CHARITY COD LIVER OIL CAPS 300MG X 1,Pharmacy,CAPSULES,PACK,,260,,1,1
767162000000000.00,charivite x 30,,CHARIVITE X 30 CAPS,Pharmacy,CAPSULES,PACK,,215,,1,1
,chemocef,,CHEMOCEF TABS 250MG X 10,Pharmacy,TABLETS,PACK,,750,,1,1
,chemocef,,CHEMOCEF TABS 500MG X 10,Pharmacy,TABLETS,PACK,,1200,,1,1
,CHEMTEL,Albendazole,CHEMTEL TABS X 1,Pharmacy,TABLETS,PACK,,80,CHEZ RESOURCES PHARM. LTD,1,1
1007405.00,CHIFENAC (aceclofenac) X 10,,CHIFENAC (ACECLOFENAC) X 10 TABS 100MG X 1,Pharmacy,TABLETS,PACK,,2550,,1,1
15227.00,CHIFENAC (aceclofenac) X 100,,CHIFENAC (ACECLOFENAC) X 100 CAPLET 10MG X 1,Pharmacy,CAPLET,PACK,,2700,,1,1
1007446.00,CHIMOX (mebendazole) X 1,,CHIMOX (MEBENDAZOLE) X 1 TABS 500MG X 1,Pharmacy,TABLETS,PACK,,150,,1,1
15225.00,CHIMOX (mebendazole) X 6,,CHIMOX (MEBENDAZOLE) X 6 TABS 100MG,Pharmacy,TABLETS,PACK,,200,,1,1
15140.00,chizoderm x 30,Ketoconazole,CHIZODERM X 30 TABS 200MG X 1,Pharmacy,TABLETS,PACK,,650,,1,1
,chloramphenicol (DGF),,CHLORAMPHENICOL (DGF) EAR DROPS 10ML X 1,Pharmacy,EAR DROPS,PACK,,300,WWCVL (DGF),1,1
7969.00,chloramphenicol,,CHLORAMPHENICOL CAPS 250MG X 1000,Pharmacy,CAPSULES,PACK,,0,,1,1
14964.00,CHLOROQUINE (multicoy),,CHLOROQUINE (MULTICOY) TABS X10,Pharmacy,TABLETS,PACK,,80,,1,1
1033.00,CHLOROQUINE X10,Chloroquine,CHLOROQUINE X10 (EVANS )  TABS,Pharmacy,TABLETS,PACK,,450,,1,1
1007464.00,CHYMORAL FORT,,CHYMORAL FORT TABS 100000A.U X 30,Pharmacy,TABLETS,PACK,,790,,1,1
6720.00,CIALIS,,CIALIS TABS 20MG X 4,Pharmacy,TABLETS,PACK,,4500,,1,1
6013434.00,cibidorf,Ciprofloxacin,CIBIDORF TABS 500MG X 1,Pharmacy,TABLETS,PACK,,250,OREFEMA PHARMACEUTICALS LTD,1,1
8904150000000.00,CIDAFLOX,,CIDAFLOX TABS 500MG X 1,Pharmacy,TABLETS,PACK,,725,FILGAP HEAITHCARE LTD,1,1
,ciflaxin,Ciprofloxacin,CIFLAXIN TABS 500MG X 10,Pharmacy,TABLETS,PACK,,490,DRUGFIELD PHARMACEUTICALS LIMITED,1,1
1007996.00,ciflomax,,CIFLOMAX CAPLET 500MG X 10,Pharmacy,CAPLET,PACK,,320,OANG LIMITED,1,1
6012421.00,ciflomax,,CIFLOMAX TABS 500MG X 14,Pharmacy,TABLETS,PACK,,340,,1,1
6012013.00,CIFLOMAX-PLUS,,CIFLOMAX-PLUS TABS  X 10,Pharmacy,TABLETS,PACK,,370,,1,1
4876.00,CIFRAN,Ciprofloxacin,CIFRAN TABS 500MG X 10,Pharmacy,TABLETS,PACK,,350,,1,10
6414.00,cimetidine,Cimetidine,CIMETIDINE (UNBRANDED)  TABS 200MG X 20,Pharmacy,TABLETS,PACK,,5700,,20,1
1000722.00,cimetidine X 20,Cimetidine,CIMETIDINE X 20 (MAYDON)  TABS 400MG,Pharmacy,TABLETS,PACK,,380,,1,1
6011031.00,CIMETIDINE(MULTICOY),,CIMETIDINE(MULTICOY) TABS 400MG X 10,Pharmacy,TABLETS,PACK,,335,,1,1
6008927.00,cinflox x 10,,CINFLOX X 10 TABS,Pharmacy,TABLETS,PACK,,110,,1,1
6013173.00,CIPNOX,Ciprofloxacin,CIPNOX TABS 500MG X 10,Pharmacy,TABLETS,PACK,,200,,1,1
911563000000.00,CIPOX x 10,,CIPOX X 10 CAPLET 500MG,Pharmacy,CAPLET,PACK,,150,,1,1
6011440.00,CIPRO,,CIPRO EYE DROPS 10ML X 1,Pharmacy,EYE DROPS,PACK,,330,,1,1
9283.00,CIPRO- 500,,CIPRO- 500 TABS  X 14,Pharmacy,TABLETS,PACK,,350,,1,1
15324.00,CIPRO-J,,CIPRO-J EYE DROPS 10ML,Pharmacy,EYE DROPS,PACK,,900,,1,1
6012117.00,CIPRO-S,,CIPRO-S TABS 500MG X 10,Pharmacy,TABLETS,PACK,,200,,1,1
8902320000000.00,CIPROBIOTIC FORTE x 10,,CIPROBIOTIC FORTE X 10 TABS 500MG,Pharmacy,TABLETS,PACK,,360,EMCURE NIGERIA LTD.,1,1
6010175.00,ciprobon x 10,,CIPROBON X 10 CAPLET 500MG,Pharmacy,CAPLET,PACK,,195,,1,1
1007691.00,CIPROCIL (CIPROFLOXACIN) X10,,CIPROCIL (CIPROFLOXACIN) X10 TABS 200MG,Pharmacy,TABLETS,PACK,,120,,1,1
1766.00,CIPROFLOX,Ciprofloxacin,CIPROFLOX  500MG TAB X 10,Pharmacy,TABLETS,PACK,,170,,1,1
,CIPROFLOXACIN,,CIPROFLOXACIN (FIDSON)  TABS 500MG X 10,Pharmacy,TABLETS,PACK,,350,,1,1
6013051.00,CIPROFLOXACIN /TIN,,CIPROFLOXACIN /TIN (GPL)  TABS  X 10,Pharmacy,TABLETS,PACK,,480,,1,1
6009848.00,ciprofloxacin x 10,,CIPROFLOXACIN X 10 (MULTICOY)  TABS,Pharmacy,TABLETS,PACK,,215,,1,1
6156150000000.00,ciprofloxacin(bg),,CIPROFLOXACIN(BG) TABS 500MG X 10,Pharmacy,TABLETS,PACK,,170,,1,1
,ciprofloxacin(hikmeg),Ciprofloxacin,CIPROFLOXACIN(HIKMEG) TABS 500MG X 10,Pharmacy,TABLETS,PACK,,420,HIKMEG PHARMA,1,1
6013475.00,CIPROFLOXACIN(HYGIEIA),,CIPROFLOXACIN(HYGIEIA) TABS 500MG X 10,Pharmacy,TABLETS,PACK,,170,,1,1
,ciprofloxacin(kadark),,CIPROFLOXACIN(KADARK) SOFTGEL 500MG X 10,Pharmacy,SOFTGEL,PACK,,1050,KADARK PHARMACEUTICALS LIMITED,1,1
,ciprofloXACIN(kessington global),,CIPROFLOXACIN(KESSINGTON GLOBAL) TABS 500MG X 10,Pharmacy,TABLETS,PACK,,180,KESSINGTON GLOBAL SYNERGY LTD.,1,1
6012342.00,CIPROFLOXACIN(M&B),,CIPROFLOXACIN(M&B) TABS 500MG X 10,Pharmacy,TABLETS,PACK,,480,,1,1
6013472.00,ciprofloXACIN(m&B),,CIPROFLOXACIN(M&B) TABS 500MG X 14,Pharmacy,TABLETS,PACK,,500,MAY & BAKER NIGERIA PLC,1,1
6008912.00,ciprofloxacin(multicoy),,CIPROFLOXACIN(MULTICOY) EYE DROPS 10ML,Pharmacy,EYE DROPS,PACK,,160,,1,1
1009167.00,CIPROFLOXACIN(OSWORTH),,CIPROFLOXACIN(OSWORTH) CAPLET 500MG X 10,Pharmacy,CAPLET,PACK,,240,,1,1
,ciprofloxacin(pharmacy plus),Ciprofloxacin,CIPROFLOXACIN(PHARMACY PLUS) EYE DROPS 10ML X 1,Pharmacy,EYE DROPS,PACK,,470,OPTIVISION LIMITED,1,1
1734.00,CIPROGEM,Ciprofloxacin,CIPROGEM TABS 250MG X 1,Pharmacy,TABLETS,PACK,,1590,,1,1
1000671.00,CIPROGEM x 10,Ciprofloxacin,CIPROGEM X 10 TABS 500MG,Pharmacy,TABLETS,PACK,,1165,,1,1
6011694.00,CIPROMON,,CIPROMON TABS X 10,Pharmacy,TABLETS,PACK,,200,,1,1
1007784.00,CIPRONOL SMALL PACK X 10,,CIPRONOL SMALL PACK X 10 TABS,Pharmacy,TABLETS,PACK,,130,,1,1
15268.00,CIPRONOL(long pack),,CIPRONOL(LONG PACK) TABS 500MG X 1,Pharmacy,TABLETS,PACK,,230,,1,1
6009575.00,CIPRONOL-TN x 10,,CIPRONOL-TN X 10 TABS,Pharmacy,TABLETS,PACK,,375,,1,1
1007998.00,CIPROPAN,,CIPROPAN CAPLET X 10,Pharmacy,CAPLET,PACK,,150,,1,1
6012095.00,',,CIPROPTIC EYE DROPS  10ML,Pharmacy,EYE DROPS,PACK,,275,,1,10ML
6009415.00,CIPROSOFT X 10,,CIPROSOFT X 10 TABS 500MG,Pharmacy,TABLETS,PACK,,800,,1,1
6011738.00,CIPROSTAT-TN,,CIPROSTAT-TN X 10 TABS,Pharmacy,TABLETS,PACK,,600,,1,1
15285.00,CIPROTAB TN,,CIPROTAB TN TABS,Pharmacy,TABLETS,PACK,,1350,,1,1
1000646.00,Ciprotab X 10,Ciprofloxacin,CIPROTAB X 10 (FIDSON)  TABS 500MG,Pharmacy,TABLETS,PACK,,1280,,1,1
8906000000000.00,Ciprotab x 14,Ciprofloxacin,CIPROTAB X 14 TABS 500MG,Pharmacy,TABLETS,PACK,,1600,,1,1
8904030000000.00,ciprozar,,CIPROZAR EYE DROPS 10ML X 1,Pharmacy,EYE DROPS,PACK,,200,,1,1
8904180000000.00,CIPTA (CIPROFLOXACIN & TINIDAZOLE) X 10,,CIPTA (CIPROFLOXACIN & TINIDAZOLE) X 10 TABS,Pharmacy,TABLETS,PACK,,450,AWARD GLOBAL COMPANY LTD.,1,1
6012063.00,CIRCUMCISION SET,,CIRCUMCISION SET   X 14,Pharmacy,,PACK,,5100,,1,1
8673.00,CIRCUMCISION SET x 6,,CIRCUMCISION SET X 6,Pharmacy,,PACK,,3800,,1,1
8413.00,CIRCUMCISION SET x 9,,CIRCUMCISION SET X 9,Pharmacy,,PACK,,4300,,1,1
6012502.00,CLAFIX,,CLAFIX TABS 200MG X 10,Pharmacy,TABLETS,PACK,,640,,1,1
1003083.00,clamoxin X 14,,CLAMOXIN X 14 TABS 625MG,Pharmacy,TABLETS,PACK,,1400,,1,1
15162.00,clamysol,Clindamycin,CLAMYSOL CAPS 300MG,Pharmacy,CAPSULES,PACK,,905,,1,1
6008908.00,clamysol,,CLAMYSOL TABS 150MG,Pharmacy,TABLETS,PACK,,600,,1,1
1007609.00,CLANOSTEN VAG X 6,,CLANOSTEN VAG X 6 TABS 100MG,Pharmacy,TABLETS,PACK,,150,,1,1
9513.00,CLARICIN X 14,,CLARICIN X 14 TABS 500MG,Pharmacy,TABLETS,PACK,,895,,1,1
10360.00,CLARITHROMAX (VIXA),,CLARITHROMAX (VIXA) TABS 500MG,Pharmacy,TABLETS,PACK,,1190,,1,1
6012171.00,clarithromycin(pocco),,CLARITHROMYCIN(POCCO) TABS 500MG X 14,Pharmacy,TABLETS,PACK,,1350,,1,1
,clarithromycin(sam jones),,CLARITHROMYCIN(SAM JONES) TABS 500MG X 10,Pharmacy,TABLETS,PACK,,1500,DE-ZUBIK PHARMACEUTICA LTD,1,1
6012052.00,CLARTEM,,CLARTEM TABS 20/120 X 24,Pharmacy,TABLETS,PACK,,300,,1,1
,clarthrime,,CLARTHRIME TABS 500MG X 14,Pharmacy,TABLETS,PACK,,1650,CHEZ RESOURCES PHARM. LTD,1,1
15115.00,CLAVULIN x 14,Amoxicillin and Clavulanate,CLAVULIN X 14 TABS 1G,Pharmacy,TABLETS,PACK,,1784,,1,1
1003248.00,CLAVULIN x 14,Amoxicillin and Clavulanate,CLAVULIN X 14 TABS 625MG,Pharmacy,TABLETS,PACK,,1578,WWCVL (GSK),1,1
6010087.00,CLAVULIST 625MG X 14,,CLAVULIST 625MG X 14,Pharmacy,TABLETS,PACK,,1065,,1,1
6293.00,CLIFEN,,CLIFEN TABS 50MG X 10,Pharmacy,TABLETS,PACK,,250,,1,1
8850680000000.00,clindamycin x 10,,CLINDAMYCIN X 10 (MULTICOY)  CAPS 150MG,Pharmacy,CAPSULES,PACK,,950,,1,1
8850680000000.00,clindamycin x 10,,CLINDAMYCIN X 10 (MULTICOY)  TABS 300MG,Pharmacy,TABLETS,PACK,,900,,1,1
6012292.00,CLINDASAM,,CLINDASAM TABS 300MG X 15,Pharmacy,TABLETS,PACK,,1500,,1,1
6012583.00,CLINIVAL-V,,CLINIVAL-V SUPP  X 7,Pharmacy,SUPPOSITORY,PACK,,615,,1,1
6127.00,CLO BKO,,CLO BKO CAPS,Pharmacy,CAPSULES,PACK,,435,,1,1
1000314.00,Clomid X 10,Clomiphene,CLOMID X 10 TABS 50MG,Pharmacy,TABLETS,PACK,,4700,,1,1
6010599.00,CLOMIPHENE X 10,,CLOMIPHENE X 10 TABS,Pharmacy,TABLETS,PACK,,360,,1,1
5017010000000.00,CLOPIDROGREL(TEVA),,CLOPIDROGREL(TEVA) TABS 75MG X 28,Pharmacy,TABLETS,PACK,,1230,,1,1
1007471.00,CLOTRIVAG VAGINAL  X 6,,CLOTRIVAG VAGINAL  X 6 TABS 200MG,Pharmacy,TABLETS,PACK,,200,,1,1
11361.00,CLOVIGAL VIRGINAL X 6,,CLOVIGAL VIRGINAL X 6 TABS 100MG,Pharmacy,TABLETS,PACK,,435,,1,1
1007977.00,CO-AMOXICLAV,,CO-AMOXICLAV CAPLET 1G,Pharmacy,CAPLET,PACK,,1000,,1,1
1007976.00,CO-AMOXICLAV,,CO-AMOXICLAV CAPLET 625 X 14,Pharmacy,CAPLET,PACK,,820,,1,1
8060.00,CO-ARINATE  [ADULT],,CO-ARINATE  [ADULT] TABS,Pharmacy,TABLETS,PACK,,1240,,1,1
8549.00,CO-ARINATE [JNR],,CO-ARINATE [JNR] TABS,Pharmacy,TABLETS,PACK,,350,,1,1
1007624.00,CO-FAN (GSK),,CO-FAN (GSK) TABS,Pharmacy,TABLETS,PACK,,2850,,1,1
6013098.00,CO-TAN DS,,CO-TAN DS TABS 80MG/480MG X 6,Pharmacy,TABLETS,PACK,,400,,1,1
1007751.00,Coartem (NOVARTIS) DS X 6,,COARTEM (NOVARTIS) DS X 6 TABS 80/480MG,Pharmacy,TABLETS,PACK,,1350,,1,1
1003043.00,Coartem (NOVARTIS) X 24,,COARTEM (NOVARTIS) X 24 TABS 20/120,Pharmacy,TABLETS,PACK,,805,,1,1
1000509.00,Coartem (SFH) X 18,,COARTEM (SFH) X 18 TABS,Pharmacy,TABLETS,PACK,,740,OANG LIMITED,1,1
14993.00,COARTEM ,,COARTEM (SFH)X6 TABS,Pharmacy,TABLETS,PACK,,555,OANG LIMITED,1,1
6012085.00,COARTEM(NEW PACK),,COARTEM(NEW PACK) TABS X 12,Pharmacy,TABLETS,PACK,,480,,1,1
6012086.00,COARTEM(NEW PACK),,COARTEM(NEW PACK) TABS X 18,Pharmacy,TABLETS,PACK,,700,,1,1
6012087.00,COARTEM(NEW PACK),,COARTEM(NEW PACK) TABS X 24,Pharmacy,TABLETS,PACK,,1000,,1,1
6012084.00,COARTEM(NEW PACK),,COARTEM(NEW PACK) TABS X 6,Pharmacy,TABLETS,PACK,,350,,1,1
1002405.00,Coartem(SFH) X 12,,COARTEM(SFH) X 12 TABS,Pharmacy,TABLETS,PACK,,330,,1,1
6012340.00,COATAL FORTE,,COATAL FORTE SOFTGEL 80/8480MG X 6,Pharmacy,SOFTGEL,PACK,,550,,1,1
1002418.00,COATAL FORTE X 6,,COATAL FORTE X 6 TABS 80/480MG,Pharmacy,TABLETS,PACK,,400,,1,1
,COATAL,,COATAL TABS 20+120MG X 24,Pharmacy,TABLETS,PACK,,400,GENEITH PHARM. LIMITED,1,1
6013203.00,COD LIVER OIL,,COD LIVER OIL (ULTRA) X 1,Pharmacy,,PACK,,2900,,1,1
,cod liver oil(crowther),,COD LIVER OIL(CROWTHER) CAPS 1000MG X 30,Pharmacy,CAPSULES,PACK,,470,OANG LIMITED,1,1
,cod liver oil(nkoyo),,COD LIVER OIL(NKOYO) CAPS 1000MG X 30,Pharmacy,CAPSULES,PACK,,400,NKOYO PHARM LTD,1,1
1007533.00,CODABAMAL FORTE 100,,CODABAMAL FORTE 100 TABS,Pharmacy,TABLETS,PACK,,400,,1,1
6012265.00,codefree machine,,CODEFREE MACHINE X 1,Pharmacy,,PACK,,7000,,1,1
6012570.00,COGNIUM,,COGNIUM TABS X 20,Pharmacy,TABLETS,PACK,,1200,,1,1
15435.00,COLART ADULT X 24,,COLART ADULT X 24 TABS,Pharmacy,TABLETS,PACK,,550,,1,1
1007435.00,COLART CHILD X 12,,COLART CHILD X 12 TABS 20/120MG,Pharmacy,TABLETS,PACK,,280,,1,1
14803.00,COLCHICINE,,COLCHICINE TABS 1MG {OPOCALCIUM},Pharmacy,TABLETS,PACK,,1800,,1,1
8904080000000.00,COLESTRIM (MEGA) 160MG X 30,Fenofibrate,COLESTRIM (MEGA) 160MG X 30,Pharmacy,,PACK,,2500,,1,1
8071.00,COMBI-2 X 100,,COMBI-2 X 100,Pharmacy,,PACK,,2150,,1,1
4046680000000.00,COMBI-9,,COMBI-9,Pharmacy,,PACK,,2690,,1,1
1007988.00,COMBIART,,COMBIART TABS  [PACK] X 12,Pharmacy,TABLETS,PACK,,255,,1,1
1007989.00,COMBIART,,COMBIART TABS  [PACK] X 6,Pharmacy,TABLETS,PACK,,700,LAMGOK VENTURES,1,1
1007985.00,COMBIART,,COMBIART TABS X 18,Pharmacy,TABLETS,PACK,,540,,1,1
8902500000000.00,COMBIART,,COMBIART TABS X 24,Pharmacy,TABLETS,PACK,,545,LAMGOK VENTURES,1,1
8699490000000.00,COMBIGAN,,COMBIGAN EYE DROPS X 1,Pharmacy,EYE DROPS,PACK,,3300,,1,1
8901110000000.00,COMBISUNATE DS X 6,,COMBISUNATE DS X 6 TABS,Pharmacy,TABLETS,PACK,,370,LAMGOK VENTURES,1,1
8901110000000.00,COMBISUNATE x 12,,COMBISUNATE X 12 TABS 20/120,Pharmacy,TABLETS,PACK,,285,LAMGOK VENTURES,1,1
8901110000000.00,COMBISUNATE x 18,,COMBISUNATE X 18 TABS,Pharmacy,TABLETS,PACK,,280,LAMGOK VENTURES,1,1
8901110000000.00,COMBISUNATE X 24 TABS,,COMBISUNATE X 24 TABS TABS 20/120MG,Pharmacy,TABLETS,PACK,,265,,1,1
8901110000000.00,COMBISUNATE X 6,,COMBISUNATE X 6 TABS,Pharmacy,TABLETS,PACK,,530,LAMGOK VENTURES,1,1
,COMPAT B.P MONITOR,,COMPAT B.P MONITOR X 1,Pharmacy,,PACK,,9500,E CHAPEL INT SERVICES LTD,1,1
5000220000000.00,COMPLAN MILK,,COMPLAN MILK POWDER  450G,Pharmacy,POWDER,PACK,,3000,RONDATOKS SERVICES LTD,1,1
1007921.00,COMPOSITE-4 M X 30,,COMPOSITE-4 M X 30 CAPS,Pharmacy,CAPSULES,PACK,,150,,1,1
1003674.00,COMPRESSION STOKINGS,,COMPRESSION STOKINGS,Pharmacy,,PACK,,4500,,1,1
8901300000000.00,CONTIFLO OD,,CONTIFLO OD TABS 0.4MG,Pharmacy,TABLETS,PACK,,1640,,1,1
5015530000000.00,CONTIFLO XL,,CONTIFLO XL CAPS X 30,Pharmacy,CAPSULES,PACK,,1150,,1,1
6012732.00,CONTRINE,,CONTRINE TABS  X 18,Pharmacy,TABLETS,PACK,,250,,1,18
6012157.00,CONTRINE,,CONTRINE TABS 20/120 X 24,Pharmacy,TABLETS,PACK,,260,,1,1
6012824.00,CONTRINE,,CONTRINE TABS 20MG/120MG X 12,Pharmacy,TABLETS,PACK,,200,,1,1
8169750000000.00,CORAVID  X 10,,CORAVID  X 10 TABS 400MG,Pharmacy,TABLETS,PACK,,430,,1,1
8908010000000.00,coravid x 10,,CORAVID X 10 TABS 200MG,Pharmacy,TABLETS,PACK,,295,,1,1
15352.00,COTOZAL -TZ,,COTOZAL -TZ TABS,Pharmacy,TABLETS,PACK,,950,,1,1
10231.00,COTRIM 960,,COTRIM 960 (UNBRANDED)  CAPLET 960MG,Pharmacy,CAPLET,PACK,,190,,1,1
6010269.00,COTTON WOOL,,COTTON WOOL(MULTICOY)  500G X 1,Pharmacy,,PACK,,500,,1,1
,CoTTON WoOL(pb global),,COTTON WOOL(PB GLOBAL)  500G X 1,Pharmacy,,PACK,,1800,,1,1
6009121.00,counting tray,,COUNTING TRAY X 1,Pharmacy,,PACK,,1500,,1,1
6012751.00,COVERAM,,COVERAM TABS 10/2.5 X 10,Pharmacy,TABLETS,PACK,,7750,,1,1
6011890.00,COVERAM,,COVERAM TABS 5MG/10MG X 30,Pharmacy,TABLETS,PACK,,7930,,1,1
6008635.00,COVERSYL plus,,COVERSYL PLUS TABS 10/2.5MG X 30,Pharmacy,TABLETS,PACK,,6549,,1,1
6013083.00,COZMA,,COZMA TABS 325MG X 10,Pharmacy,TABLETS,PACK,,2000,,1,1
6012118.00,CURCLAV,,CURCLAV TABS 625MG X 14,Pharmacy,TABLETS,PACK,,730,,1,1
6156000000000.00,CUREFENAC,,CUREFENAC TABS 100MG X 20,Pharmacy,TABLETS,PACK,,1400,,20,1
6009278.00,curved artery forcep,,CURVED ARTERY FORCEP X 1,Pharmacy,,PACK,,400,,1,1
9787.00,CYPLOX x 10,,CYPLOX  500MG TAB,Pharmacy,TABLETS,PACK,,500,,1,1
,cypmal,,CYPMAL EYE DROPS 10ML X 1,Pharmacy,EYE DROPS,PACK,,700,FANYVAL VISIONS LIMITED,1,1
1007942.00,cyprigold plus X 30,,CYPRIGOLD PLUS X 30 CAPLET,Pharmacy,CAPLET,PACK,,390,,1,1
6012561.00,CYPROTONE,,CYPROTONE TABS  X 20,Pharmacy,TABLETS,PACK,,200,,1,1
6009176.00,d-artepp x 9,,D-ARTEPP X 9 TABS 40/320MG,Pharmacy,TABLETS,PACK,,410,,1,1
10416.00,DABAFLOX,,DABAFLOX TABS 200MG,Pharmacy,TABLETS,PACK,,420,,1,1
1007534.00,DABAFORT X 100,,DABAFORT X 100 TABS,Pharmacy,TABLETS,PACK,,750,,1,1
8906050000000.00,DABANAC X 10,,DABANAC X 10 TABS,Pharmacy,TABLETS,PACK,,390,,1,1
8906040000000.00,DABIC,,DABIC  15MG,Pharmacy,,PACK,,820,,1,1
8906040000000.00,dabic x 10,,DABIC X 10 TABS 7.5MG,Pharmacy,TABLETS,PACK,,700,,1,1
6223000000000.00,Daflon X 15,,DAFLON X 15 TABS 500MG,Pharmacy,TABLETS,PACK,,1850,,1,1
6223000000000.00,daflon X 30,,DAFLON X 30 TABS 500MG,Pharmacy,TABLETS,PACK,,3550,,1,1
1007512.00,DAFRACLAV,,DAFRACLAV TABS 625MG,Pharmacy,TABLETS,PACK,,950,,1,1
1007742.00,DAFRACLAV x 14,,DAFRACLAV X 14 CAPLET 1G,Pharmacy,CAPLET,PACK,,1100,,1,1
14921.00,DAILYVIT X 30,,DAILYVIT X 30 CAPS,Pharmacy,CAPSULES,PACK,,150,,1,1
1007518.00,DAKTARIN,,DAKTARIN POWDER 2% 20GM,Pharmacy,POWDER,PACK,,1860,,1,1
14891.00,DALACIN  C (CLINDAMYCIN) X 16,,DALACIN  C (CLINDAMYCIN) X 16 CAPS 150MG X 1,Pharmacy,CAPSULES,PACK,,4200,,1,1
6012099.00,dalacin c,,DALACIN C CAPS 300MG X 16,Pharmacy,CAPSULES,PACK,,3400,,1,1
6011589.00,danazol,,DANAZOL (MULTI)  TABS 200MG X 1,Pharmacy,TABLETS,PACK,,7800,,1,1
8906040000000.00,DARAVIT  X 30,,DARAVIT  X 30 TABS,Pharmacy,TABLETS,PACK,,590,,1,1
,DARAVIT WOMAN,,DARAVIT WOMAN SOFTGEL X 37,Pharmacy,SOFTGEL,PACK,,2750,ELBE PHARMA NIG LTD,1,1
8906020000000.00,DARAVIT X 30,,DARAVIT X 30 CAPS,Pharmacy,CAPSULES,PACK,,850,,1,1
3600550000000.00,DARK & LOVELY  ANTI-BREAKAGE KIT MIX,,DARK & LOVELY  ANTI-BREAKAGE KIT MIX,Pharmacy,,PACK,,1245,GRACIOUS JOBIZ COSMETICES LIMITED,1,1
1008895.00,DAXAMIN 400MG X 7,,DAXAMIN 400MG X 7 TABS,Pharmacy,TABLETS,PACK,,970,,1,1
1008010.00,DAXIMIN DISPERSIBLE,,DAXIMIN DISPERSIBLE TABS 100MG X 10,Pharmacy,TABLETS,PACK,,700,,1,1
8906040000000.00,day by day X 30,,DAY BY DAY X 30 CAPS,Pharmacy,CAPSULES,PACK,,205,GREENLIFE PHARMACEUTICALS LIMITED,1,1
8901110000000.00,DAZE L KIT  TABS X 4,,DAZE L KIT  TABS X 4,Pharmacy,,PACK,,1450,,1,1
8906050000000.00,DEEP RELIEF,,DEEP RELIEF CREAM  30G,Pharmacy,CREAM,PACK,,230,,1,30G
4513.00,DELE COTTON WOOL 450G,,DELE COTTON WOOL 450G NEBULES,Pharmacy,NEBULES,PACK,,2150,,1,1
4219660000000.00,DERMABACT,,DERMABACT CREAM 15G,Pharmacy,CREAM,PACK,,280,,1,1
,DERMAZIN,,DERMAZIN CREAM 50G X 1,Pharmacy,CREAM,PACK,,1350,TAYLEK DRUGS COMPANY LTD,1,1
625273000000.00,diabevite x 30,,DIABEVITE X 30 TABS,Pharmacy,TABLETS,PACK,,2020,,1,1
1007767.00,DIAHREA KIT X 10,,DIAHREA KIT X 10 TABS,Pharmacy,TABLETS,PACK,,215,,1,1
5017480000000.00,DIAMICRON x 60,,DIAMICRON X 60 TABS 80MG X 1,Pharmacy,TABLETS,PACK,,3475,,1,1
,dianofem,Cyproterone,DIANOFEM TABS 2MG/0.035MG X 21,Pharmacy,TABLETS,PACK,,540,DKT INTERNATIONAL NIG.,1,1
6009116.00,diarrhea kit,,DIARRHEA KIT X 1,Pharmacy,,PACK,,275,,1,1
6013402.00,diblong chocolate,,DIBLONG CHOCOLATE   X 1,Pharmacy,,PACK,,1000,,1,1
12355.00,DICLAIR -HMG 75 I.U. INJ,,DICLAIR -HMG 75 I.U. INJ,Pharmacy,,PACK,,4455,,1,1
6012933.00,DICLAIR HCG,,DICLAIR HCG INJ 10000IU X 1,Pharmacy,INJECTION (POWDER),PACK,,7300,,1,1
6012934.00,DICLAIR HCG,,DICLAIR HCG INJ 1500IU X 1,Pharmacy,INJECTION (POWDER),PACK,,4000,,1,1
1002907.00,DICLAIR-HP-HCG 5000 I. U. INJ,,DICLAIR-HP-HCG 5000 I. U. INJ,Pharmacy,,PACK,,5000,,1,1
1002013.00,DICLODIASE X 20,,DICLODIASE X 20 TABS,Pharmacy,TABLETS,PACK,,225,,1,1
1007439.00,DICLOFENAC POTASSIUM X 20,,DICLOFENAC POTASSIUM X 20 (NCI)  TABS 50MG X 1,Pharmacy,TABLETS,PACK,,50,,1,1
6009550.00,diclofenac(dgf),,DICLOFENAC(DGF) EYE DROPS 5ML,Pharmacy,EYE DROPS,PACK,,580,,1,1
1002160.00,DICLOMOL 50MG X 20,,DICLOMOL 50MG X 20 CAPLET,Pharmacy,CAPLET,PACK,,320,THERAPEUTIC LABORATORIES(NIGERIA) LTD.,1,1
1007589.00,DICLOMOL,,DICLOMOL GEL,Pharmacy,GEL,PACK,,270,THERAPEUTIC LABORATORIES(NIGERIA) LTD.,1,1
6008876.00,DICLOSE PLUS X 10,,DICLOSE PLUS X 10 TABS,Pharmacy,TABLETS,PACK,,70,,1,1
8908010000000.00,diclozone plus x 10,,DICLOZONE PLUS X 10  550MG,Pharmacy,,PACK,,95,,1,1
1007602.00,DICLOZONE X 20,,DICLOZONE X 20 TABS,Pharmacy,TABLETS,PACK,,70,,1,1
6010287.00,DIFEC-P FORTE X 10,,DIFEC-P FORTE X 10 TABS,Pharmacy,TABLETS,PACK,,75,,1,1
6009577.00,DIFLAZON x 10,,DIFLAZON X 10 CAPS,Pharmacy,CAPSULES,PACK,,300,,1,1
1000031.00,Diflucan X 3,Fluconazole,DIFLUCAN  50MG CAP X 3,Pharmacy,CAPSULES,PACK,,1800,WWCVL (PFIZER),1,1
1008622.00,digifam,,DIGIFAM TABS 50MG,Pharmacy,TABLETS,PACK,,450,,1,1
1008623.00,digiflex x20,,DIGIFLEX X20 TABS,Pharmacy,TABLETS,PACK,,250,,1,1
,DIGITAL B.P MACHINE(MICROLIFE),,DIGITAL B.P MACHINE(MICROLIFE) X 1,Pharmacy,,PACK,,17500,E CHAPEL INT SERVICES LTD,1,1
6011649.00,DIGITAL CUFF,,DIGITAL CUFF X 1,Pharmacy,,PACK,,2500,,1,1
6012103.00,DIGITAL SPHYG(ANDON),,DIGITAL SPHYG(ANDON)   X 1,Pharmacy,,PACK,,10020,,1,1
6012952.00,DIGITAL SPHYG(APEX),,DIGITAL SPHYG(APEX) X 1,Pharmacy,,PACK,,8865,,1,1
6012953.00,DIGITAL SPHYG(DEN V),,DIGITAL SPHYG(DEN V) X 1,Pharmacy,,PACK,,8000,,1,1
6011941.00,DiGITAL SPHYG(DOUBLE G),,DIGITAL SPHYG(DOUBLE G) X 1,Pharmacy,,PACK,,12000,,1,1
6011939.00,DiGITAL SPHYG(OMAX),,DIGITAL SPHYG(OMAX) X 1,Pharmacy,,PACK,,10000,,1,1
1000879.00,digital thermometer,,DIGITAL THERMOMETER,Pharmacy,,PACK,,680,,1,1
,dihotecxin,Dihydroartemisinin,DIHOTECXIN TABS 40MG+320MG X 10,Pharmacy,TABLETS,PACK,,400,MARK PHARM LTD.,1,1
10976.00,DIP SEAS COD LIVER OIL 1000MG x 30,,DIP SEAS COD LIVER OIL 1000MG X 30,Pharmacy,,PACK,,450,,1,1
6549.00,DIP SEAS COD LIVER OIL 300MG x 30,,DIP SEAS COD LIVER OIL 300MG X 30 CAPS,Pharmacy,CAPSULES,PACK,,260,,1,1
7552.00,DISPENSING ENVELOPE x 100,,DISPENSING ENVELOPE X 100   X 1,Pharmacy,,PACK,,115,,1,1
6011593.00,dissecting forcep,,DISSECTING FORCEP X 1,Pharmacy,,PACK,,350,,1,1
6013479.00,DOLOSPAM,,DOLOSPAM TABS 510MG X 10,Pharmacy,TABLETS,PACK,,300,EXPHARLAB LIMITED,1,1
6011562.00,DONCINAT,,DONCINAT TABS 500MG X 10,Pharmacy,TABLETS,PACK,,1130,,1,1
,DONEPEZIL (EXCEL CHARIS),,DONEPEZIL (EXCEL CHARIS) TABS 5MG X 10,Pharmacy,TABLETS,PACK,,1120,,1,1
1007411.00,DOPPEL HERZ MAGNESIUM + CALCIUM D3 X 30,,DOPPEL HERZ MAGNESIUM + CALCIUM D3 X 30 TABS X 1,Pharmacy,TABLETS,PACK,,1770,AGARY PHARMACEUTICALS LIMITED,1,1
1007430.00,DOPPEL HERZ MEN'S ACTIVE X 30,,DOPPEL HERZ MEN'S ACTIVE X 30 CAPS X 1,Pharmacy,CAPSULES,PACK,,2210,AGARY PHARMACEUTICALS LIMITED,1,1
1007429.00,DOPPEL HERZ MEN'S HEALTH X 30,,DOPPEL HERZ MEN'S HEALTH X 30 CAPS X 1,Pharmacy,CAPSULES,PACK,,960,,1,1
15098.00,DOPPEL HERZ MULTIVITAMIN,,DOPPEL HERZ MULTIVITAMIN TABS,Pharmacy,TABLETS,PACK,,2000,AGARY PHARMACEUTICALS LIMITED,1,1
1007431.00,DOPPEL HERZ UROCAALM X 30,,DOPPEL HERZ UROCAALM X 30 CAPS X 1,Pharmacy,CAPSULES,PACK,,800,,1,1
1007454.00,DOPPEL HERZ VITAL PREGNACRE X 30,,DOPPEL HERZ VITAL PREGNACRE X 30 CAPS X 1,Pharmacy,CAPSULES,PACK,,2010,AGARY PHARMACEUTICALS LIMITED,1,1
1007810.00,DOUTHER X 24,,DOUTHER X 24 INJ,Pharmacy,INJECTION (SOLUTION),PACK,,550,,1,1
6009144.00,drez powder,,DREZ POWDER X 1,Pharmacy,,PACK,,750,,1,1
6009511.00,DREZ SOLUTION,,DREZ SOLUTION SOLUTION 30ML,Pharmacy,SOLUTION,PACK,,550,,1,1
4364.00,DROVID X 10,ofloxacin,DROVID X 10 TABS 200MG,Pharmacy,TABLETS,PACK,,530,,1,1
6156000000000.00,DRUGENT,,DRUGENT EYE DROPS 10ML X 1,Pharmacy,EYE DROPS,PACK,,270,DRUGFIELD PHARMACEUTICALS LIMITED,1,1
6008702.00,drullomack,,DRULLOMACK LOTION,Pharmacy,LOTION,PACK,,300,,1,1
6012895.00,drumoptol,,DRUMOPTOL EYE DROPS 5ML X 1,Pharmacy,EYE DROPS,PACK,,520,,1,1
6012894.00,druphagan,,DRUPHAGAN EYE DROPS 5ML X 1,Pharmacy,EYE DROPS,PACK,,1850,,1,1
,druphagan plus,,DRUPHAGAN PLUS EYE DROPS X 1,Pharmacy,EYE DROPS,PACK,,2100,DRUGFIELD PHARMACEUTICALS LIMITED,1,1
,DRUTAZOLE,,DRUTAZOLE TABS X 1,Pharmacy,TABLETS,PACK,,90,DRUGFIELD PHARMACEUTICALS LIMITED,1,1
1008400.00,DUODART,,DUODART TABS 0.5MG/0.4MG X 30,Pharmacy,TABLETS,PACK,,6400,WWCVL (GSK),1,1
8448.00,DUOFEM (combination 3) X 25,,DUOFEM (COMBINATION 3) X 25 TABS,Pharmacy,TABLETS,PACK,,700,,1,1
,duother,Artemether+Lumefantrine,DUOTHER TABS 20/120MG X 24,Pharmacy,TABLETS,PACK,,250,PHARMA ETHICS LTD,1,1
6012329.00,DUOZOL,,DUOZOL TABS  X 10,Pharmacy,TABLETS,PACK,,600,,1,1
6012492.00,DuRACELL BATTERY S/S,,DURACELL BATTERY S/S X 1,Pharmacy,,PACK,,765,,1,1
5052200000000.00,DUREX,,DUREX X 3,Pharmacy,,PACK,,421.69,,1,1
6008842.00,DUTASIN X 20,,DUTASIN X 20 CAPS 0.5/0.4MG,Pharmacy,CAPSULES,PACK,,1750,,1,1
6156000000000.00,DUTRAX,,DUTRAX TABS 40MG X 1,Pharmacy,TABLETS,PACK,,90,DRUGFIELD PHARMACEUTICALS LIMITED,1,1
6010961.00,DYRAX,,DYRAX TABS X 8,Pharmacy,TABLETS,PACK,,600,,1,1
10396.00,E.D.T.A BOTTLE,,E.D.T.A BOTTLE,Pharmacy,,PACK,,1600,,1,1
1007927.00,ECOFLOCIN-PLUS X 10,,ECOFLOCIN-PLUS X 10 TABS,Pharmacy,TABLETS,PACK,,350,,1,1
1007906.00,ECOSLIM,,ECOSLIM CAPS 120MG,Pharmacy,CAPSULES,PACK,,4300,,1,1
6012931.00,EDEGRA,,EDEGRA TABS 100MG X 4,Pharmacy,TABLETS,PACK,,120,,1,1
6013216.00,EDOTIDE BREAST,,EDOTIDE BREAST X 1,Pharmacy,,PACK,,4900,,1,1
6012911.00,EDOTIDE GLUCOSE,,EDOTIDE GLUCOSE X 1,Pharmacy,,PACK,,5350,,1,1
1003680.00,EGINIVIT,,EGINIVIT CAPS,Pharmacy,CAPSULES,PACK,,300,,1,1
6008938.00,ELANQUINE,,ELANQUINE TABS 250MG X 10,Pharmacy,TABLETS,PACK,,80,,1,1
15167.00,elbe cod liver oil X 30,,ELBE COD LIVER OIL X 30 CAPS 1000MG,Pharmacy,CAPSULES,PACK,,150,,1,1
9823.00,ELBOW GLOVE X 2,,ELBOW GLOVE X 2,Pharmacy,,PACK,Corticosteroids and other immunosuppressants,730,,1,2
5398.00,ELDERVITE 12,,ELDERVITE 12 INJ  1.5MLS,Pharmacy,INJECTION (SOLUTION),PACK,,400,,1,1.5MLS
,elicatrin,,ELICATRIN POWDER X 1,Pharmacy,POWDER,PACK,,350,EDDY N.DOZZY INT LTD,1,1
1003421.00,ELICORID KIT X 42,,ELICORID KIT X 42 TABS,Pharmacy,TABLETS,PACK,,12500,,1,1
6012741.00,elliclav,,ELLICLAV TABS 625MG X 14,Pharmacy,TABLETS,PACK,,1400,,1,1
6012210.00,EmAL (CHILD),,EMAL (CHILD) INJ X 3,Pharmacy,INJECTION (POWDER),PACK,,1350,,1,1
6008862.00,EMBAGERA X 4,,EMBAGERA X 4 TABS 50MG,Pharmacy,TABLETS,PACK,,320,,1,1
6008677.00,EMBARGA FORTE,,EMBARGA FORTE TABS 80MG,Pharmacy,TABLETS,PACK,,1080,,1,1
6010101.00,EMGYL,,EMGYL TABS 200MG X 1000,Pharmacy,TABLETS,PACK,,1800,,1,1
,EmMOX DISPERSIBLE,,EMMOX DISPERSIBLE TABS 250MG X 10,Pharmacy,TABLETS,PACK,,200,,1,1
,EMPROFEN,,EMPROFEN SOFTGEL 400MG X 10,Pharmacy,SOFTGEL,PACK,,350,,1,1
1007472.00,EMPROFEN X 10,,EMPROFEN X 10 CAPS 200MG,Pharmacy,CAPSULES,PACK,,190,,1,1
1001893.00,EMVITE SUPER X 30,,EMVITE SUPER X 30 CAPS,Pharmacy,CAPSULES,PACK,,1800,,1,1
1007475.00,EMZIFIX,,EMZIFIX TABS 200MG,Pharmacy,TABLETS,PACK,,550,,1,1
1007476.00,EMZIFIX,,EMZIFIX TABS 400MG,Pharmacy,TABLETS,PACK,,950,,1,1
,EMZOBREX,,EMZOBREX CAPS  X 10,Pharmacy,CAPSULES,PACK,,850,EMZOR PHARMACEUTICAL INDUSTRIES,1,1
,emzolyte plus(ORS+ZINC),,EMZOLYTE PLUS(ORS+ZINC)   X 1,Pharmacy,,PACK,,200,,1,1
1007484.00,EMZOR VITAMIN E X 30,,EMZOR VITAMIN E X 30 CAPS 1000IU,Pharmacy,CAPSULES,PACK,,750,,1,1
1007485.00,EMZOR VITAMIN E X 30,,EMZOR VITAMIN E X 30 CAPS 400IU,Pharmacy,CAPSULES,PACK,,350,,1,1
5076.00,EMZORON,,EMZORON CAPS X 30,Pharmacy,CAPSULES,PACK,,380,,1,1
,EMZOVASC,,EMZOVASC TABS 5MG X 28,Pharmacy,TABLETS,PACK,,320,EMZOR PHARMACEUTICAL INDUSTRIES,1,1
8850770000000.00,ENAT,,ENAT CAPS 400IU,Pharmacy,CAPSULES,PACK,,2500,,1,1
6009107.00,encifer,,ENCIFER INJ 5ML X 1,Pharmacy,INJECTION (POWDER),PACK,,230,,1,1
6012145.00,ENERFIT,,ENERFIT CAPS X 30,Pharmacy,CAPSULES,PACK,,390,,1,1
8850770000000.00,enhanz x 30,,ENHANZ X 30 CAPS,Pharmacy,CAPSULES,PACK,,3055,,1,1
,EPIDERM,,EPIDERM CREAM 15G X 1,Pharmacy,CREAM,PACK,,240,SHALINA HEALTHCARE NIGERIA LTD,1,1
6221030000000.00,EPIGESIC,,EPIGESIC TABS X 20,Pharmacy,TABLETS,PACK,,710,,1,1
,EPIRUBICIN HYDROCHLORIDE,,EPIRUBICIN HYDROCHLORIDE INJ 50MG X 1,Pharmacy,INJECTION (POWDER),PACK,,14500,ONYI-JEK GLOBAL RESOURCES,1,1
6009062.00,episoft,,EPISOFT EYE DROPS X 1,Pharmacy,EYE DROPS,PACK,,3800,,1,1
,EPIZIDE,Cefuroxime,EPIZIDE TABS 500MG X 10,Pharmacy,TABLETS,PACK,,1000,KENZO PHARMACEUTICAL LTD,1,1
8906040000000.00,EPO EJA,,EPO EJA CAPS 1000 MG X 30,Pharmacy,CAPSULES,PACK,,440,DIVINE CHENIC NIG LTD,1,1
8906040000000.00,EPO EJA,,EPO EJA CAPS 300MG,Pharmacy,CAPSULES,PACK,,300,DIVINE CHENIC NIG LTD,1,1
1007909.00,EPROSTOL,,EPROSTOL TABS 200MG,Pharmacy,TABLETS,PACK,,910,,1,1
6010734.00,eproxen,,EPROXEN TABS 500MG X 8,Pharmacy,TABLETS,PACK,,1113,,1,1
6010214.00,ERIXYN,,ERIXYN CAPS 500MG X 1,Pharmacy,CAPSULES,PACK,,0,,1,1
15099.00,EROXIL 5000 X 30,,EROXIL 5000 X 30 CAPS,Pharmacy,CAPSULES,PACK,,695,,1,1
6009060.00,ERYFAST,,ERYFAST CAPLET 500MG X 10,Pharmacy,CAPLET,PACK,,220,,1,1
6010972.00,eryGEN,,ERYGEN TABS 500MG X 10,Pharmacy,TABLETS,PACK,,350,,1,1
1007997.00,erythromax,,ERYTHROMAX CAPLET 500MG X 10,Pharmacy,CAPLET,PACK,,365,OANG LIMITED,1,1
12142.00,ERYTHROMYCIN (AL-TNEZ) X 10,,ERYTHROMYCIN (AL-TNEZ) X 10 TABS 500MG,Pharmacy,TABLETS,PACK,,195,,1,1
6253.00,ERYTHROMYCIN,Erythromycin,ERYTHROMYCIN (DRUG ZONE)  TABS 500MG,Pharmacy,TABLETS,PACK,,230,,1,1
1000380.00,ERYTHROMYCIN (miral) x 10,Erythromycin,ERYTHROMYCIN (MIRAL) X 10 TABS 500MG,Pharmacy,TABLETS,PACK,,510,,1,1
6012843.00,ERYTHROMYCIN,,ERYTHROMYCIN (MULTICOY)  TABS 500MG X 10,Pharmacy,TABLETS,PACK,,410,,1,1
6012682.00,ERYTHROMYCIN,,ERYTHROMYCIN (NKOYO)  TABS 500MG X 10,Pharmacy,TABLETS,PACK,,300,,1,1
6008771.00,ERYTHROMYCIN,,ERYTHROMYCIN TABS 500MG X 10 {MAYDON},Pharmacy,TABLETS,PACK,,1850,,1,1
15228.00,ERYTHROMYCIN(VIXA),,ERYTHROMYCIN(VIXA) TABS 500MG,Pharmacy,TABLETS,PACK,,300,,1,1
1008802.00,erythronez,,ERYTHRONEZ TABS 500MG X 10,Pharmacy,TABLETS,PACK,,340,,1,1
6010237.00,ERYXIN X 10,,ERYXIN X 10 TABS 500MG,Pharmacy,TABLETS,PACK,,260,,1,1
6008979.00,esodrin,,ESODRIN TABS 40MG,Pharmacy,TABLETS,PACK,,1600,,1,1
,ESOMEPRAZOLE MAGNESIUM(SAM JONES),,ESOMEPRAZOLE MAGNESIUM(SAM JONES) TABS 40MG X 14,Pharmacy,TABLETS,PACK,,900,DE-ZUBIK PHARMACEUTICA LTD,1,1
6012038.00,esorest,,ESOREST TABS 20MG X 20,Pharmacy,TABLETS,PACK,,525,,1,1
6012324.00,ETHIRAB-D,,ETHIRAB-D CAPS  X 10,Pharmacy,CAPSULES,PACK,,900,,1,1
6013061.00,EVAAIDE DIABETIC CARE,,EVAAIDE DIABETIC CARE X 1,Pharmacy,,PACK,,1100,,1,1
1007813.00,EVAXIN,,EVAXIN TABS,Pharmacy,TABLETS,PACK,,500,GLOBAL HEALTHCARE LTD,1,1
8902500000000.00,EVE,,EVE CAPS 500MG X 30,Pharmacy,CAPSULES,PACK,,1180,,1,1
8906040000000.00,EVENING PRIMROSE OIL X 30,,EVENING PRIMROSE OIL X 30 (EMBASSY PHARM.)  CAPS,Pharmacy,CAPSULES,PACK,,550,,1,1
6012390.00,EVENING PRIMROSE(P/P),,EVENING PRIMROSE(P/P) X 100,Pharmacy,,PACK,,2300,,1,1
,EVERGREEN FOLIC ACID,,EVERGREEN FOLIC ACID TABS 800MCG+B12 3MCG X 120,Pharmacy,TABLETS,PACK,,315,CARROT-TOP DRUGS LTD.,1,1
6009503.00,EVERGREEN FORMULA(MAN) X 90,,EVERGREEN FORMULA(MAN) X 90,Pharmacy,,PACK,,11910,,1,1
6156000000000.00,EVERGREEN FORMULA(WOMAN) X 90,,EVERGREEN FORMULA(WOMAN) X 90,Pharmacy,,PACK,,11900,,1,1
1008431.00,eversea plus aloe vera,,EVERSEA PLUS ALOE VERA CAPLET X 30,Pharmacy,CAPLET,PACK,,250,,1,1
1007781.00,EVERSEA X 30,,EVERSEA X 30 CAPS 300MG,Pharmacy,CAPSULES,PACK,,285,,1,1
1007733.00,EVERVITE PLUS X 30,,EVERVITE PLUS X 30 CAPS,Pharmacy,CAPSULES,PACK,,250,,1,1
6912280000000.00,EVINOM,Vitamin E,EVINOM TABS 100MG X 30,Pharmacy,TABLETS,PACK,,720,,1,1
1000379.00,EVIOL,Vitamin E,EVIOL CAPS 100MG X 20,Pharmacy,CAPSULES,PACK,,1150,,1,1
6012680.00,EVOLVE,,EVOLVE EYE DROPS 0.2% 10ML,Pharmacy,EYE DROPS,PACK,,4500,,1,10ML
6057.00,EXAMINATION GLOVE,,EXAMINATION GLOVE (AGARY) X 100,Pharmacy,,PACK,,1150,,1,1
6011702.00,EXAMINATION GLOVE(MULTICOY) L/S,,EXAMINATION GLOVE(MULTICOY) L/S X 10,Pharmacy,,PACK,,2500,,1,1
2564.00,EXAMINATION GLOVES(UNI-MEDICAL),,EXAMINATION GLOVES(UNI-MEDICAL) X 1,Pharmacy,,PACK,,1015,UNI-MEDICAL,1,1
6009260.00,excel- hp- hcg,,EXCEL- HP- HCG  5000IU X 1,Pharmacy,,PACK,,5350,,1,1
8906000000000.00,excel- hp- hmg,,EXCEL- HP- HMG  75IU X 1,Pharmacy,,PACK,,5800,,1,1
,excenat-ds,Artemether+Lumefantrine,EXCENAT-DS TABS 80MG+480MG X 6,Pharmacy,TABLETS,PACK,,410,GLOBAL ONEWORD HEALTHCARE LTD.,1,1
14923.00,EXFORGE x 28,,EXFORGE X 28 TABS,Pharmacy,TABLETS,PACK,,5500,,1,5/160mg
1007522.00,EXFORGE x 28,,EXFORGE X 28 TABS 5/160/25MG {NORVATIST},Pharmacy,TABLETS,PACK,,6910,,1,1
6010965.00,EXPEZOL,,EXPEZOL TABS 200MG X 1,Pharmacy,TABLETS,PACK,,165,,1,1
6010305.00,extrammune x 20,,EXTRAMMUNE X 20 CAPS,Pharmacy,CAPSULES,PACK,,1280,,1,1
6012940.00,EYE BRIGHT,,EYE BRIGHT (N/F)  TABS X 100,Pharmacy,TABLETS,PACK,,3850,,1,1
6011290.00,EYE ViTAL PLUS,,EYE VITAL PLUS CAPS X 30,Pharmacy,CAPSULES,PACK,,3400,,1,1
4009930000000.00,eye vital x 30,,EYE VITAL X 30 CAPS,Pharmacy,CAPSULES,PACK,,3100,AGARY PHARMACEUTICALS LIMITED,1,1
6011485.00,EYECIPRO,,EYECIPRO EYE DROPS X 1,Pharmacy,EYE DROPS,PACK,,350,,1,1
,EYEVITAN,,EYEVITAN TABS X 30,Pharmacy,TABLETS,PACK,,1950,GLOBAL ONEWORD HEALTHCARE LTD.,1,1
8901120000000.00,FALCIMON,,FALCIMON TABS 100MG/270MG X 6,Pharmacy,TABLETS,PACK,,150,,1,1
6008875.00,FAMTER DS,,FAMTER DS TABS,Pharmacy,TABLETS,PACK,,280,,1,1
6013357.00,fatnile,,FATNILE   X 1,Pharmacy,,PACK,,2500,,1,1
11800.00,FELCUR x 10,,FELCUR X 10 CAPS 20MG X 1,Pharmacy,CAPSULES,PACK,,1295,,1,1
6013113.00,FeLOKLEAR,,FELOKLEAR X 1,Pharmacy,,PACK,,4650,,1,1
8904180000000.00,fem-kit x 3,,FEM-KIT X 3 CAPS,Pharmacy,CAPSULES,PACK,,800,,1,1
8906010000000.00,FENAMEX,,FENAMEX TABS 500MG,Pharmacy,TABLETS,PACK,,100,,1,1
1008627.00,fenodin x10,,FENODIN X10 TABS 120MG X 1,Pharmacy,TABLETS,PACK,,200,,1,1
1007655.00,FERIDOL X 100,,FERIDOL X 100 TABS,Pharmacy,TABLETS,PACK,,340,,1,1
1007451.00,FEROBIN PLAIN X 30,,FEROBIN PLAIN X 30 CAPS X 1,Pharmacy,CAPSULES,PACK,,200,,1,1
5112.00,FEROBIN PLUS X 30,,FEROBIN PLUS X 30 CAPS X 1,Pharmacy,CAPSULES,PACK,,420,,1,1
6009264.00,ferofort x 30,,FEROFORT X 30 CAPS,Pharmacy,CAPSULES,PACK,,1,,1,1
6012262.00,FEROGAIN,,FEROGAIN TABS X 30,Pharmacy,TABLETS,PACK,,2250,,1,1
5021270000000.00,FEROGLOBIN B12,,FEROGLOBIN B12 CAPS,Pharmacy,CAPSULES,PACK,,3800,,1,1
2589610.00,FEROSOFT F.A TAB X 20,,FEROSOFT F.A TAB X 20 TABS,Pharmacy,TABLETS,PACK,,830,HEALTHAGE NIGERIA LIMITED,1,1
6154000000000.00,FERRODANA,,FERRODANA CAPS 30MG,Pharmacy,CAPSULES,PACK,,210,DANA DRUGS LTD,1,1
7887.00,FERRON 350 X 30,,FERRON 350 X 30 CAPS,Pharmacy,CAPSULES,PACK,,380,,1,1
8850770000000.00,FERROTONE X 100,,FERROTONE X 100 CAPS,Pharmacy,CAPSULES,PACK,,1100,,1,1
,FERTIFRE LADY,Selenium,FERTIFRE LADY TABS X 30,Pharmacy,TABLETS,PACK,,3700,UZORMARK GLOBAL SERVICE LTD,1,1
,FERTIFRE-M,,FERTIFRE-M TABS X 30,Pharmacy,TABLETS,PACK,,3700,UZORMARK GLOBAL SERVICE LTD,1,1
1007587.00,Fesulf X 100(BLISTER),,FESULF X 100(BLISTER) TABS,Pharmacy,TABLETS,PACK,,210,,1,1
2154.00,FEXET,,FEXET TABS 120MG X 1,Pharmacy,TABLETS,PACK,,1430,,1,1
6012846.00,FEXET,,FEXET TABS 180MG X 20,Pharmacy,TABLETS,PACK,,3500,,20,10
6010730.00,FIBROMED,,FIBROMED TABS X 60,Pharmacy,TABLETS,PACK,,8250,,1,1
8501.00,FIEMING,,FIEMING TABS 625MG,Pharmacy,TABLETS,PACK,,1295,,1,1
1008874.00,FIESTA CONDOM X 1,,FIESTA CONDOM X 1,Pharmacy,,PACK,,220,,1,1
6010058.00,FIESTA PROLONG CONDOM,,FIESTA PROLONG CONDOM   X 12,Pharmacy,,PACK,,2640,,12,1
,FILFENAC,Aceclofenac,FILFENAC TABS 100MG X 10,Pharmacy,TABLETS,PACK,,3000,FILGAP HEAITHCARE LTD,1,1
6009179.00,filgratis x 30,,FILGRATIS X 30 TABS,Pharmacy,TABLETS,PACK,,4100,,1,1
8809120000000.00,FINE TeST ( MACHINE),,FINE TEST ( MACHINE),Pharmacy,,PACK,,7500,,1,1
,fingameta,,FINGAMETA TABS 20/120 X 24,Pharmacy,TABLETS,PACK,,330,,1,1
1007698.00,FINTOL X 10,,FINTOL X 10 TABS,Pharmacy,TABLETS,PACK,,450,,1,1
,fire xtra condom,,FIRE XTRA CONDOM X 3,Pharmacy,,PACK,,145,MARIE STOPES INTL NIGERIA,1,1
,fire xtracy condom,,FIRE XTRACY CONDOM X 3,Pharmacy,,PACK,,145,MARIE STOPES INTL NIGERIA,1,1
1007816.00,FIXIME,,FIXIME  400MG X 1,Pharmacy,,PACK,,950,PHARMGATE HEALTHCARE LTD.,1,1
6012594.00,FIXIME,,FIXIME TABS 200MG X 10,Pharmacy,TABLETS,PACK,,740,,1,1
6013045.00,FLACOXTO,,FLACOXTO CAPS 200MG X 10,Pharmacy,CAPSULES,PACK,,850,,1,1
15241.00,fladipine-retard,,FLADIPINE-RETARD TABS 20MG X 10,Pharmacy,TABLETS,PACK,,900,,1,10
3582910000000.00,FLAGENTYL X 4,,FLAGENTYL X 4 TABS,Pharmacy,TABLETS,PACK,,1250,,1,1
7979.00,FLEMING,,FLEMING TABS 375MG,Pharmacy,TABLETS,PACK,,1250,,1,1
8901040000000.00,FLEMING,,FLEMING X 14 TABS 1G,Pharmacy,TABLETS,PACK,,2020,,1,1
8901040000000.00,FLEMING X 14,,FLEMING X 14 TABS 625MG,Pharmacy,TABLETS,PACK,,1600,,1,1
6011474.00,0,,FLEX CONDOM   X 3,Pharmacy,,PACK,,200,,1,1
1001085.00,FLEXODENE X 10,,FLEXODENE 20MG CAPS 10,Pharmacy,CAPSULES,PACK,,470,,1,1
1002442.00,FLIXONASE,,FLIXONASE NASAL SPRAY  X 1,Pharmacy,NASAL SPRAY,PACK,,1625,WWCVL (GSK),1,1
6010084.00,floboid dx,,FLOBOID DX EYE DROPS 5ML X 1,Pharmacy,EYE DROPS,PACK,,650,,1,1
1003076.00,flotral,,FLOTRAL TABS 10MG,Pharmacy,TABLETS,PACK,,1850,,1,1
1007437.00,FLOVID,,FLOVID TABS 200MG X 10,Pharmacy,TABLETS,PACK,,1035,,1,1
1007822.00,FLOXAL,,FLOXAL TABS,Pharmacy,TABLETS,PACK,,400,,1,1
6008728.00,FLUCAMED,,FLUCAMED CAPS 200MG X 10,Pharmacy,CAPSULES,PACK,,2200,DRUGFIELD PHARMACEUTICALS LIMITED,1,1
6156000000000.00,FLUCAMED X 10,Fluconazole,FLUCAMED X 10 CAPS 50MG,Pharmacy,CAPSULES,PACK,,1180,,1,1
1007577.00,flucamil (MIRAFLASH) X 3,,FLUCAMIL (MIRAFLASH) X 3 CAPS,Pharmacy,CAPSULES,PACK,,250,,1,1
1007854.00,FLUCAMIL X 10,,FLUCAMIL X 10 CAPS 200MG,Pharmacy,CAPSULES,PACK,,400,,1,1
15242.00,FLUCAMIL X 10,,FLUCAMIL X 10 CAPS 50MG,Pharmacy,CAPSULES,PACK,,600,,1,1
,FLUCAP,Fluconazole,FLUCAP (LAIDER)  CAPS 100MG X 10,Pharmacy,CAPSULES,PACK,,1050,LAIDER INTERNATIONAL (W.A) LTD,1,1
,FLUCAP,,FLUCAP (LAIDER)  CAPS 200MG X 10,Pharmacy,CAPSULES,PACK,,1250,LAIDER INTERNATIONAL (W.A) LTD,1,1
6009342.00,FLUCAP,,FLUCAP CAPS 50MG X 10,Pharmacy,CAPSULES,PACK,,500,,1,1
6009341.00,FLUCAP X 6,,FLUCAP X 6 CAPS 50MG,Pharmacy,CAPSULES,PACK,,320,,1,1
8906040000000.00,FLUCAT,,FLUCAT CAPLET 200MG X 10,Pharmacy,CAPLET,PACK,,700,,1,1
8906040000000.00,flucat x 1,,FLUCAT X 1 TABS 150MG,Pharmacy,TABLETS,PACK,,220,,1,1
11008.00,FLUCOJECT X 10,,FLUCOJECT 50MG CAP X 10,Pharmacy,TABLETS,PACK,,350,,1,50MG
6012776.00,FLUCOMARK,,FLUCOMARK TABS 50MG X 10,Pharmacy,TABLETS,PACK,,450,,1,1
6011242.00,FLUCONAZOLE(MULTICOY),,FLUCONAZOLE(MULTICOY) TABS 150MG X 10,Pharmacy,TABLETS,PACK,,400,,1,1
6011289.00,FLUCONAZOLE(MULTICOY),,FLUCONAZOLE(MULTICOY) TABS 200MG X 1,Pharmacy,TABLETS,PACK,,345,,1,1
,FLUCONAZOLE(NKOYO),Fluconazole,FLUCONAZOLE(NKOYO) TABS 150MG X 10,Pharmacy,TABLETS,PACK,,280,NKOYO PHARM LTD,1,1
1007438.00,FLUCOVID,,FLUCOVID CAPS 150MG X 4,Pharmacy,CAPSULES,PACK,,1490,,1,1
6009343.00,FLUCOX,,FLUCOX CAPS 150MG X 1,Pharmacy,CAPSULES,PACK,,200,,1,1
1008964.00,FLUCONAZOLE,,FLUCOZOLE CAPS 50MG X 10,Pharmacy,CAPSULES,PACK,,280,,1,1
1009169.00,FLUMOX,,FLUMOX CAPS 500MG X 16,Pharmacy,CAPSULES,PACK,,1200,,1,1
6008867.00,FLUNIL,,FLUNIL CAPS,Pharmacy,CAPSULES,PACK,,3550,,1,1
254789.00,FLUZOLE 10MG,,FLUZOLE 10MG,Pharmacy,,PACK,,250,,1,1
6011681.00,FOLIC ACID(BLISTER),,FOLIC ACID(BLISTER) TABS X 100,Pharmacy,TABLETS,PACK,,265,,1,1
6010882.00,folic acid(evergreen),,FOLIC ACID(EVERGREEN) TABS X 100,Pharmacy,TABLETS,PACK,,270,,1,1
6010779.00,FOLIGROW,,FOLIGROW CAPS X 30,Pharmacy,CAPSULES,PACK,,275,,1,1
,FOMARTEM,Artemether+Lumefantrine,FOMARTEM TABS 20+120MG X 24,Pharmacy,TABLETS,PACK,,310,EZE-BEN GLOBAL RESOURCES NIG.LTD,1,1
,fontether,,FONTETHER INJ 150MG/2ML X 1,Pharmacy,INJECTION (SOLUTION),PACK,,750,,1,1
6008924.00,forcep medium size,,FORCEP MEDIUM SIZE   X 1,Pharmacy,,PACK,,600,,1,1
6008925.00,forcep small size x 1,,FORCEP SMALL SIZE X 1,Pharmacy,,PACK,,400,,1,1
1007560.00,FORMEDAB,,FORMEDAB TABS,Pharmacy,TABLETS,PACK,,450,,1,1
1000733.00,FORPAIN X 20,,FORPAIN X 20 CAPLET,Pharmacy,CAPLET,PACK,,210,ORANGE DRUG LTD2,1,1
,FORTICAP MULTIVITAMIN,,FORTICAP MULTIVITAMIN CAPS X 30,Pharmacy,CAPSULES,PACK,,330,GODDY PHARMACEUTICAL CO.LTD,1,1
,FORTIDE,,FORTIDE INHALER 200MCG/6MCG X 1,Pharmacy,INHALER,PACK,,4000,,1,1
,FORTUNE SAFFRON,Artemether+Lumefantrine,FORTUNE SAFFRON TABS 20/120MG X 24,Pharmacy,TABLETS,PACK,,345,VINEBROOKLYN GLOBAL RESOURCES LTD,1,1
1007971.00,FRAFENAC SR,,FRAFENAC SR TABS 100MG X 10,Pharmacy,TABLETS,PACK,,100,,1,1
1007972.00,FRAFENAC,,FRAFENAC TABS 50MG X 10,Pharmacy,TABLETS,PACK,,70,,1,1
15166.00,fratone,,FRATONE CAPS X 30,Pharmacy,CAPSULES,PACK,,1010,,1,1
,FREDUN LIVER BOOST,,FREDUN LIVER BOOST CAPS 70MG+30MG X 30,Pharmacy,CAPSULES,PACK,,3700,UZORMARK GLOBAL SERVICE LTD,1,1
6012693.00,freeflow women,,FREEFLOW WOMEN CAPS X 1,Pharmacy,CAPSULES,PACK,,4650,,1,1
6012692.00,freeflow(men),,FREEFLOW(MEN) CAPS X 1,Pharmacy,CAPSULES,PACK,,4650,,1,1
1007678.00,FRESH SEAS COD LIVER OIL X 30,,FRESH SEAS COD LIVER OIL X 30 CAPS 1000MG,Pharmacy,CAPSULES,PACK,,750,,1,1
1007677.00,FRESH SEAS COD LIVER OIL X 30,,FRESH SEAS COD LIVER OIL X 30 CAPS 300MG,Pharmacy,CAPSULES,PACK,,150,,1,1
,freshcef,,FRESHCEF CAPLET 500MG X 10,Pharmacy,CAPLET,PACK,,1000,,1,1
,FRIXAP,Aceclofenac,FRIXAP TABS 100/500MG X 10,Pharmacy,TABLETS,PACK,,350,SJS LIFE SCIENCES LIMITED,1,1
15336.00,FRUIT 'N FIBRE FLAKES,,FRUIT 'N FIBRE FLAKES MIXTURE 500G,Pharmacy,MIXTURE,PACK,,1120,,1,1
6012891.00,FUCETAP,,FUCETAP TABS 250MG X 10,Pharmacy,TABLETS,PACK,,600,,1,1
6012907.00,FUCETAP,,FUCETAP TABS 500MG X 10,Pharmacy,TABLETS,PACK,,700,,1,1
15291.00,funazole x 3,,FUNAZOLE X 3 CAPS 50MG,Pharmacy,CAPSULES,PACK,,200,,1,1
15201.00,FUNAZOLE X10,Fluconazole,FUNAZOLE X10 CAPS 50MG,Pharmacy,CAPSULES,PACK,,250,,1,1
8901040000000.00,FUNGRAL x 10,Ketoconazole,FUNGRAL X 10 TABS 200MG,Pharmacy,TABLETS,PACK,,710,,1,1
1008078.00,FUNTOL CAPUSLES X 10,,FUNTOL CAPUSLES X 10  150MG,Pharmacy,,PACK,,870,,1,1
,FUROXETIL,,FUROXETIL TABS 500MG X 10,Pharmacy,TABLETS,PACK,,1750,MAY & BAKER NIGERIA PLC,1,1
1002256.00,FYNALE FORTE,,FYNALE FORTE TABS,Pharmacy,TABLETS,PACK,,560,,1,1
,Fynale,,FYNALE TABS 20/120 X 24,Pharmacy,TABLETS,PACK,,290,,1,1
8904020000000.00,G CLAV,,G CLAV TABS 1G X 10,Pharmacy,TABLETS,PACK,,1495,,1,1
,G-CLAV,,G-CLAV INJ 1.2G X 1,Pharmacy,INJECTION (SOLUTION),PACK,,850,GREENLIFE PHARMACEUTICALS LIMITED,1,1
1007839.00,G-GLAV X 14,,G-GLAV X 14 TABS 1G,Pharmacy,TABLETS,PACK,,1150,,1,1
8906010000000.00,G-GLUTAMIN TABS,,G-GLUTAMIN TABS,Pharmacy,,PACK,,650,,1,1
6012073.00,G-ROXIM,,G-ROXIM TABS 500MG X 10,Pharmacy,TABLETS,PACK,,1000,,1,1
8904020000000.00,G-ROXIM X 10,,G-ROXIM X 10 TABS 250MG,Pharmacy,TABLETS,PACK,,810,,1,1
1007884.00,G-ROXIN INJ,,G-ROXIN INJ,Pharmacy,,PACK,,300,GREENLIFE PHARMACEUTICALS LIMITED,1,1
1007658.00,G.PLUS X 30,,G.PLUS X 30 CAPS,Pharmacy,CAPSULES,PACK,,900,,1,1
,gabix,Gabapentin,GABIX CAPS 100MG X 10,Pharmacy,CAPSULES,PACK,,400,WWCVL (GET),1,1
,gabix,Gabapentin,GABIX CAPS 300MG X 10,Pharmacy,CAPSULES,PACK,,700,WWCVL (GET),1,1
15313.00,GALVUS MET X 60,,GALVUS MET X 60 TABS 50MG/850MG,Pharmacy,TABLETS,PACK,,9100,,1,1
15097.00,garlic DOPPEL HERZ,,GARLIC DOPPEL HERZ CAPS X 90,Pharmacy,CAPSULES,PACK,,1850,,1,1
,GASCOL CO-PACK,,GASCOL CO-PACK TABS,Pharmacy,TABLETS,PACK,,485,,1,1
8902340000000.00,GASTRIFLEX TAB,,GASTRIFLEX TAB CAPLET 20MG,Pharmacy,CAPLET,PACK,,200,,1,1
1007597.00,GASTROPRAZON,,GASTROPRAZON TABS,Pharmacy,TABLETS,PACK,,495,,1,1
7856.00,gauze bandage,,GAUZE BANDAGE  36 X100YARD,Pharmacy,,PACK,,3850,,1,1
6011923.00,GEBEXIME,,GEBEXIME TABS 250MG X 10,Pharmacy,TABLETS,PACK,,900,,1,1
6012863.00,GEBEXIME,,GEBEXIME TABS 500MG X 10,Pharmacy,TABLETS,PACK,,900,,1,1
11521.00,GECIP,Ciprofloxacin,GECIP TABS 500MG X 10,Pharmacy,TABLETS,PACK,,260,,1,1
6012030.00,GEGAR,,GEGAR TABS 100MG X 4,Pharmacy,TABLETS,PACK,,70,,1,1
8904150000000.00,GEMFLOTAB,,GEMFLOTAB TABS 320MG X 5,Pharmacy,TABLETS,PACK,,2900,,1,1
6009258.00,gemflox,,GEMFLOX TABS  X 10,Pharmacy,TABLETS,PACK,,1800,ZOLON HEALTHCARE LIMITED,1,1
,GENTAMICIN(SUITELIFE),,GENTAMICIN(SUITELIFE) EYE/EAR DROPS 10ML X 1,Pharmacy,EYE/EAR DROPS,PACK,,100,SUITELIFE PHARMACEUTICALS LTD.,1,1
6012127.00,GETINO-B,,GETINO-B TABS 300MG X 1,Pharmacy,TABLETS,PACK,,4000,,1,1
1008923.00,GETZOME CAPS,,GETZOME CAPS  40MG X 1,Pharmacy,,PACK,,1350,,1,1
1002331.00,GFLOX X 10,,GFLOX X 10 TABS 400MG,Pharmacy,TABLETS,PACK,,650,,1,1
8850770000000.00,GILOBA (ginkobiloba extract),,GILOBA (GINKOBILOBA EXTRACT) CAPS 40MG X 30,Pharmacy,CAPSULES,PACK,,2950,,1,1
6012674.00,GINKLAT,,GINKLAT CAPS  X 10,Pharmacy,CAPSULES,PACK,,2650,,1,1
7102.00,GINKOPAN X 30,,GINKOPAN X 30 TABS,Pharmacy,TABLETS,PACK,,700,,1,1
8906000000000.00,GINSOMULT PLUS X 30,,GINSOMULT PLUS X 30 CAPS,Pharmacy,CAPSULES,PACK,,645,AWARD GLOBAL COMPANY LTD.,1,1
12227.00,GINVITE-F CAP X 30,,GINVITE-F CAP X 30,Pharmacy,,PACK,,1610,,1,1
6013056.00,GLAFENAC EXTRA,,GLAFENAC EXTRA TABS X 10,Pharmacy,TABLETS,PACK,,300,,1,1
6013053.00,GLAFENAC,,GLAFENAC TABS 50MG X 10,Pharmacy,TABLETS,PACK,,90,,1,1
1007837.00,GLANSOPREX,,GLANSOPREX TABS,Pharmacy,TABLETS,PACK,,700,,1,1
6013050.00,GLATROMYCIN,,GLATROMYCIN TABS 500MG X 10,Pharmacy,TABLETS,PACK,,430,,1,1
6008831.00,glemont l x 7,,GLEMONT L X 7 TABS,Pharmacy,TABLETS,PACK,,900,,1,1
1007917.00,GLIMEFIL(unique),,GLIMEFIL(UNIQUE) TABS 500,Pharmacy,TABLETS,PACK,,350,,1,1
6012160.00,GlOATEM,,GLOATEM TABS 20MG/120MG X 24,Pharmacy,TABLETS,PACK,,310,,1,1
1007814.00,GLOATERM FORTE,,GLOATERM FORTE TABS,Pharmacy,TABLETS,PACK,,500,GLOBAL HEALTHCARE LTD,1,1
,global young,,GLOBAL YOUNG CAPLET 400MG X 50,Pharmacy,CAPLET,PACK,,3750,,50,1
1007836.00,GLOMEPREX,,GLOMEPREX TABS,Pharmacy,TABLETS,PACK,,500,,1,1
1007419.00,GLOMETHER,,GLOMETHER INJ 150ML/2ML,Pharmacy,INJECTION (SOLUTION),PACK,,800,,1,1
6012209.00,GlORON,,GLORON CAPS X 30,Pharmacy,CAPSULES,PACK,,155,,1,1
1007812.00,0,,GLOSPARCYN TABS X 1,Pharmacy,TABLETS,PACK,,760,GLOBAL HEALTHCARE LTD,1,1
1007835.00,GLOSTINOR 2,,GLOSTINOR 2 TABS,Pharmacy,TABLETS,PACK,,288,,1,1
6011967.00,GlOTHROX,Azithromycin,GLOTHROX CAPS 500MG X 10,Pharmacy,CAPSULES,PACK,,750,,1,1
8387.00,GlOXIN x 14,,GLOXIN X 14 TABS 500MG,Pharmacy,TABLETS,PACK,,450,,1,1
689076000000.00,GLUCOTIN- DS X 30,,GLUCOTIN- DS X 30,Pharmacy,,PACK,,1515,,1,1
,GLUTA BERRY,,GLUTA BERRY TABS 200000MG X 1,Pharmacy,TABLETS,PACK,,4200,UZORMARK GLOBAL SERVICE LTD,1,1
,GLUTA FROZEN,,GLUTA FROZEN CAPS X 30,Pharmacy,CAPSULES,PACK,,6600,UZORMARK GLOBAL SERVICE LTD,1,1
1009178.00,gold circle CONDOM,,GOLD CIRCLE CONDOM X 3,Pharmacy,,PACK,,130,SOCIETY FOR FAMILY HEALTH,1,1
5021270000000.00,GOLDCARE 50+,,GOLDCARE 50+ TABS X 30,Pharmacy,TABLETS,PACK,,1000,,1,1
1007453.00,GOLDEN SEA X 30,,GOLDEN SEA X 30 CAPS 1000MG X 1,Pharmacy,CAPSULES,PACK,,460,,1,1
1007452.00,GOLDEN SEA X 30,,GOLDEN SEA X 30 CAPS 300MG X 1,Pharmacy,CAPSULES,PACK,,150,,1,1
2154.00,GRAMOCEF 200MG,,GRAMOCEF 200MG,Pharmacy,,PACK,,1000,MICRO NOVA PHARM.IND LIMITED,1,1
2215.00,GRAMOCEF 400MG,,GRAMOCEF 400MG X 1,Pharmacy,,PACK,,1260,MICRO NOVA PHARM.IND LIMITED,1,1
1008889.00,GRAMOCEF SYRUP,,GRAMOCEF SYRUP,Pharmacy,,PACK,,1385,MICRO NOVA PHARM.IND LIMITED,1,1
6013125.00,GREEN TEA,,GREEN TEA (P/P) X 1,Pharmacy,,PACK,,2550,,1,1
6011068.00,GREENZORAL,,GREENZORAL CREAM 15G X 10,Pharmacy,CREAM,PACK,,230,,1,1
6011899.00,GREENZORAL,,GREENZORAL TABS X 10,Pharmacy,TABLETS,PACK,,190,,1,1
6010982.00,GREMAX,,GREMAX TABS 250MG X 6,Pharmacy,TABLETS,PACK,,900,,1,1
1007818.00,GRESEC,,GRESEC X 1,Pharmacy,,PACK,,195,GREENLIFE PHARMACEUTICALS LIMITED,1,1
6941390000000.00,Griseofulvi X 20,Griseofulvin,GRISEOFULVIN X 20 TABS  500MG (MULTI COY),Pharmacy,TABLETS,PACK,,920,OANG LIMITED,1,500MG
1007554.00,GRIVICIN X 20,,GRIVICIN X 20 TABS 500MG {CLARION},Pharmacy,TABLETS,PACK,,180,,1,1
6012779.00,grutha fort,,GRUTHA FORT TABS 80MG/480MG X 6,Pharmacy,TABLETS,PACK,,590,,1,1
1002227.00,GSPAR-200 x 10,,GSPAR-200 X 10 TABS 200MG,Pharmacy,TABLETS,PACK,,685,,1,1
8644.00,GUAMET X 10,,GUAMET  500MG TAB X 30,Pharmacy,TABLETS,PACK,,300,,1,1
6012967.00,gvither dispersible,,GVITHER DISPERSIBLE   X 6,Pharmacy,,PACK,,190,,1,1
5769.00,GVITHER,,GVITHER INJ 80MG X 6,Pharmacy,INJECTION (SOLUTION),PACK,,290,,1,1
6012787.00,GVITHER,,GVITHER TABS 80MG/480MG X 6,Pharmacy,TABLETS,PACK,,330,,1,1
4619.00,gynaecosid,,GYNAECOSID TABS X 2,Pharmacy,TABLETS,PACK,,320,,1,1
8063.00,GYNAEMED VAGINAL,,GYNAEMED VAGINAL TABS  100MG,Pharmacy,TABLETS,PACK,,495,,1,100MG
1000033.00,GYNO-DAKTARIN  X 3,Miconazole,GYNO-DAKTARIN  400MG X 3,Pharmacy,,PACK,,2515,,1,1
1000034.00,GYNO-DAKTRIN,Miconazole,GYNO-DAKTRIN PESSARY 200MG X 1 X 7,Pharmacy,PESSARY,PACK,,2500,,1,1
6008870.00,gyno-micorex vagina,,GYNO-MICOREX VAGINA TABS,Pharmacy,TABLETS,PACK,,760,,1,1
1002134.00,GYNO-TICOSID X 3,,GYNO-TICOSID X 3 TABS 100MG,Pharmacy,TABLETS,PACK,,1260,,1,1
6010490.00,GYNOCARE VAGINAL OVULES,,GYNOCARE VAGINAL OVULES X 1,Pharmacy,,PACK,,3200,,1,1
1001262.00,HAEMARON,,HAEMARON CAPS X 30,Pharmacy,CAPSULES,PACK,,310,,1,1
,haflone plus,,HAFLONE PLUS INJ 1G/0.5G X 1,Pharmacy,INJECTION (SOLUTION),PACK,,580,,1,1
3308833.00,HALFAN,Halofantrine,HALFAN TABS 250MG X 6,Pharmacy,TABLETS,PACK,,3850,WWCVL (GSK),1,1
6011337.00,hancotin,,HANCOTIN INJ 1.2G X 1,Pharmacy,INJECTION (SOLUTION),PACK,,600,,1,1
,hanmal,,HANMAL TABS 20/120 X 24,Pharmacy,TABLETS,PACK,,285,,1,1
6011994.00,HAVAX FORTE,,HAVAX FORTE TABS  X 6,Pharmacy,TABLETS,PACK,,350,,1,1
,HCORT(FIDSON),,HCORT(FIDSON) CREAM 25G X 1,Pharmacy,CREAM,PACK,,260,FIDSON HEALTHCARE PLC,1,1
6009582.00,hcqs x 20,,HCQS X 20 TABS 200MG,Pharmacy,TABLETS,PACK,,6500,,1,1
,HEARING AID(AXON),,HEARING AID(AXON) X 1,Pharmacy,,PACK,,5000,E CHAPEL INT SERVICES LTD,1,1
,HEARING AID(CYBER SONIC),,HEARING AID(CYBER SONIC) X 1,Pharmacy,,PACK,,3500,E CHAPEL INT SERVICES LTD,1,1
7231.00,HEMAFOLIN,,HEMAFOLIN CAPS,Pharmacy,CAPSULES,PACK,Other antineoplastic drugs,450,,1,30
6009282.00,hepatitis a strip,,HEPATITIS A STRIP X 1,Pharmacy,,PACK,,1,,1,1
6034000000000.00,HERB TEA,,HERB TEA POWDER  25G,Pharmacy,POWDER,PACK,,480,,1,25G
,HIFEN-400,Ibuprofen,HIFEN-400 TABS 400MG X 10,Pharmacy,TABLETS,PACK,,100,NKOYO PHARM LTD,1,1
8806040000000.00,HOMTAMIN GiNSENG,,HOMTAMIN GINSENG CAPS,Pharmacy,CAPSULES,PACK,,1505,,1,1
6011116.00,HONNIHIL,,HONNIHIL TABS 20MG X 4,Pharmacy,TABLETS,PACK,,1400,,1,1
6305.00,HOT WATER BOTTLE,,HOT WATER BOTTLE,Pharmacy,,PACK,,1450,,1,1
6013103.00,HOVINOR,Levonorgestrel,HOVINOR TABS 2MG X 2,Pharmacy,TABLETS,PACK,,400,,1,1
8806450000000.00,HYPAMELOSE,,HYPAMELOSE EYE DROPS,Pharmacy,EYE DROPS,PACK,,2300,,1,1
6009581.00,hyperex-sr x 10,,HYPEREX-SR X 10 TABS,Pharmacy,TABLETS,PACK,,1000,,1,1
6010780.00,hypomer,,HYPOMER GEL X 1,Pharmacy,GEL,PACK,,1095,,1,1
5026470000000.00,HYPROMELLOSE(mandanol),,HYPROMELLOSE(MANDANOL) EYE DROPS 0.3%W/V X 1,Pharmacy,EYE DROPS,PACK,,700,,1,1
6013172.00,HYTEN,Artemether+Lumefantrine,HYTEN TABS 80MG/480MG X 6,Pharmacy,TABLETS,PACK,,230,,1,1
8625.00,ibulab,,IBULAB CAPLET 400MG X 10,Pharmacy,CAPLET,PACK,,50,,1,10
6012562.00,IBUMARTEM,,IBUMARTEM   X 24,Pharmacy,,PACK,,340,,1,1
6012817.00,IBUMARTEM,,IBUMARTEM TABS 20MG/120MG X 12,Pharmacy,TABLETS,PACK,,285,,1,1
6013010.00,IBUMARTEM,,IBUMARTEM TABS 20MG/120MG X 18,Pharmacy,TABLETS,PACK,,323.33,,1,1
6013011.00,IBUMARTEM,,IBUMARTEM TABS 20MG/120MG X 6,Pharmacy,TABLETS,PACK,,240,,1,1
9340.00,IBUMAX,,IBUMAX CAPS X 10,Pharmacy,CAPSULES,PACK,,250,,1,1
1007732.00,IBUNEROS,,IBUNEROS TABS 400MG,Pharmacy,TABLETS,PACK,,1500,,1,1
1008579.00,ibupain forte,,IBUPAIN FORTE TABS 400MG,Pharmacy,TABLETS,PACK,,180,,1,1
8904010000000.00,IBUPAIN x 12,Ibuprofen,IBUPAIN X 12 TABS 400MG,Pharmacy,TABLETS,PACK,Lipid-regulating drugs,145,,1,1
6013076.00,IBUPROFEN,,IBUPROFEN (SAM)  TABS 400MG X 10,Pharmacy,TABLETS,PACK,,55,,1,1
8238.00,IBUPROFEN,,IBUPROFEN (UNBR)  TABS 200MG X 20,Pharmacy,TABLETS,PACK,,350,ZEEKUGO ENT.,1,1
10459.00,IBUPROFEN x 10,,IBUPROFEN X 10 (UNBR)  TABS 400MG,Pharmacy,TABLETS,PACK,,75,,1,1
9567.00,IBUPROFEN x12,,IBUPROFEN X12 (UNBRANDED)  CAPLET 400MG,Pharmacy,CAPLET,PACK,,80,,1,1
8850770000000.00,IICARE,,IICARE X 30 CAPS,Pharmacy,CAPSULES,PACK,,2650,,1,1
6012974.00,IMAZOLE VAGINA PESSARY,,IMAZOLE VAGINA PESSARY X 1,Pharmacy,,PACK,,1100,,1,1
6011094.00,IMBACT-OZ,,IMBACT-OZ TABS X 10,Pharmacy,TABLETS,PACK,,1300,,1,1
6010891.00,IMMUNACE EXTRA,,IMMUNACE EXTRA X 30,Pharmacy,,PACK,,5200,,1,1
6012481.00,IMMUNACE(UK),,IMMUNACE(UK) TABS X 30,Pharmacy,TABLETS,PACK,,3400,,1,1
6012489.00,IMMUNAL,,IMMUNAL CAPS  X 30,Pharmacy,CAPSULES,PACK,,1900,,1,1
,IMMUNEED ORIGINAL,,IMMUNEED ORIGINAL TABS X 30,Pharmacy,TABLETS,PACK,,2400,GLOBAL ONEWORD HEALTHCARE LTD.,1,1
,IMMUNGAIN,,IMMUNGAIN CAPS X 30,Pharmacy,CAPSULES,PACK,,2700,ALMOND ETHICALS LTD.,1,1
8806040000000.00,immunovite x 30,,IMMUNOVITE X 30 CAPS,Pharmacy,CAPSULES,PACK,,3600,,1,1
1000677.00,IMODIUM,Loperamide,IMODIUM CAPS 2MG,Pharmacy,CAPSULES,PACK,,805,,1,1
4572.00,INBU-400,Ibuprofen,INBU-400 TABS 400MG {IBUPROFEN} X 20,Pharmacy,TABLETS,PACK,,50,,1,1
,INCLAR OD,Clarithromycin,INCLAR OD TABS 500MG X 7,Pharmacy,TABLETS,PACK,,1500,SJS LIFE SCIENCES LIMITED,1,1
8902320000000.00,INFEN X 10,,INFEN X 10 TABS,Pharmacy,TABLETS,PACK,,650,,1,1
6012841.00,INFRARED LAMP,,INFRARED LAMP X 1,Pharmacy,,PACK,,17500,,1,1
,INFRARED THERMOMETER,,INFRARED THERMOMETER X 1,Pharmacy,,PACK,,5500,OJ DIVINE MEDICAl LIMITED,1,1
8906010000000.00,IRONDEX,,IRONDEX CAPS X 30,Pharmacy,CAPSULES,PACK,,95,,1,1
1007948.00,IRONOGLOBIN,,IRONOGLOBIN CAPS  [PACK],Pharmacy,CAPSULES,PACK,,140,,1,1
6011335.00,ISOPLASMA,,ISOPLASMA INFUSION X 1,Pharmacy,INFUSION,PACK,,725,,1,1
8806440000000.00,ItRANOX,Itraconazole,ITRANOX TABS 100MG X 10,Pharmacy,TABLETS,PACK,,2920,,1,1
6012945.00,IYKONFENAC,,IYKONFENAC TABS 50MG X 10,Pharmacy,TABLETS,PACK,,45,,1,1
6010300.00,jawaron x 30,,JAWARON X 30 CAPS,Pharmacy,CAPSULES,PACK,,500,,1,1
6012380.00,JEDY HERBAL,,JEDY HERBAL POWDER X 1,Pharmacy,POWDER,PACK,,570,,1,1
6012379.00,JEDY PLUS HERBAL,,JEDY PLUS HERBAL CAPS 300MG X 30,Pharmacy,CAPSULES,PACK,,620,,1,1
6011319.00,JINART-QS,,JINART-QS TABS 80/480 X 6,Pharmacy,TABLETS,PACK,,350,,1,1
6011321.00,JINBEX,,JINBEX CAPS  X 24,Pharmacy,CAPSULES,PACK,,120,,1,1
6011320.00,JINIFLOX,Ciprofloxacin,JINIFLOX TABS 500MG X 10,Pharmacy,TABLETS,PACK,,180,,1,1
6010745.00,jinsgra,,JINSGRA TABS X 4,Pharmacy,TABLETS,PACK,,60,,1,1
859561000000.00,JoBELYN x 30,,JOBELYN X 30 CAPS,Pharmacy,CAPSULES,PACK,,2600,,1,1
6013387.00,jointace max (UK),,JOINTACE MAX (UK) CAPS X 84,Pharmacy,CAPSULES,PACK,Vitamins,4300,,1,1
5021270000000.00,JOINTACE UK x 30,,JOINTACE UK X 30 TABS,Pharmacy,TABLETS,PACK,,2620,,1,1
8904010000000.00,JOINTACE X 30,,JOINTACE X 30 CAPS  {INDIA},Pharmacy,CAPSULES,PACK,,895,,1,1
6008710.00,jointace-omega x 30,,JOINTACE-OMEGA X 30 CAPS,Pharmacy,CAPSULES,PACK,,2300,,1,1
6012259.00,JOINTGAIN,,JOINTGAIN TABS X 30,Pharmacy,TABLETS,PACK,,2600,,1,1
,JOINTNEED ORIGINAL,,JOINTNEED ORIGINAL TABS X 30,Pharmacy,TABLETS,PACK,,2000,GLOBAL ONEWORD HEALTHCARE LTD.,1,1
,JUBUCAP,Diclofenac Potassium,JUBUCAP TABS 500MG/50MG X 10,Pharmacy,TABLETS,PACK,,80,GOLD MOORE INTERNATIONAL LTD.,1,1
6009170.00,just one x 30,,JUST ONE X 30 CAPS,Pharmacy,CAPSULES,PACK,,360,,1,1
8853250000000.00,K.BROTHER SOAP,,K.BROTHER SOAP   50G,Pharmacy,,PACK,,125,,1,50G
6152110000000.00,kacham,,KACHAM TABS,Pharmacy,TABLETS,PACK,,400,,1,1
6011610.00,kaciptin,,KACIPTIN TABS X 10,Pharmacy,TABLETS,PACK,,1195,,1,1
1007630.00,KADMENTIN X 14,,KADMENTIN X 14 CAPLET 625MG,Pharmacy,CAPLET,PACK,,1600,,1,1
1007629.00,KADNART X 10,,KADNART X 10 TABS 500MG,Pharmacy,TABLETS,PACK,,1600,,1,1
6011554.00,kamal cannula,,KAMAL CANNULA X 1,Pharmacy,,PACK,,500,,1,1
,katanol,,KATANOL EYE DROPS 10ML X 1,Pharmacy,EYE DROPS,PACK,,1250,KAYHELT PHARMA LTD,1,1
1007543.00,KATHMIDE X10,,KATHMIDE X10 TABS,Pharmacy,TABLETS,PACK,,300,,1,1
,kayfenac,Aceclofenac,KAYFENAC TABS 100MG X 10,Pharmacy,TABLETS,PACK,,285,KAYHELT PHARMA LTD,1,1
,KENAZOL,Ketoconazole,KENAZOL TABS 200MG X 10,Pharmacy,TABLETS,PACK,,350,PHAMATEX IND.LTD.,1,1
,KENOP,Amoxicillin and Clavulanate,KENOP TABS 625MG X 14,Pharmacy,TABLETS,PACK,,1050,KENZO PHARMACEUTICAL LTD,1,1
,KESARTEM,Artemether+Lumefantrine,KESARTEM TABS 80MG+480MG X 6,Pharmacy,TABLETS,PACK,,250,KESSINGTON GLOBAL SYNERGY LTD.,1,1
,kesprazole,,KESPRAZOLE CAPS 20MG X 14,Pharmacy,CAPSULES,PACK,,130,KESSINGTON GLOBAL SYNERGY LTD.,1,1
8902290000000.00,KETAZOL,Ketoconazole,KETAZOL TABS 200MG X 10,Pharmacy,TABLETS,PACK,,5,,1,1
6008957.00,KETORAL x 10,,KETORAL X 10 TABS 200MG,Pharmacy,TABLETS,PACK,,310,,1,1
6008639.00,kidney-dish(b/s),,KIDNEY-DISH(B/S),Pharmacy,,PACK,,1000,,1,1
1008980.00,KIFARU,Sildenafil,KIFARU TABS 100MG X 20,Pharmacy,TABLETS,PACK,,5000,,20,1
6013460.00,KINBREX,,KINBREX CAPS 200MG X 10,Pharmacy,CAPSULES,PACK,,750,,1,1
,KINTHOMOL,Methocarbamol,KINTHOMOL TABS 500MG X 10,Pharmacy,TABLETS,PACK,,330,KINGZY PHARMACEUTICALS LTD,1,1
,KINZOLE,Omeprazole,KINZOLE CAPS 20MG X 10,Pharmacy,CAPSULES,PACK,,230,KINGZY PHARMACEUTICALS LTD,1,1
6012355.00,KIPTRACK BLOOD PRESSURE & GLUCOSE MACHINE,,KIPTRACK BLOOD PRESSURE & GLUCOSE MACHINE X 1,Pharmacy,,PACK,,23000,,1,1
,KIPTRACK GLUCOSE METER,,KIPTRACK GLUCOSE METER X 1,Pharmacy,,PACK,,8000,,1,1
8906010000000.00,klovinal x 6,,KLOVINAL X 6 PESSARY,Pharmacy,PESSARY,PACK,,1250,,1,1
6013327.00,KNEE SUPPORT (HARD),,KNEE SUPPORT (HARD)   X 1,Pharmacy,,PACK,,6500,,1,1
1003673.00,KNEE SUPPORT L/S,,KNEE SUPPORT L/S,Pharmacy,,PACK,,2000,,1,1
6010183.00,knee support m/s,,KNEE SUPPORT M/S X 1,Pharmacy,,PACK,,2000,,1,1
6013326.00,KNEE SUPPORT XL,,KNEE SUPPORT XL   X 1,Pharmacy,,PACK,,2000,,1,1
6011933.00,KOLSHVIT,,KOLSHVIT CAPS  X 30,Pharmacy,CAPSULES,PACK,,210,,1,1
6009636.00,kongy x 20,,KONGY X 20 CAPS,Pharmacy,CAPSULES,PACK,,3000,,1,1
,koyogra,Sildenafil,KOYOGRA TABS 100MG X 4,Pharmacy,TABLETS,PACK,,70,EZE-BEN GLOBAL RESOURCES NIG.LTD,1,1
,koyorine,Artemeter,KOYORINE TABS 20MG+120MG X 24,Pharmacy,TABLETS,PACK,,550,NKOYO PHARM LTD,1,1
,kris plus,,KRIS PLUS X 1,Pharmacy,,PACK,,700,O.C EMMANUEL,1,1
6920550000000.00,krusher x 10,,KRUSHER X 10 TABS,Pharmacy,TABLETS,PACK,,400,,1,1
1007421.00,L-FLOX,,L-FLOX TABS 500MG X 10,Pharmacy,TABLETS,PACK,,500,,1,1
1003647.00,L-FLOX,,L-FLOX TABS 750MG,Pharmacy,TABLETS,PACK,,550,,1,1
14974.00,LAMISIL,,LAMISIL TABS 250MG,Pharmacy,TABLETS,PACK,,3045,,1,1
6011090.00,LAMIVUDINE(HEALTHLINE),,LAMIVUDINE(HEALTHLINE) TABS 150MG/200MG/300MG X 1,Pharmacy,TABLETS,PACK,,3000,,1,1
9791.00,LANSODEX,,LANSODEX TABS 30MG X 14,Pharmacy,TABLETS,PACK,,1500,,1,1
14910.00,lansoprazol (multicoy),,LANSOPRAZOL (MULTICOY) CAPS 30MG X 28,Pharmacy,CAPSULES,PACK,,800,,1,1
6013071.00,LARIACT,,LARIACT TABS 20MG/120MG X 24,Pharmacy,TABLETS,PACK,,380,,1,1
6012151.00,LARIET,,LARIET TABS X 24,Pharmacy,TABLETS,PACK,,300,,1,1
,LARIS 80/480,Artemether+Lumefantrine,LARIS 80/480 CAPLET,Pharmacy,CAPLET,PACK,,380,ORANGE DRUGS LTD.,1,1
,LATANEKS,,LATANEKS EYE DROPS 2.5ML X 1,Pharmacy,EYE DROPS,PACK,,3350,WORLDCARE PHARMA NIG LTD,1,1
,LATANEKS PLUS,,LATANEKS PLUS EYE DROPS 2.5ML X 1,Pharmacy,EYE DROPS,PACK,,3450,WORLDCARE PHARMA NIG LTD,1,1
6009148.00,latanoprost,,LATANOPROST (ALPHA)  EYE DROPS,Pharmacy,EYE DROPS,PACK,,3500,,1,1
6008910.00,latex glove x 1,,LATEX GLOVE X 1,Pharmacy,,PACK,,750,,1,1
6012364.00,LAXIS (SANOFI),,LAXIS (SANOFI) TABS 40MG X 12,Pharmacy,TABLETS,PACK,,900,,1,1
6010292.00,leflovid x 10,,LEFLOVID X 10,Pharmacy,,PACK,,1170,,1,1
6781.00,LESCOL,Fluvastatin,LESCOL CAPS 20MG X 28,Pharmacy,CAPSULES,PACK,,3750,,1,1
6783.00,LESCOL,Fluvastatin,LESCOL CAPS 40MG X 28,Pharmacy,CAPSULES,PACK,,5150,,1,1
,LEVOCEF,levofloxacin,LEVOCEF TABS 500MG X 10,Pharmacy,TABLETS,PACK,,430,B.G PHARMA & HEALTHCARE LTD.,1,1
,levofem,,LEVOFEM TABS  X 28,Pharmacy,TABLETS,PACK,,110,DKT INTERNATIONAL NIG.,1,1
7301.00,levoflox,levofloxacin,LEVOFLOX CAPS 500MG X 1,Pharmacy,CAPSULES,PACK,,315,,1,10
6008948.00,LEVOFLOXACIN,,LEVOFLOXACIN (MULTICOY)  EYE DROPS X 1,Pharmacy,EYE DROPS,PACK,,700,,1,1
8904030000000.00,LEVOFLOXACIN,,LEVOFLOXACIN (UNBRANDED)  TABS 500MG X 10,Pharmacy,TABLETS,PACK,,330,,1,1
6012878.00,LEVOFORTE,,LEVOFORTE TABS 500MG X 10,Pharmacy,TABLETS,PACK,,230,,1,1
,LEVOKAD,levofloxacin,LEVOKAD SOFTGEL 500MG X 15,Pharmacy,SOFTGEL,PACK,,1700,KADARK PHARMACEUTICALS LIMITED,1,1
6012930.00,LEVOMARK,levofloxacin,LEVOMARK TABS 500MG X 10,Pharmacy,TABLETS,PACK,,450,,1,1
1002101.00,LEVOMAX X 10,,LEVOMAX X 10 TABS 500MG,Pharmacy,TABLETS,PACK,,570,,1,1
8906040000000.00,LEVOSTAT,,LEVOSTAT TABS 500MG,Pharmacy,TABLETS,PACK,,505,,1,1
1008691.00,LEVOTEX,,LEVOTEX TABS 500MG X 1,Pharmacy,TABLETS,PACK,,350,,1,1
5021690000000.00,LEVOTHYROXINE,Levothyroxine,LEVOTHYROXINE TABS 100MCG [ENGLAND] X 28,Pharmacy,TABLETS,PACK,,1200,,1,1
1007552.00,LEVOTIL,,LEVOTIL TABS 500MG,Pharmacy,TABLETS,PACK,,400,,1,1
6012039.00,levotrim,,LEVOTRIM CAPS 500MG X 10,Pharmacy,CAPSULES,PACK,,350,,1,1
8901120000000.00,LEVOXIN x 7,levofloxacin,LEVOXIN X 7 TABS 500MG,Pharmacy,TABLETS,PACK,,1030,,1,1
6013207.00,LIBIDOMAX,,LIBIDOMAX SOFTGEL X 1,Pharmacy,SOFTGEL,PACK,,7000,,1,1
,LIBRE,Tizanidine,LIBRE TABS 2MG X 10,Pharmacy,TABLETS,PACK,,550,TANBIMEX INTERNATIONAL LIMITED,1,1
6009115.00,licafur,,LICAFUR SYR X 1,Pharmacy,SYRUP,PACK,,1625,,1,1
6009364.00,lidocaine hydrochloride gel,,LIDOCAINE HYDROCHLORIDE GEL X 1,Pharmacy,,PACK,,500,,1,1
9051.00,LIFEFLOX X 10,,LIFEFLOX X 10 TABS 500MG,Pharmacy,TABLETS,PACK,,420,,1,1
1007675.00,LILIVITE X 10,,LILIVITE X 10 CAPS,Pharmacy,CAPSULES,PACK,,150,,1,1
15160.00,Lincomycin x 10,,LINCOMYCIN X 10 (NEROS)  CAPS 500MG,Pharmacy,CAPSULES,PACK,,500,,1,1
1008986.00,Lincomycin(GREENLIFE),,LINCOMYCIN(GREENLIFE) CAPS 500MG X 12,Pharmacy,CAPSULES,PACK,,280,,1,1
6010887.00,LIONE,,LIONE TABS 100MG X 5,Pharmacy,TABLETS,PACK,,100,,1,1
1007724.00,LIPROTEIN,,LIPROTEIN X 10 CAPS,Pharmacy,CAPSULES,PACK,,430,,1,1
,lisinopril(chez),,LISINOPRIL(CHEZ) TABS 10MG X 28,Pharmacy,TABLETS,PACK,,550,CHEZ RESOURCES PHARM. LTD,1,1
,lisinopril(chez),,LISINOPRIL(CHEZ) TABS 5MG X 28,Pharmacy,TABLETS,PACK,,400,CHEZ RESOURCES PHARM. LTD,1,1
6011268.00,LIV 52(PACK),,LIV 52(PACK) TABS X 100,Pharmacy,TABLETS,PACK,,1480,,1,1
,LIVCARE,,LIVCARE   X 30,Pharmacy,,PACK,,3500,,1,1
6620.00,LIVER  FORTE,,LIVER  FORTE CAPS X 20,Pharmacy,CAPSULES,PACK,,580,,1,1
6009647.00,livercap x 10,,LIVERCAP X 10 CAPS,Pharmacy,CAPSULES,PACK,,255,,1,1
8850770000000.00,livolin forte x 30,,LIVOLIN FORTE X 30 CAPS,Pharmacy,CAPSULES,PACK,,2400,,1,1
6012569.00,LiVOMIN,,LIVOMIN TABS X 20,Pharmacy,TABLETS,PACK,,990,,1,1
11616.00,LIZOPRIL x 28,,LIZOPRIL X 28 TABS 10MG,Pharmacy,TABLETS,PACK,,150,,1,1
11615.00,LIZOPRIL x 28,,LIZOPRIL X 28 TABS 5MG,Pharmacy,TABLETS,PACK,,150,,1,1
6011179.00,LODIUM,,LODIUM CAPS 2MG X 10,Pharmacy,CAPSULES,PACK,,70,,1,1
8906010000000.00,lofnac plus,,LOFNAC PLUS TABS,Pharmacy,TABLETS,PACK,,75,,1,1
6012922.00,LOFNAC SUPPOSITORY,,LOFNAC SUPPOSITORY X 1,Pharmacy,,PACK,,900,,1,1
8906010000000.00,LOFNAC,,LOFNAC TABS 100MG,Pharmacy,TABLETS,PACK,,75,GREENLIFE PHARMACEUTICALS LIMITED,1,1
6154000000000.00,#,,LOKMAL  ADULT  TABS X 6,Pharmacy,TABLETS,PACK,,570,,1,1
11678.00,LOKMAL JUNIOR,,LOKMAL JUNIOR TABS  X 1,Pharmacy,TABLETS,PACK,,200,,1,10
1007509.00,LOMEDIUM X 20,,LOMEDIUM X 20 CAPS,Pharmacy,CAPSULES,PACK,,200,,1,1
8906010000000.00,LONART DS X 6,,LONART DS X 6 TABS,Pharmacy,TABLETS,PACK,,1400,,1,1
6012382.00,LONART,,LONART TABS 20/120 X 12,Pharmacy,TABLETS,PACK,,270,,1,1
6012381.00,LONART,,LONART TABS 20/120 X 18,Pharmacy,TABLETS,PACK,,330,,1,1
6012383.00,LONART,,LONART TABS 20/120 X 6,Pharmacy,TABLETS,PACK,,250,,1,1
8906010000000.00,LONART X 24,,LONART X 24 TABS,Pharmacy,TABLETS,PACK,,520,GREENLIFE PHARMACEUTICALS LIMITED,1,1
,LONGIVIT MULTIVITAMIN,,LONGIVIT MULTIVITAMIN CAPS X 30,Pharmacy,CAPSULES,PACK,,400,GREAT LIFE ENTERPRISES,1,1
,lopagen,Loperamide,LOPAGEN TABS 2MG X 10,Pharmacy,TABLETS,PACK,,100,GENERIC &SPECIALITIES LIMITED,1,1
15025.00,losatrust- h,Losartan and Hydrochlorothiazide,LOSATRUST- H TABS 50/12.5MG X 10,Pharmacy,TABLETS,PACK,,460,,1,1
14791.00,LOTRIAL X 30,,LOTRIAL X 30 TABS 10MG,Pharmacy,TABLETS,PACK,,1150,,1,1
6009305.00,love moment condom,,LOVE MOMENT CONDOM X 1,Pharmacy,,PACK,,1850,,1,1
6012603.00,LT-SILDENAFIL,,LT-SILDENAFIL TABS  X 4,Pharmacy,TABLETS,PACK,,100,,1,1
6011969.00,LUMAPIL FORTE,,LUMAPIL FORTE TABS 80/480MG X 6,Pharmacy,TABLETS,PACK,,420,,1,1
8901120000000.00,LUMARTEM,,LUMARTEM TABS 20/120 X 18,Pharmacy,TABLETS,PACK,,380,,1,1
8901120000000.00,LUMARTEM X 12,,LUMARTEM X 12 TABS,Pharmacy,TABLETS,PACK,,315,LAMGOK VENTURES,1,1
8901120000000.00,LUMARTEM X 24,,LUMARTEM X 24 TABS ADULT,Pharmacy,TABLETS,PACK,,490,,1,1
8901120000000.00,LUMARTEM X 6,,LUMARTEM X 6 TABS,Pharmacy,TABLETS,PACK,,295,,1,1
1007789.00,LUMATHEM X 24,,LUMATHEM X 24 TABS,Pharmacy,TABLETS,PACK,,180,,1,1
10382.00,LUMATHER,,LUMATHER TABS X 18,Pharmacy,TABLETS,PACK,,150,,1,1
6011155.00,LUMETHER FORTE,,LUMETHER FORTE TABS  X 6,Pharmacy,TABLETS,PACK,,285,,1,1
6012982.00,luter,Artemether+Lumefantrine,LUTER TABS 80MG/480MG X 6,Pharmacy,TABLETS,PACK,,1035,,1,1
8906050000000.00,lYCOFER X 30,,LYCOFER X 30 (PHARMA ETH)  CAPS,Pharmacy,CAPSULES,PACK,,785,PHARMA ETHICS LTD,1,1
6011208.00,LYNCIPRO,Ciprofloxacin,LYNCIPRO TABS 500MG X 10,Pharmacy,TABLETS,PACK,,875,,1,1
8906000000000.00,LYNDODYN MULTIVITAMIN,,LYNDODYN MULTIVITAMIN CAPS X 30,Pharmacy,CAPSULES,PACK,,150,,1,1
6012296.00,lynfenac k,,LYNFENAC K TABS 50MG X 10,Pharmacy,TABLETS,PACK,,400,,1,1
6011117.00,LYNSUNATE FORTE,,LYNSUNATE FORTE TABS 80/480MG X 6,Pharmacy,TABLETS,PACK,,1380,,1,1
6012027.00,LYNTRIAXONE,,LYNTRIAXONE INJ 1G X 1,Pharmacy,INJECTION (SOLUTION),PACK,,850,,1,1
,lysobact,,LYSOBACT TABS  X 6,Pharmacy,TABLETS,PACK,,2900,TOM HABEEB NIG.ENTERPRISES,1,1
6012826.00,LYSOMAX,,LYSOMAX TABS 250MG X 6,Pharmacy,TABLETS,PACK,,1020,,1,1
9374.00,M & T HERBAL,,M & T HERBAL CAPS  X 10,Pharmacy,CAPSULES,PACK,,785,,1,1
8901080000000.00,M2-TONE X 20,,M2-TONE X 20 TABS,Pharmacy,TABLETS,PACK,,1950,,1,1
6006060000000.00,MAALOX PLUS,,MAALOX PLUS TABS X 10,Pharmacy,TABLETS,PACK,,900,,1,1
6012892.00,MACROSAFE,,MACROSAFE TABS 250MG X 6,Pharmacy,TABLETS,PACK,,400,,1,1
6012888.00,MACROSAFE,,MACROSAFE TABS 500MG X 3,Pharmacy,TABLETS,PACK,,400,,1,1
4009930000000.00,MAGNESIUM  (Doppel Herz),,MAGNESIUM  (DOPPEL HERZ) CAPS X 30,Pharmacy,CAPSULES,PACK,,1650,,1,1
6012638.00,MALACT,Amodaquine\Dihydroartemisinin,MALACT TABS  X 9,Pharmacy,TABLETS,PACK,,530,,1,1
,malanil,,MALANIL TABS 250MG/100MG X 12,Pharmacy,TABLETS,PACK,,14500,,1,1
6012094.00,MALANTER  DS,,MALANTER  DS TABS  X 6,Pharmacy,TABLETS,PACK,,350,,1,1
,malanter dispersible,,MALANTER DISPERSIBLE TABS X 24,Pharmacy,TABLETS,PACK,,350,NKOYO PHARM LTD,1,1
,malastop forte,Artemeter,MALASTOP FORTE TABS 80MG+480MG X 6,Pharmacy,TABLETS,PACK,,400,MARK PHARM LTD.,1,1
6154000000000.00,MALDOX X 3,Sulfadoxine and Pyrimethamine,MALDOX  TABS X 3,Pharmacy,TABLETS,PACK,,225,EMZOR PHARMACEUTICAL INDUSTRIES,1,1
,malether,,MALETHER TABS 20/120 X 24,Pharmacy,TABLETS,PACK,,260,,1,1
6012959.00,malforte plus,Artemether+Lumefantrine,MALFORTE PLUS TABS 80MG/480MG X 6,Pharmacy,TABLETS,PACK,,190,,1,1
6012960.00,malforte,,MALFORTE TABS 20MG/120MG X 24,Pharmacy,TABLETS,PACK,,210,,1,1
,maloc,,MALOC TABS 20/120 X 24,Pharmacy,TABLETS,PACK,,280,,1,1
6012156.00,man-g,,MAN-G TABS 100MG X 4,Pharmacy,TABLETS,PACK,,140,,1,1
,mandy b.p monitor,,MANDY B.P MONITOR   X 1,Pharmacy,,PACK,,11500,,1,1
15318.00,MANFX X 20,,MANFX X 20 CAPS,Pharmacy,CAPSULES,PACK,,1430,,1,1
8901070000000.00,Manix X 20,,MANIX X 20 CAPS,Pharmacy,CAPSULES,PACK,,1980,,1,1
,MANONEED,,MANONEED TABS X 30,Pharmacy,TABLETS,PACK,,1400,GLOBAL ONEWORD HEALTHCARE LTD.,1,1
6012807.00,MARCFIX,,MARCFIX TABS 325MG X 10,Pharmacy,TABLETS,PACK,,3000,,1,1
8902500000000.00,MARINA,,MARINA CAPS 1000MG X 30,Pharmacy,CAPSULES,PACK,,990,,1,1
,MARIPRIST,Mifepristone,MARIPRIST TABS 200MCG X 4,Pharmacy,TABLETS,PACK,,2100,MARIE STOPES INTL NIGERIA,1,1
6013168.00,MASCULAN FRUTTI EDITION,,MASCULAN FRUTTI EDITION X 10,Pharmacy,,PACK,,730,,1,1
6013167.00,MASCULAN FRUTTI EDITION,,MASCULAN FRUTTI EDITION X 3,Pharmacy,,PACK,,280,,1,1
6013164.00,MASCULAN GOLD CONDOM,,MASCULAN GOLD CONDOM X 10,Pharmacy,,PACK,,750,,1,1
6013163.00,MASCULAN GOLD CONDOM,,MASCULAN GOLD CONDOM X 3,Pharmacy,,PACK,,280,,1,1
6013162.00,MASCULAN LONG PLEASURE CONDOM,,MASCULAN LONG PLEASURE CONDOM X 10,Pharmacy,,PACK,,750,,1,1
6013161.00,MASCULAN LONG PLEASURE CONDOM,,MASCULAN LONG PLEASURE CONDOM X 3,Pharmacy,,PACK,,280,,1,1
6013166.00,MASCULAN RIBBED DOTTED CONDOM,,MASCULAN RIBBED DOTTED CONDOM X 10,Pharmacy,,PACK,,730,,1,1
6013165.00,MASCULAN RIBBED DOTTED CONDOM,,MASCULAN RIBBED DOTTED CONDOM X 3,Pharmacy,,PACK,,270,,1,1
6013160.00,MASCULAN SENSITIVE CONDOM,,MASCULAN SENSITIVE CONDOM X 10,Pharmacy,,PACK,,730,,1,1
6013159.00,MASCULAN SESNSITIVE CONDOM,,MASCULAN SESNSITIVE CONDOM X 3,Pharmacy,,PACK,,280,,1,1
,maxi tears,,MAXI TEARS EYE DROPS 10ML X 1,Pharmacy,EYE DROPS,PACK,,1120,PHARMACY PLUS LIMITED,1,1
,maxibu,,MAXIBU CAPS 325+200MG X 20,Pharmacy,CAPSULES,PACK,,220,NKOYO PHARM LTD,1,1
6009207.00,maxiclav x 14,,MAXICLAV X 14 TABS 625MG,Pharmacy,TABLETS,PACK,,1200,MIRAL PHARM LIMITED,1,1
,MaXIMOND,,MAXIMOND EYE DROPS 5ML X 1,Pharmacy,EYE DROPS,PACK,,650,WORLDCARE PHARMA NIG LTD,1,1
6012958.00,MAXNAZOL,,MAXNAZOL TABS X 10,Pharmacy,TABLETS,PACK,,170,,1,1
6012957.00,MAXNAZOLE,,MAXNAZOLE CREAM X 1,Pharmacy,CREAM,PACK,,180,,1,1
7970.00,MEBENDAZOLE,,MEBENDAZOLE (MULTICOY)  TABS 100MG X 6,Pharmacy,TABLETS,PACK,,40,,1,1
1007573.00,MEDCEF,,MEDCEF TABS 200MG,Pharmacy,TABLETS,PACK,,140,,1,1
8403.00,MEDICAN X 6,,MEDICAN  50MG CAP X 6,Pharmacy,CAPSULES,PACK,,650,,1,50MG
1000746.00,MEDIK - 55,,MEDIK - 55 TABS  X 20,Pharmacy,TABLETS,PACK,,196.25,,1,1
8850770000000.00,MEDITROL,,MEDITROL CAPS 0.25 MCG X 30,Pharmacy,CAPSULES,PACK,,3215,,1,1
,medtech b.p monitor,,MEDTECH B.P MONITOR   X 1,Pharmacy,,PACK,,8500,,1,1
615600000000.00,MEGACEPHIN,Ceftriaxone,MEGACEPHIN INJ 1GM,Pharmacy,INJECTION (POWDER),PACK,,140,,1,1
9390.00,MEGAUP,,MEGAUP CAPS X 30,Pharmacy,CAPSULES,PACK,,160,,1,1
8934570000000.00,MEKOZORAL,,MEKOZORAL TABS,Pharmacy,TABLETS,PACK,,450,,1,1
8901120000000.00,MELOCAP,,MELOCAP TABS 15MG,Pharmacy,TABLETS,PACK,,750,,1,1
8901120000000.00,MELOCAP,,MELOCAP TABS 7.5MG,Pharmacy,TABLETS,PACK,,620,,1,1
,melofan,,MELOFAN TABS 525MG,Pharmacy,TABLETS,PACK,,160,,1,3
6012044.00,MEMORIL FORTE,,MEMORIL FORTE CAPS X 30,Pharmacy,CAPSULES,PACK,,3250,,1,1
4009930000000.00,MEN ACTIVE (Doppel HERZ),,MEN ACTIVE (DOPPEL HERZ) CAPS X 30,Pharmacy,CAPSULES,PACK,,3350,,1,1
1003015.00,MEN'S PACK X 30 (multicoy),,MEN'S PACK X 30 (MULTICOY) TABS,Pharmacy,TABLETS,PACK,,3160,,1,1
1008992.00,MEN'S PACK(NATURE MADE),,MEN'S PACK(NATURE MADE) TABS X 30,Pharmacy,TABLETS,PACK,,3250,,1,1
5021270000000.00,menopace plus x 56,,MENOPACE PLUS X 56 TABS,Pharmacy,TABLETS,PACK,,8000,,1,1
5021270000000.00,MENOPACE,,MENOPACE TABS X 30,Pharmacy,TABLETS,PACK,,3550,,1,1
1003677.00,MENS HEALTH (Doppel ),,MENS HEALTH (DOPPEL ) CAPS,Pharmacy,CAPSULES,PACK,,2210,,1,1
1007734.00,MENUDYN PLUS X 30,,MENUDYN PLUS X 30 CAPS,Pharmacy,CAPSULES,PACK,,315,,1,1
6009194.00,mepax x 10,,MEPAX X 10 TABS,Pharmacy,TABLETS,PACK,,132,,1,1
6034000000000.00,Meprasil X 14,Omeprazole,MEPRASIL  20MG CAP X 14,Pharmacy,CAPSULES,PACK,,530,,1,1
,MEROCLAV,Amoxicillin and Clavulanate,MEROCLAV TABS 625MG X 14,Pharmacy,TABLETS,PACK,,1050,KENZO PHARMACEUTICAL LTD,1,1
6012114.00,MEROPENEM(EXCEL),,MEROPENEM(EXCEL) INJ X 1,Pharmacy,INJECTION (POWDER),PACK,,4800,,1,1
14917.00,MEXZECAM X 10,Meloxicam,MEXZECAM X 10 TABS 15MG,Pharmacy,TABLETS,PACK,,400,,1,1
7350030000000.00,micro drop,,MICRO DROP X 1,Pharmacy,,PACK,,2900,,1,1
250.00,MICROCEF TAB,,MICROCEF TAB  500MG X 1,Pharmacy,,PACK,,800,MICRO NOVA PHARM.IND LIMITED,1,1
245.00,MICROCEF,,MICROCEF TABS 250MG X 10,Pharmacy,TABLETS,PACK,,550,MICRO NOVA PHARM.IND LIMITED,1,1
215.00,MICROFER,,MICROFER TABS,Pharmacy,TABLETS,PACK,,500,MICRO NOVA PHARM.IND LIMITED,1,1
4008500000000.00,MICROGYNON FE,,MICROGYNON FE TABS 30MG X 28,Pharmacy,TABLETS,PACK,,300,SOCIETY FOR FAMILY HEALTH,1,1
6010083.00,microprost,,MICROPROST EYE DROPS X 1,Pharmacy,EYE DROPS,PACK,,3200,,1,1
,midozol,Dorzolamide,MIDOZOL EYE DROPS 5ML I,Pharmacy,EYE DROPS,PACK,,3050,OPTIVISION LIMITED,1,1
,MIFEPAK(DKT),Misoprostol,MIFEPAK(DKT) TABS 200MCG X 5,Pharmacy,TABLETS,PACK,,1800,DKT INTERNATIONAL NIG.,1,1
8906000000000.00,MILLICAP X 30,,MILLICAP X 30 CAPS,Pharmacy,CAPSULES,PACK,,280,,1,1
8904010000000.00,MIM X 24,,MIM X 24 CAPS,Pharmacy,CAPSULES,PACK,,526,,1,1
4789.00,MINIPRES,Prazosin,MINIPRES TABS 1MG,Pharmacy,TABLETS,PACK,,3800,,1,1
9006.00,MIRAPRAZOLE X 14,,MIRAPRAZOLE X 14 TABS 20MG,Pharmacy,TABLETS,PACK,,300,,1,1
11913.00,MIRAZITH X 14,,MIRAZITH X 14 CAPS 200MG,Pharmacy,CAPSULES,PACK,,1150,,1,1
11480.00,MIRAZITH x 6,,MIRAZITH X 6 CAPS 250MG,Pharmacy,CAPSULES,PACK,,600,,1,1
6010289.00,MISO-FEM X 4,,MISO-FEM X 4 TABS,Pharmacy,TABLETS,PACK,,450,,1,1
,misoclear,Misoprostol,MISOCLEAR  200MCG X 10,Pharmacy,,PACK,,1200,MARIE STOPES INTL NIGERIA,1,1
8125.00,MISOPROSTOL X 3,,MISOPROSTOL 200MG TAB X 3{EMZOR},Pharmacy,TABLETS,PACK,,450,,1,200MG
,MITSUBISHI ELECTRIC BATTERY(ALKALINE),,MITSUBISHI ELECTRIC BATTERY(ALKALINE) X 4,Pharmacy,,PACK,,550,,1,1
1007910.00,MIXTARD 30 PENFILL 100IU/ML3ML,,MIXTARD 30 PENFILL 100IU/ML3ML,Pharmacy,,PACK,,11500,WWCVL (NOVO),1,1
,mofloxadex,,MOFLOXADEX EYE DROPS 10ML X 1,Pharmacy,EYE DROPS,PACK,,1200,OPTIVISION LIMITED,1,1
615225000000.00,moist jelly,,MOIST JELLY X 1,Pharmacy,,PACK,,1600,,1,1
6013418.00,moloxan,,MOLOXAN EYE DROPS  X 1,Pharmacy,EYE DROPS,PACK,,1050,,1,1
6013364.00,MOLOXIDEX,,MOLOXIDEX EYE DROPS 5ML X 1,Pharmacy,EYE DROPS,PACK,,1050,,1,1
,MONDNITE(NIGHT TIME SLEEP AID),Diphenylpyraline Hydrochloride,MONDNITE(NIGHT TIME SLEEP AID) TABS 25MG X 1,Pharmacy,TABLETS,PACK,,180,DIAMOND HEALTHCARE LTD,1,1
6009850.00,monomin x 30,,MONOMIN X 30 CAPS,Pharmacy,CAPSULES,PACK,,370,,1,1
6009169.00,monover x 30,,MONOVER X 30 CAPS,Pharmacy,CAPSULES,PACK,,290,,1,1
210.00,MoNTIGET TAB,,MONTIGET TAB  10MG X 1,Pharmacy,,PACK,,2750,,1,1
2154.00,MoNTIGET TAB,,MONTIGET TAB  5MG X 1,Pharmacy,,PACK,,2350,,1,1
6012113.00,MoNTIGET,,MONTIGET TABS 4MG X 14,Pharmacy,TABLETS,PACK,,2500,,1,1
6012203.00,MONTRAL,,MONTRAL TABS 5MG X 10,Pharmacy,TABLETS,PACK,,1420,,1,1
,moovan,,MOOVAN OINTMENT 500MG X 1,Pharmacy,SKIN OINTMENT,PACK,,1750,MOPSON PHARMACEUTICAL LIMITED,1,1
,moretone multivitamin,,MORETONE MULTIVITAMIN CAPS X 30,Pharmacy,CAPSULES,PACK,,350,GREAT LIFE ENTERPRISES,1,1
1003658.00,MORINGA TEA,,MORINGA TEA,Pharmacy,,PACK,,700,,1,1
6012804.00,MOSPODOX,,MOSPODOX TABS 200MG X 10,Pharmacy,TABLETS,PACK,,1500,,1,1
6010551.00,MOSQUITO NET(TRACKLINE)SIZE 4 X 6,,MOSQUITO NET(TRACKLINE)SIZE 4 X 6,Pharmacy,,PACK,,6500,,1,1
6012908.00,MOVE FREE,,MOVE FREE CAPS X 1,Pharmacy,CAPSULES,PACK,,10500,,1,1
15250.00,MOVEON GEL,,MOVEON GEL  50G,Pharmacy,,PACK,,535,,1,1
,moxifLOXACIN(pharmacyplus),,MOXIFLOXACIN(PHARMACYPLUS)  10ML X 1,Pharmacy,,PACK,,1000,OPTIVISION LIMITED,1,1
6012122.00,MOXIGET,,MOXIGET TABS X 5,Pharmacy,TABLETS,PACK,,1600,,1,1
6012059.00,MuLTI PRENATAL,,MULTI PRENATAL TABS X 90,Pharmacy,TABLETS,PACK,,2300,,1,1
625273000000.00,multibalance x 30,,MULTIBALANCE X 30 CAPS,Pharmacy,CAPSULES,PACK,,1970,,1,1
1007603.00,MuLTIVITAMIN PLUS X 30,,MULTIVITAMIN PLUS X 30 TABS,Pharmacy,TABLETS,PACK,,300,,1,1
1007843.00,MuMFER X 30,,MUMFER X 30 TABS,Pharmacy,TABLETS,PACK,,350,,1,1
1000155.00,MVS-365,,MVS-365 TABS X 20,Pharmacy,TABLETS,PACK,,1035,,1,1
8660.00,MVS-PRENATAL,,MVS-PRENATAL CAPS X 20,Pharmacy,CAPSULES,PACK,,865,,1,1
6251110000000.00,MYCOHEAL VAGINAL,,MYCOHEAL VAGINAL TABS 1200MG X 1,Pharmacy,TABLETS,PACK,,350,,1,1
6156000000000.00,Mycoten (Vaginal) X 6,Miconazole,MYCOTEN (VAGINAL) 100MG TAB X 6,Pharmacy,TABLETS,PACK,,1010,DRUGFIELD PHARMACEUTICALS LIMITED,1,100MG
11015.00,MYCROGYNON X 20,,MYCROGYNON X 20 TABS,Pharmacy,TABLETS,PACK,,260,,1,1
,myzith,,MYZITH TABS 500MG X 10,Pharmacy,TABLETS,PACK,,850,,1,1
8432.00,NaLIDON X 20,,NALIDON X 20 TABS,Pharmacy,TABLETS,PACK,,80,,1,1
1008820.00,NASAL RELIEF SPRAY X 1,,NASAL RELIEF SPRAY X 1,Pharmacy,,PACK,,450,,1,1
6013031.00,NATALIFE,,NATALIFE CAPS X 30,Pharmacy,CAPSULES,PACK,,2450,,1,1
,NATNAW,Levonorgestrel,NATNAW TABS 1.5MG X 1,Pharmacy,TABLETS,PACK,,1300,PHARMA ETHICS LTD,1,1
6012650.00,NATOCARE PLUS,,NATOCARE PLUS CAPS  X 30,Pharmacy,CAPSULES,PACK,,2370,,1,1
,natrilix sr(parallel),,NATRILIX SR(PARALLEL) TABS 1.5MG X 30,Pharmacy,TABLETS,PACK,,1950,,1,1
6010897.00,NaTURE GREENS,,NATURE GREENS SOFTGEL X 30,Pharmacy,SOFTGEL,PACK,,2000,,1,1
8253.00,NECK COLLAR,,NECK COLLAR   X 1 {HARD ONE},Pharmacy,,PACK,,5200,,1,1
7891.00,NECK COLLAR SOFT,,NECK COLLAR (SOFT),Pharmacy,,PACK,,1750,,1,1
6012108.00,NECTAMAL DS,,NECTAMAL DS TABS  X 6,Pharmacy,TABLETS,PACK,,410,,1,1
,nemether,,NEMETHER TABS 20/120 X 24,Pharmacy,TABLETS,PACK,,300,,1,1
6012327.00,NEMOXIL DISPERSIBLE,,NEMOXIL DISPERSIBLE  250MG X 10,Pharmacy,,PACK,,190,,1,1
6012035.00,nemoxil dispersible,,NEMOXIL DISPERSIBLE TABS 125MG X 10,Pharmacy,TABLETS,PACK,,220,,1,1
1007762.00,NEOCLAV X 14,,NEOCLAV X 14 TABS 625MG,Pharmacy,TABLETS,PACK,,1210,,1,1
1007761.00,NEOCLAV X14,,NEOCLAV X14 TABS 1G,Pharmacy,TABLETS,PACK,,1300,,1,1
1007763.00,NEOCLAV X14,,NEOCLAV X14 TABS 375MG,Pharmacy,TABLETS,PACK,,900,,1,1
8906030000000.00,NEOSKIN,,NEOSKIN CREAM X 1,Pharmacy,CREAM,PACK,,280,ELBE PHARMA NIG LTD,1,1
6012367.00,NEPAFENAC,,NEPAFENAC EYE DROPS 5ML X 1,Pharmacy,EYE DROPS,PACK,,1200,,1,1
,NETAZOX,Nitazoxanide,NETAZOX TABS 500MG X 6,Pharmacy,TABLETS,PACK,,2000,SJS LIFE SCIENCES LIMITED,1,1
6013352.00,NETMAL,Artemether+Lumefantrine,NETMAL TABS 80/480MG X 1,Pharmacy,TABLETS,PACK,Antimalarial drugs,320,,1,1
5021270000000.00,NEUROZAN,,NEUROZAN CAPS  X 30,Pharmacy,CAPSULES,PACK,,6800,,1,30
6013195.00,nevan ts,,NEVAN TS EYE DROPS X 1,Pharmacy,EYE DROPS,PACK,,2300,,1,1
,newmult,,NEWMULT CAPS X 30,Pharmacy,CAPSULES,PACK,,1300,KINGZY PHARMACEUTICALS LTD,1,1
7321840000000.00,NEXIUM X 14,Esomeprazole,NEXIUM X 14 TABS 20MG,Pharmacy,TABLETS,PACK,,5098,,1,1
8699790000000.00,NEXIUM X 14,Esomeprazole,NEXIUM X 14 TABS 40MG,Pharmacy,TABLETS,PACK,,7000,WWCVL (ASTRAZENICA),1,1
6011881.00,NEXIUM(PARALLEL),,NEXIUM(PARALLEL) TABS 20MG X 14,Pharmacy,TABLETS,PACK,,1700,,1,1
6011882.00,NEXIUM(PARARELL),,NEXIUM(PARARELL) TABS 40MG X 14,Pharmacy,TABLETS,PACK,,2100,,1,1
,nezis b.p monitor,,NEZIS B.P MONITOR   X 1,Pharmacy,,PACK,,10500,,1,1
,NICLOVIX,,NICLOVIX CAPS X 30,Pharmacy,CAPSULES,PACK,,5500,MAY & BAKER NIGERIA PLC,1,1
9882.00,NIFE-D,,NIFE-D X 30 TABS 20MG,Pharmacy,TABLETS,PACK,,300,,1,1
,NIGHT AID,,NIGHT AID TABS  X 10,Pharmacy,TABLETS,PACK,,200,,1,1
6009280.00,nightingale,,NIGHTINGALE X 1,Pharmacy,,PACK,,1700,,1,1
1007669.00,NILGAR M-15 X 30,,NILGAR M-15 X 30 TABS,Pharmacy,TABLETS,PACK,,1360,,1,1
14938.00,nilgar M-30,,NILGAR M-30 TABS,Pharmacy,TABLETS,PACK,,2825,,1,1
11954.00,NIMARTEM 20/120,,NIMARTEM 20/120 TABS,Pharmacy,TABLETS,PACK,,280,,1,1
108904000000000.00,NIMARTEN QS,,NIMARTEN QS TABS X 6,Pharmacy,TABLETS,PACK,,440,NEIMETH INT'L PHARMACEUTICAL PLC,1,1
1007608.00,NISTATIN  ORAL,,NISTATIN  ORAL DROPS,Pharmacy,ORAL DROPS,PACK,,510,,1,1
6008645.00,NITROFURANTIN X 10,,NITROFURANTIN X 10 TABS,Pharmacy,TABLETS,PACK,,195,,1,1
1002951.00,NIVAQUINE FORTE 221,,NIVAQUINE FORTE 221 CAPS,Pharmacy,CAPSULES,PACK,,170,,1,1
6557.00,NIVAQUINE,Chloroquine,NIVAQUINE TABS X 10,Pharmacy,TABLETS,PACK,,180,,1,1
6011523.00,NOBAXIN,Azithromycin,NOBAXIN TABS 250MG X 6,Pharmacy,TABLETS,PACK,,1150,,1,1
1002159.00,NONI,,NONI CAPS X 1,Pharmacy,CAPSULES,PACK,,1750,,1,1
8901300000000.00,norbatin,,NORBATIN TABS  X 5,Pharmacy,TABLETS,PACK,,1750,,5,1
1007974.00,NORDUET,,NORDUET TABS 5MG X 10,Pharmacy,TABLETS,PACK,,850,,1,1
6011929.00,NORGESIC,,NORGESIC TABS  X 20,Pharmacy,TABLETS,PACK,,800,,1,1
4629.00,Noristerat,,NORISTERAT INJ 200MG X 1,Pharmacy,INJECTION (SOLUTION),PACK,,800,,1,1
6012910.00,NORPIFLEX,,NORPIFLEX TABS X 1,Pharmacy,TABLETS,PACK,,700,,1,1
1001363.00,Norvasc,Amlodipine,NORVASC TABS 10MG X 10,Pharmacy,TABLETS,PACK,,1600,WWCVL (PFIZER),1,1
1001322.00,Norvasc,Amlodipine,NORVASC TABS 5MG X 10,Pharmacy,TABLETS,PACK,,925,,1,1
10764.00,NOSCLAV,,NOSCLAV TABS 625MG X 18,Pharmacy,TABLETS,PACK,,1000,GENEITH PHARM. LIMITED,1,1
8458.00,NOSE MASK,,NOSE MASK X 50,Pharmacy,,PACK,,350,,1,1
15310.00,NOVACAN 150MG,,NOVACAN 150MG CAPS,Pharmacy,CAPSULES,PACK,,400,,1,1
8439.00,NOVACAN X 10,,NOVACAN X 10 CAPS 50MG,Pharmacy,CAPSULES,PACK,,200,,1,1
14881.00,NOVACAN X 3,Fluconazole,NOVACAN X 3 CAPS 50MG,Pharmacy,CAPSULES,PACK,,300,,1,1
6011478.00,nurofen,,NUROFEN CAPS 200MG X 1,Pharmacy,CAPSULES,PACK,,650,,1,1
6011532.00,nurofen,Ibuprofen,NUROFEN CAPS 400MG X 10,Pharmacy,CAPSULES,PACK,,1235,,1,1
,nurofen express,,NUROFEN EXPRESS TABS 200MG X 10,Pharmacy,TABLETS,PACK,,1300,SENTOVA TRADING NIG. LTD.,1,1
7996.00,NYLON GLOVE,,NYLON GLOVE   X 1,Pharmacy,,PACK,,180,,1,1
6013073.00,NYSTATIN VAG,,NYSTATIN VAG (UNBRANDED)  TABS X 10,Pharmacy,TABLETS,PACK,,700,,1,1
8934750000000.00,NYSTATIN VAG TAB (AL-TINEZ),,NYSTATIN VAG TAB (AL-TINEZ),Pharmacy,,PACK,,430,,1,1
14912.00,NYSTATIN VAG TAB(MULTICOY),,NYSTATIN VAG TAB(MULTICOY)  100000 IU,Pharmacy,,PACK,,495,,1,1
6012406.00,OcEACEF,,OCEACEF TABS 200MG X 10,Pharmacy,TABLETS,PACK,,1000,,1,1
8906040000000.00,oceanic cod liver X 30,,OCEANIC COD LIVER X 30 CAPS 1000MG,Pharmacy,CAPSULES,PACK,,480,,1,1
4615.00,oceanic cod liver X 30,,OCEANIC COD LIVER X 30 CAPS 300MG,Pharmacy,CAPSULES,PACK,,400,,1,1
8906040000000.00,OCEFIX,,OCEFIX (SWIPHA)  TABS 200MG,Pharmacy,TABLETS,PACK,,950,,1,1
8906040000000.00,OCEFIX x10,Cefixime,OCEFIX X10 TABS 400MG,Pharmacy,TABLETS,PACK,,1600,,1,1
6012631.00,ODYCIN,moxifloxacin,ODYCIN EYE DROPS 0.5% 5ML,Pharmacy,EYE DROPS,PACK,,720,,1,1
8902300000000.00,OFLOCET,,OFLOCET TABS 200MG,Pharmacy,TABLETS,PACK,,250,,1,1
6019.00,oflomed x 14,,OFLOMED X 14 TABS 200MG,Pharmacy,TABLETS,PACK,,555,,1,1
6012865.00,OFLONIDA,,OFLONIDA SOFTGEL 500MG/200MG X 10,Pharmacy,SOFTGEL,PACK,,1300,,1,1
6011666.00,OfLOSWIZ O,,OFLOSWIZ O X 10,,TABLETS,PACK,,1000,,1,1
,OFLOXACIN (BG),ofloxacin,OFLOXACIN (BG) TABS 200MG X 10,Pharmacy,TABLETS,PACK,,320,,1,1
,OFLOXACIN (BG),ofloxacin,OFLOXACIN (BG) TABS 400MG X 10,Pharmacy,TABLETS,PACK,,370,B.G PHARMA & HEALTHCARE LTD.,1,1
8221.00,OFLOXACIN,,OFLOXACIN TABS 200MG X 1 {MKP},Pharmacy,TABLETS,PACK,,300,,1,1
15013.00,OFLOXACIN,,OFLOXACIN TABS 400MG {MULTICOY},Pharmacy,TABLETS,PACK,,400,,1,1
6011392.00,OFLOXACIN/ORNIDAZOLE(MILTON),,OFLOXACIN/ORNIDAZOLE(MILTON) TABS  X 10,Pharmacy,TABLETS,PACK,,700,,1,1
1007581.00,OGAMAL X 24,,OGAMAL X 24 TABS,Pharmacy,TABLETS,PACK,,450,,1,1
,OGOTEX B.P MONITOR,,OGOTEX B.P MONITOR X 1,Pharmacy,,PACK,,11000,E CHAPEL INT SERVICES LTD,1,1
7640150000000.00,olfen 100 SR  X 10,,OLFEN 100 SR  X 10 CAPS,Pharmacy,CAPSULES,PACK,,1565,,1,1
6009367.00,olicef x 10,,OLICEF X 10 TABS 250MG,Pharmacy,TABLETS,PACK,,950,,1,1
8904150000000.00,olicef x 10,,OLICEF X 10 TABS 500MG,Pharmacy,TABLETS,PACK,,1800,,1,1
8904010000000.00,OLIGOCARE X 30,,OLIGOCARE X 30 TABS,Pharmacy,TABLETS,PACK,,2250,,1,1
,olyset net,,OLYSET NET X 1,Pharmacy,,PACK,,1300,LEFAS PHARMACEUTICALS LTD,1,1
1002478.00,OMECAP,,OMECAP CAPS 20MG X 14,Pharmacy,CAPSULES,PACK,,165,ONIFAM LABORATORY LTD,1,1
6012822.00,OMECET,,OMECET TABS 20MG X 10,Pharmacy,TABLETS,PACK,,270,,1,1
1007693.00,OMECID X 14,,OMECID X 14 CAPS 20MG,Pharmacy,CAPSULES,PACK,,300,,1,1
1002293.00,OMEFAST,,OMEFAST TABS 20MG,Pharmacy,TABLETS,PACK,,580,,1,1
6008775.00,OMEFLUX,,OMEFLUX X 14,Pharmacy,CAPSULES,PACK,,150,,1,1
1007679.00,OMEGA 3 FISH OIL(EMZOR),,OMEGA 3 FISH OIL(EMZOR) CAPS,Pharmacy,CAPSULES,PACK,,955,,1,1
6013202.00,OMEGA 3.6.9,,OMEGA 3.6.9 (ULTRA) X 1,Pharmacy,,PACK,,2900,,1,1
15261.00,OMEPEP 20,,OMEPEP 20 CAPS,Pharmacy,CAPSULES,PACK,,300,,1,1
9764.00,omepradex,,OMEPRADEX CAPLET 40MG [PACK] X 14,Pharmacy,CAPLET,PACK,,60,,1,1
1007872.00,OMEPRAZ (PHARMA DEKO),,OMEPRAZ (PHARMA DEKO) TABS 20MG,Pharmacy,TABLETS,PACK,,150,PHARMA DEKO PLC,1,1
11447.00,OMEPRAZIN,,OMEPRAZIN TABS 20MG X 14,Pharmacy,TABLETS,PACK,,180,,1,1
6012016.00,OMEPRAZOL(EVERDESTINY),,OMEPRAZOL(EVERDESTINY) TABS 20MG X 14,Pharmacy,TABLETS,PACK,,130,,1,1
6012539.00,OMEPRAZOLE (MULTICOY),,OMEPRAZOLE (MULTICOY) CAPS 20MG X 14,Pharmacy,CAPSULES,PACK,,160,,1,1
8902290000000.00,OMESHAL,,OMESHAL TABS 20MG X 10,Pharmacy,TABLETS,PACK,,255,,1,1
8902290000000.00,OMESHAL-D,,OMESHAL-D CAPS,Pharmacy,CAPSULES,PACK,,377,SHALINA HEALTHCARE NIGERIA LTD,1,1
15316.00,omez (omeprazole) x20,,OMEZ (OMEPRAZOLE) X20 CAPS 20MG,Pharmacy,CAPSULES,PACK,,170,,1,1
4952.00,OMEZOLE-20,Omeprazole,OMEZOLE-20 CAPS X 28,Pharmacy,CAPSULES,PACK,,1940,,1,1
6011312.00,OMFIL,Omeprazole,OMFIL CAPS 20MG X 14,Pharmacy,CAPSULES,PACK,,200,,1,1
6008647.00,OMROM M2W (LONG CUFF) DIGITAL SPHYG,,OMROM M2W (LONG CUFF) DIGITAL SPHYG,Pharmacy,,PACK,,19425,,1,1
6009140.00,omron body composition monitor x 1,,OMRON BODY COMPOSITION MONITOR X 1,Pharmacy,,PACK,,23500,,1,1
6008689.00,OMRON DIGITAL WEIGHING SCALE,,OMRON DIGITAL WEIGHING SCALE,Pharmacy,,PACK,,6600,,1,1
4015670000000.00,OMRON M2 (DIGITAL SPHYGMANOMETER),,OMRON M2 (DIGITAL SPHYGMANOMETER),Pharmacy,,PACK,,24000,,1,1
6008692.00,OMRON M2 DIGITAL SCALE,,OMRON M2 DIGITAL SCALE,Pharmacy,,PACK,,12260,,1,1
4015670000000.00,OMRON M3 (long cuff) DIGITAL SPHYG.,,OMRON M3 (LONG CUFF) DIGITAL SPHYG.,Pharmacy,,PACK,,34800,,1,1
,OMRON M3 COMFORT B.P MACHINE,,OMRON M3 COMFORT B.P MACHINE X 1,Pharmacy,,PACK,,37000,"NEW HEIGHTS PHARMA, LTD.",1,1
6008693.00,OMRON M3 DIGITAL SCALE,,OMRON M3 DIGITAL SCALE,Pharmacy,,PACK,,15850,,1,1
,OMRON M6 COMFORT B.P MACHINE,,OMRON M6 COMFORT B.P MACHINE X 1,Pharmacy,,PACK,,42000,"NEW HEIGHTS PHARMA, LTD.",1,1
6009191.00,omron m6 digital sohyg,,OMRON M6 DIGITAL SOHYG,Pharmacy,,PACK,,40950,,1,1
6013128.00,OMRON M7 DIGITAL SPHYG,,OMRON M7 DIGITAL SPHYG X 1,Pharmacy,,PACK,,29500,,1,1
4015670000000.00,OMRON NEBULIZER X 1,,OMRON NEBULIZER X 1,Pharmacy,,PACK,,30000,,1,1
6009192.00,omron nebulizer(kid),,OMRON NEBULIZER(KID) X 1,Pharmacy,,PACK,,29500,,1,1
245896.00,ON- CALL B.P METER,,ON- CALL B.P METER,Pharmacy,,PACK,,16500,NONYEZ VENTURES LTD,1,1
6009111.00,on-call platinium strip,,ON-CALL PLATINIUM STRIP X 1,Pharmacy,,PACK,,3200,,1,1
682608000000.00,ON-CALL PLUS STRIP,,ON-CALL PLUS STRIP,Pharmacy,,PACK,,3550,,1,1
6012218.00,"one a day men""s formula",,"ONE A DAY MEN""S FORMULA TABS X 60",Pharmacy,TABLETS,PACK,,7500,,1,1
4030840000000.00,ONE TOUCH ULTRA STRIP  KIT x 50,,ONE TOUCH ULTRA STRIP  KIT X 50,Pharmacy,,PACK,,4300,,1,1
8806450000000.00,OPFEN EYE DROP 5ML,,OPFEN EYE DROP 5ML,Pharmacy,,PACK,,2180,,1,1
1007939.00,OPIDO,,OPIDO TABS 1 X 10,Pharmacy,TABLETS,PACK,,150,,1,1
,optafen,Timolol,OPTAFEN EYE DROPS 10ML X 1,Pharmacy,EYE DROPS,PACK,,420,OPTIVISION LIMITED,1,1
,optidon,,OPTIDON TABS 150MG X 10,Pharmacy,TABLETS,PACK,,600,,1,1
6008974.00,optiflo-xl x 30,,OPTIFLO-XL X 30 TABS 0.4MG,Pharmacy,TABLETS,PACK,,1470,,1,1
,optinas,Latanoprost,OPTINAS EYE DROPS 3ML X 1,Pharmacy,EYE DROPS,PACK,,3500,OPTIVISION LIMITED,1,1
,OPTINAS PLUS,Timolol Maleate,OPTINAS PLUS EYE DROPS 2.5ML X 1,Pharmacy,EYE DROPS,PACK,,3000,OPTIVISION LIMITED,1,1
6013429.00,OPTION 2,,OPTION 2 TABS 0.75MG X 2,Pharmacy,TABLETS,PACK,,650,,1,1
,oral quick hiv test kit,,ORAL QUICK HIV TEST KIT   X 1,Pharmacy,,PACK,,1350,,1,1
3582910000000.00,orelox,,ORELOX TABS 100MG,Pharmacy,TABLETS,PACK,,2000,,1,1
3582910000000.00,orelox,,ORELOX TABS 200MG X 10,Pharmacy,TABLETS,PACK,,3015,,1,1
1000149.00,Orheptal,,ORHEPTAL CAPS  X 1,Pharmacy,CAPSULES,PACK,,520,,1,1
1008860.00,ORNILOX,,ORNILOX TABS 100MG,Pharmacy,TABLETS,PACK,,1335,,1,1
8105.00,OROFER X 30,,OROFER X 30 CAPS,Pharmacy,CAPSULES,PACK,,845,,1,1
6009996.00,ORPHESIC X 20,,ORPHESIC X 20 TABS,Pharmacy,TABLETS,PACK,,620,,1,1
6011917.00,ORS WITH ZINC,,ORS WITH ZINC   X 1,Pharmacy,,PACK,,160,,1,1
6013433.00,ORTRIMEF,Artemether+Lumefantrine,ORTRIMEF TABS 140MG X 24,Pharmacy,TABLETS,PACK,,435,OREFEMA PHARMACEUTICALS LTD,1,1
6012121.00,OSAM-D,,OSAM-D TABS X 30,Pharmacy,TABLETS,PACK,,1370,,1,1
25840.00,OSJET,,OSJET TABS X 10,Pharmacy,TABLETS,PACK,,90,THINE FOREVER PHARMACEUTIAL,1,1
6011091.00,OSPAIN,,OSPAIN TABS 100MG X 10,Pharmacy,TABLETS,PACK,,130,,1,1
1001412.00,OSTEO,,OSTEO TABS X 20,Pharmacy,TABLETS,PACK,,150,,1,1
5021270000000.00,OSTEOCARE (UK),,OSTEOCARE (UK) TABS,Pharmacy,TABLETS,PACK,,2400,,1,1
,OSTEOCARE CHEWABLE,,OSTEOCARE CHEWABLE TABS  X 30,Pharmacy,TABLETS,PACK,,2800,NECTAR HEALTHCARE LTD.,1,1
6011023.00,OSTEOCARE PLUS,,OSTEOCARE PLUS TABS X 84,Pharmacy,TABLETS,PACK,,5900,,1,1
11524.00,OSTEOCARE,,OSTEOCARE TABS  {INDIA} X 30,Pharmacy,TABLETS,PACK,,1305,,1,1
6012058.00,OSTEOGAIN,,OSTEOGAIN CAPS X 30,Pharmacy,CAPSULES,PACK,,2020,,1,1
6012260.00,OSTEOGAIN,,OSTEOGAIN TABS X 30,Pharmacy,TABLETS,PACK,,2400,,1,1
11930.00,OSTRIN,,OSTRIN TABS,Pharmacy,TABLETS,PACK,,3520,,1,1
6009201.00,ova boost,,OVA BOOST CAPS X 1,Pharmacy,CAPSULES,PACK,,13500,,1,1
8904010000000.00,OVACARE X 30,,OVACARE X 30 TABS,Pharmacy,TABLETS,PACK,,2220,,1,1
6156000000000.00,OVUMINE,,OVUMINE TABS 50MG,Pharmacy,TABLETS,PACK,,790,,1,1
1007782.00,OXAVID,,OXAVID TABS 200MG X 10,Pharmacy,TABLETS,PACK,,350,,1,1
9962.00,OXCLAV x 14,,OXCLAV X 14 TABS 625MG,Pharmacy,TABLETS,PACK,,1130,,1,1
6012810.00,OXISPA,,OXISPA TABS 250MG X 10,Pharmacy,TABLETS,PACK,,650,,1,1
50135905.00,oxy-10,,OXY-10 X 1,Pharmacy,,PACK,,1600,,1,1
6009917.00,OXYBUTYNINHYDROCHLORIDE,,OXYBUTYNINHYDROCHLORIDE  5MG/12.5MG X 1,Pharmacy,,PACK,,3105,,1,1
6012537.00,OXYNIC,,OXYNIC TABS 1000MG X 14,Pharmacy,TABLETS,PACK,,900,,1,1
1007950.00,OXYNIC,,OXYNIC TABS 625MG,Pharmacy,TABLETS,PACK,,850,,1,1
6012026.00,oxytetracycline,,OXYTETRACYCLINE (MULTICOY)  CAPS X 12,Pharmacy,CAPSULES,PACK,,200,,1,1
6008661.00,OXYUREA,,OXYUREA CAPS 500MG,Pharmacy,CAPSULES,PACK,,2550,,1,1
6011276.00,OXYUREA,,OXYUREA TABS 100MG X 1,Pharmacy,TABLETS,PACK,,1250,,1,1
8906060000000.00,OXZOMOL X 14,,OXZOMOL X 14 TABS 20MG,Pharmacy,TABLETS,PACK,,150,,1,1
8906010000000.00,P-ALAXIN,,P-ALAXIN TABS,Pharmacy,TABLETS,PACK,,800,GREENLIFE PHARMACEUTICALS LIMITED,1,1
6012896.00,P-ALAXIN ts,,P-ALAXIN TS TABS 120MG/960MG X 3,Pharmacy,TABLETS,PACK,,767,,1,1
,paediatric zinc sulphate dispersible,,PAEDIATRIC ZINC SULPHATE DISPERSIBLE TABS 20MG X 10,Pharmacy,TABLETS,PACK,,120,SWISS PHARMA NIG. LTD.,1,1
6012389.00,PANADOL ADVANCE,,PANADOL ADVANCE TABS X 16,Pharmacy,TABLETS,PACK,,1000,,1,1
15238.00,PANTRIM-960,,PANTRIM-960 TABS  X 10,Pharmacy,TABLETS,PACK,,90,,1,1
6011269.00,PARA 1000,,PARA 1000 CAPLET X 10,Pharmacy,CAPLET,PACK,,250,,1,1
6012932.00,PARACETAMOL,,PARACETAMOL (MARK)  INFUSION X 1,Pharmacy,INFUSION,PACK,,380,,1,1
,paracetamol(nhp),,PARACETAMOL(NHP) SUPP 125MG X 5,Pharmacy,SUPPOSITORY,PACK,,1000,"NEW HEIGHTS PHARMA, LTD.",1,1
7429.00,PARADANA X 96,,PARADANA X 96 TABS 500MG,Pharmacy,TABLETS,PACK,,100,,1,1
,paranight,,PARANIGHT TABS X 10,Pharmacy,TABLETS,PACK,,160,,1,1
6793.00,PARIET,,PARIET TABS 20MG,Pharmacy,TABLETS,PACK,,4755,,1,1
15290.00,Peflac X 10,,PEFLAC X 10 TABS,Pharmacy,TABLETS,PACK,,715,,1,1
1737.00,Peflacine x 50,Pefloxacine,PEFLACINE X 50 TABS 400MG,Pharmacy,TABLETS,PACK,,5350,,1,1
8906000000000.00,Peflotab X 10,Pefloxacine,PEFLOTAB 400MG TAB X 10,Pharmacy,TABLETS,PACK,,1015,,1,400MG
6009669.00,pefloxacin(multicoy) x 10,,PEFLOXACIN(MULTICOY) X 10,Pharmacy,,PACK,,510,,1,1
6008720.00,pemaclav x 14,,PEMACLAV X 14 TABS 625MG,Pharmacy,TABLETS,PACK,,1070,,1,1
,PENEGRA,Sildenafil,PENEGRA TABS 100MG X 4,Pharmacy,TABLETS,PACK,,350,DKT INTERNATIONAL NIG.,1,1
,PENICILLIN SKIN (MIM PHARMA),,PENICILLIN SKIN (MIM PHARMA) OINTMENT 20G X 1,Pharmacy,SKIN OINTMENT,PACK,,210,ZEEKUGO ENT.,1,1
6008966.00,PENTAX EXTRA,,PENTAX EXTRA TABS  X 20,Pharmacy,TABLETS,PACK,,350,VITABIOTICS (NIGERIA) LTD.,1,1
6010977.00,peptit kit,,PEPTIT KIT CAPS X 1,Pharmacy,CAPSULES,PACK,,2750,,1,1
5021270000000.00,PERFECTIL,,PERFECTIL CAPS,Pharmacy,CAPSULES,PACK,,4500,,1,1
6009683.00,perfectil platinium x 30,,PERFECTIL PLATINIUM X 30 CAPS,Pharmacy,CAPSULES,PACK,,6800,,1,1
5021270000000.00,perfectil platinium x 60,,PERFECTIL PLATINIUM X 60 CAPS,Pharmacy,CAPSULES,PACK,,10800,,1,1
6012808.00,PERFECTIL PlUS NAILS,,PERFECTIL PLUS NAILS TABS X 60,Pharmacy,TABLETS,PACK,,6700,,1,1
6012809.00,PERFECTIL PlUS SKIN,,PERFECTIL PLUS SKIN TABS X 56,Pharmacy,TABLETS,PACK,,6605,,1,1
8904080000000.00,PERGLIM,,PERGLIM TABS 1MG X 30,Pharmacy,TABLETS,PACK,,750,,1,1
,PERIKACIN(VIXA),Pefloxacine,PERIKACIN(VIXA) TABS 400MG X 10,Pharmacy,TABLETS,PACK,,750,VIXA PHARMACEUTICAL CO. LTD.,1,1
6009590.00,PHLEBODIA,,PHLEBODIA TABS 600MG X 15,Pharmacy,TABLETS,PACK,,2650,,1,1
1002080.00,PILEX,,PILEX TABS 150MG X 20,Pharmacy,TABLETS,PACK,,427,,1,1
6012659.00,pilicon,,PILICON TABS  X 24,Pharmacy,TABLETS,PACK,,350,,1,1
,PILOTAB,Ciprofloxacin,PILOTAB CAPLET 500MG X 10,Pharmacy,CAPLET,PACK,,330,PHAMATEX IND.LTD.,1,1
6013426.00,PINNACLE COD LIVER OIL,,PINNACLE COD LIVER OIL CAPS 1000MG X 1,Pharmacy,CAPSULES,PACK,,620,,1,1
1008013.00,PINNAZOLE,,PINNAZOLE CAPLET 20MG X 14,Pharmacy,CAPLET,PACK,,230,,1,1
1008621.00,pipart x8,,PIPART X8 TABS,Pharmacy,TABLETS,PACK,,350,,1,1
,piramal ts,,PIRAMAL TS TABS  X 3,Pharmacy,TABLETS,PACK,,620,,1,1
1008830.00,PLACKERS DENTAL FLOSS,,PLACKERS DENTAL FLOSS,Pharmacy,,PACK,,380,,1,1
1008080.00,PLADOX,,PLADOX TABS 75MG,Pharmacy,TABLETS,PACK,,1190,,1,1
,plus cottonswab,,PLUS COTTONSWAB X 100,Pharmacy,,PACK,,130,NAGAR LIFE SCIENCE NIG LTD,1,1
6008940.00,POSTER,,POSTER TABS  X 10,Pharmacy,TABLETS,PACK,,350,,1,1
5997000000000.00,POSTINOR 2,,POSTINOR 2 TABS 0.75MG,Pharmacy,TABLETS,PACK,,480,,1,1
6010057.00,PoSTPILL X 1,,POSTPILL X 1,Pharmacy,,PACK,,300,,1,1
,PRAVACET,Travoprost,PRAVACET EYE DROPS 3ML X 1,Pharmacy,EYE DROPS,PACK,,3500,OPTIVISION LIMITED,1,1
,PRAXAL-10,Aripiprazole,PRAXAL-10 TABS 10MG X 30,Pharmacy,TABLETS,PACK,,2300,PHARMACY PLUS LIMITED,1,1
6011604.00,prazgen,,PRAZGEN TABS X 10,Pharmacy,TABLETS,PACK,,180,,1,1
6008929.00,praziquantel x 10,,PRAZIQUANTEL X 10 TABS,Pharmacy,TABLETS,PACK,,950,,1,1
6012249.00,prazodex,,PRAZODEX TABS 20MG X 14,Pharmacy,TABLETS,PACK,,170,,1,1
804845000000.00,prazol,,PRAZOL CAPS 20MG X 30,Pharmacy,CAPSULES,PACK,,400,,1,1
6156000000000.00,PREDICTE OVULATION TEST  KIT,,PREDICTE OVULATION TEST  KIT,Pharmacy,,PACK,,2200,,1,1
6013255.00,PREDICTE PREGNACY TEST STRIP,,PREDICTE PREGNACY TEST STRIP   X 2,Pharmacy,,PACK,,490,,1,1
,pregesic,,PREGESIC TABS  X 10,Pharmacy,TABLETS,PACK,,240,,1,1
5021270000000.00,PREGNACARE BREAST FEEDING x 84,,PREGNACARE BREAST FEEDING X 84 TABS,Pharmacy,TABLETS,PACK,,7200,VITABIOTICS (NIGERIA) LTD.,1,1
5021270000000.00,PREGNACARE CONCEPTION x 30,,PREGNACARE CONCEPTION X 30 TABS,Pharmacy,TABLETS,PACK,,5100,VITABIOTICS (NIGERIA) LTD.,1,1
5021270000000.00,pregnacare his & her x 60,,PREGNACARE HIS & HER X 60 TABS,Pharmacy,TABLETS,PACK,,5555,,1,1
5021270000000.00,pregnacare max x 84,,PREGNACARE MAX X 84 TABS,Pharmacy,TABLETS,PACK,,11900,,1,1
5021270000000.00,PREGNACARE PLUS,,PREGNACARE PLUS CAPS X 56,Pharmacy,CAPSULES,PACK,,7430,,1,1
6009548.00,PREGNACARE STRETCHMARK CREAM,,PREGNACARE STRETCHMARK CREAM X 1,Pharmacy,,PACK,,3700,,1,1
5021270000000.00,PREGNACARE X 30,,PREGNACARE X 30 CAPS  [ENGLAND],Pharmacy,CAPSULES,PACK,,4350,,1,1
1007697.00,PREGNAD X 30,,PREGNAD X 30 CAPS,Pharmacy,CAPSULES,PACK,,250,,1,1
6012261.00,PrEGNAGAIN,,PREGNAGAIN TABS X 30,Pharmacy,TABLETS,PACK,,2700,,1,1
8904010000000.00,PREGNATONE X 30,,PREGNATONE X 30 CAPS,Pharmacy,CAPSULES,PACK,,1290,,1,1
6008686.00,PREGYA KIT,,PREGYA KIT TABS 400MCG,Pharmacy,TABLETS,PACK,,2100,,1,1
5010980000000.00,PREMARIN,Conjugated Estrogens,PREMARIN TABS 0.625MG X 28,Pharmacy,TABLETS,PACK,,11515,,1,1
4008500000000.00,primolut depot,,PRIMOLUT DEPOT INJ 250MG\1ML X 3,Pharmacy,INJECTION (SOLUTION),PACK,,950,,1,1
5349.00,PROCTOGLYVENOL,,PROCTOGLYVENOL SUPP 400MG X 7,Pharmacy,SUPPOSITORY,PACK,,5500,,1,1
6011891.00,PrOSTACARE,,PROSTACARE CAPS X 30,Pharmacy,CAPSULES,PACK,,4600,,1,1
6009203.00,prostagel x 30,,PROSTAGEL X 30 CAPS,Pharmacy,CAPSULES,PACK,,3500,,1,1
713757000000.00,prostrate defence x120,,PROSTRATE DEFENCE X120 CAPS,Pharmacy,CAPSULES,PACK,,5100,,1,1
15252.00,PROSURIN(TAMSOLUSIN HYDROCHLORIDE),,PROSURIN(TAMSOLUSIN HYDROCHLORIDE) TABS 400MCG,Pharmacy,TABLETS,PACK,,1450,,1,1
7966.00,PROVIMIN,,PROVIMIN X 30 CAPS,Pharmacy,CAPSULES,PACK,,1324,,1,1
4008500000000.00,PROVIRON X 20,,PROVIRON X 20 TABS,Pharmacy,TABLETS,PACK,,5800,,1,1
1007576.00,PROX,,PROX TABS,Pharmacy,TABLETS,PACK,,400,,1,1
1003435.00,PROXIMEXA,,PROXIMEXA TABS 250MG,Pharmacy,TABLETS,PACK,,1185,WWCVL (GSK),1,1
1003426.00,PROXIMEXA,Cefuroxime,PROXIMEXA TABS 500MG,Pharmacy,TABLETS,PACK,,2015,WWCVL (GSK),1,1
,pulse oximeter,,PULSE OXIMETER,Pharmacy,,PACK,,6000,E CHAPEL INT SERVICES LTD,1,1
6152110000000.00,PYLOREST,,PYLOREST TABS,Pharmacy,TABLETS,PACK,,8450,BIOFEM PHAMACEUTICAL (NIGERIA) LIMITED,1,1
8906040000000.00,PYROX COMBI,,PYROX COMBI TABS X 42,Pharmacy,TABLETS,PACK,,4900,,1,1
1007799.00,PYROX,,PYROX TABS 20MG X 14,Pharmacy,TABLETS,PACK,,700,,1,1
6011281.00,PYTHROCIN,,PYTHROCIN TABS 500MG X 10,Pharmacy,TABLETS,PACK,,1150,,1,1
,q-slep,,Q-SLEP CAPS X 10,Pharmacy,CAPSULES,PACK,,600,MAY & BAKER NIGERIA PLC,1,1
1007758.00,QCEPH X 100,,QCEPH X 100 TABS 500MG,Pharmacy,TABLETS,PACK,,850,,1,1
11019.00,QUINCEF X 10,,QUINCEF X 10 TABS 500MG,Pharmacy,TABLETS,PACK,,1000,,1,1
6012589.00,RABEDUS,,RABEDUS X 1,Pharmacy,,PACK,,550,,1,1
8409.00,RABILOC,,RABILOC TABS 20MG,Pharmacy,TABLETS,PACK,,755,,1,1
8904180000000.00,RADIKLO,Diclofenac Potassium,RADIKLO TABS 50MG,Pharmacy,TABLETS,PACK,,70,SEAGREEN PHARMACEUTICALS LTD.,1,1
6012264.00,RAMI SIRDIS,,RAMI SIRDIS TABS X 30,Pharmacy,TABLETS,PACK,,3000,,1,1
6008786.00,ramipril,,RAMIPRIL TABS 5MG X 28 {ACTAVIS},Pharmacy,TABLETS,PACK,,370,,1,1
6012384.00,ramipril,,RAMIPRIL TABS 5MG X 30 {SIVO},Pharmacy,TABLETS,PACK,,440,,1,1
6008918.00,RAMIVAN,,RAMIVAN TABS 300MG X 100,Pharmacy,TABLETS,PACK,,23,,1,1
6012322.00,RANICEF,Cefdinir,RANICEF TABS 300MG X 10,Pharmacy,TABLETS,PACK,,1900,,1,1
6480.00,RAPIDFLOX,,RAPIDFLOX TABS 500MG,Pharmacy,TABLETS,PACK,,560,,1,1
1003529.00,RE-VIVE,,RE-VIVE CAPS 400MG X 10,Pharmacy,CAPSULES,PACK,,4000,,1,1
6012681.00,REBIZOLE,Rabeprazole,REBIZOLE TABS 20MG X 10,Pharmacy,TABLETS,PACK,,290,,1,1
1007571.00,RED SEA COD LIVER OIL,,RED SEA COD LIVER OIL CAPS 1000MG X 30,Pharmacy,CAPSULES,PACK,,150,,1,1
,REDCOD CODLIVER OIL,,REDCOD CODLIVER OIL CAPS 300MG X 30,Pharmacy,CAPSULES,PACK,,300,SUITELIFE PHARMACEUTICALS LTD.,1,1
,REDMOND,,REDMOND EYE DROPS 5ML X 1,Pharmacy,EYE DROPS,PACK,,650,WORLDCARE PHARMA NIG LTD,1,1
1007551.00,REESHAPE X 30,,REESHAPE X 30 CAPS,Pharmacy,CAPSULES,PACK,,4020,,1,1
8906030000000.00,REGACAM,,REGACAM CAPS 20MG,Pharmacy,CAPSULES,PACK,,845,,1,1
6008942.00,RELIEFF,,RELIEFF TABS  X 50,Pharmacy,TABLETS,PACK,,4250,,50,1
6010894.00,reload immunity,,RELOAD IMMUNITY TABS X 120,Pharmacy,TABLETS,PACK,,6000,,1,1
615225000000.00,RELOAD KIDS,,RELOAD KIDS TABS,Pharmacy,TABLETS,PACK,,5800,,1,1
6012966.00,remal,,REMAL TABS 40MG/320MG X 9,Pharmacy,TABLETS,PACK,,450,,1,1
,RENO AMINO,Amino Acids,RENO AMINO CAPS X 30,Pharmacy,CAPSULES,PACK,,330,GLACK PHARM.LTD.,1,1
,RENOCAV,Amoxicillin and Clavulanate,RENOCAV TABS 625MG X 14,Pharmacy,TABLETS,PACK,,1050,E-MEC IMPEX COMPANY LTD,1,1
6013052.00,RENOFIT,,RENOFIT CAPS X 30,Pharmacy,CAPSULES,PACK,,700,,1,1
,renoga multivitamin,,RENOGA MULTIVITAMIN CAPS X 30,Pharmacy,CAPSULES,PACK,,350,GREAT LIFE ENTERPRISES,1,1
15049.00,reon x 30,,REON X 30 CAPS,Pharmacy,CAPSULES,PACK,,595,,1,1
1007632.00,RESPERIDOL,,RESPERIDOL TABS 2MG X 20,Pharmacy,TABLETS,PACK,,1160,,1,1
1009062.00,RETRAX,,RETRAX TABS X 3,Pharmacy,TABLETS,PACK,,175,,1,1
4917.00,REVITAL,,REVITAL CAPS X 30,Pharmacy,CAPSULES,PACK,,1650,,1,1
15337.00,RICE KRISPIES,,RICE KRISPIES MIXTURE 510G,Pharmacy,MIXTURE,PACK,,1715,,1,1
6013075.00,RiOTAB,,RIOTAB PESSARY X 6,Pharmacy,PESSARY,PACK,,700,,1,1
6012862.00,RoBEFENAC,,ROBEFENAC TABS X 10,Pharmacy,TABLETS,PACK,,480,,1,1
1001766.00,RoBINAX,,ROBINAX TABS 500MG,Pharmacy,TABLETS,PACK,,450,,1,1
8346.00,ROGOTINOR X 10,,ROGOTINOR  0.75MG TAB X 10,Pharmacy,TABLETS,PACK,,140,,1,1
1002836.00,ROLIP,,ROLIP TABS 10MG X 10,Pharmacy,TABLETS,PACK,,1970,,1,1
1008770.00,rolip,,ROLIP TABS 20MG X 10,Pharmacy,TABLETS,PACK,,2980,,1,1
1008768.00,rolip,,ROLIP TABS 5MG X 10,Pharmacy,TABLETS,PACK,,1220,,1,1
8901300000000.00,roliten,,ROLITEN TABS 2MG X 10,Pharmacy,TABLETS,PACK,,1800,,1,1
,ROSSMAX B.P MACHINE X5,,ROSSMAX B.P MACHINE X5 X 1,Pharmacy,,PACK,,32000,BERACHAH HEALTHCARE LTD,1,1
,ROSSMAX B.P MACHINE X9,,ROSSMAX B.P MACHINE X9 X 1,Pharmacy,,PACK,,74000,BERACHAH HEALTHCARE LTD,1,1
,rossmax glucometer machine,,ROSSMAX GLUCOMETER MACHINE X 1,Pharmacy,,PACK,,11000,BERACHAH HEALTHCARE LTD,1,1
,rossmax strip,,ROSSMAX STRIP X 50,Pharmacy,,PACK,,5800,BERACHAH HEALTHCARE LTD,1,1
,ROSSMAX Z1 B.P MACHINE,,ROSSMAX Z1 B.P MACHINE X 1,Pharmacy,,PACK,,15000,BERACHAH HEALTHCARE LTD,1,1
15437.00,ROSUCREST,,ROSUCREST TABS 10MG,Pharmacy,TABLETS,PACK,,1650,,1,1
6009304.00,rough rider condom,,ROUGH RIDER CONDOM X 1,Pharmacy,,PACK,,285,,1,1
6013058.00,ROXAREL,,ROXAREL TABS 10MG X 20,Pharmacy,TABLETS,PACK,,7000,,1,1
,roxirite,,ROXIRITE CAPLET 500MG X 10,Pharmacy,CAPLET,PACK,,1000,,1,1
8902290000000.00,RUfEDOL PLUS,,RUFEDOL PLUS CAPLET,Pharmacy,CAPLET,PACK,,140,,1,1
6013044.00,RUFEX,,RUFEX TABS 500MG X 10,Pharmacy,TABLETS,PACK,,850,,1,1
8901040000000.00,RYCIN,,RYCIN TABS 500MG,Pharmacy,TABLETS,PACK,,863,,1,1
1009073.00,SACOVITE,,SACOVITE CAPS X 30,Pharmacy,CAPSULES,PACK,,150,,1,1
6013049.00,SAFERIA,,SAFERIA CAPS 40MG/240MG X 12,Pharmacy,CAPSULES,PACK,,650,,1,1
6012766.00,SAFETY BOX,,SAFETY BOX X 1,Pharmacy,,PACK,,450,,1,1
6010503.00,SALBACEF(ceftriaxone & sulbactam),,SALBACEF(CEFTRIAXONE & SULBACTAM) INJ 1500MG X 1,Pharmacy,INJECTION (POWDER),PACK,,750,,1,1
6013318.00,SALBUTAMOL (TETA),,SALBUTAMOL (TETA) INHALER  X 1,Pharmacy,INHALER,PACK,,800,,1,1
6010350.00,salbutamol(MULTICOY),,SALBUTAMOL(MULTICOY) INHALER X 1,Pharmacy,INHALER,PACK,,725,,1,1
204689.00,SALMONELLA TYPHI TEST KIT,,SALMONELLA TYPHI TEST KIT,Pharmacy,,PACK,,13200,CODIX PHARMA LIMITED,1,1
6011592.00,scalp handle,,SCALP HANDLE X 1,Pharmacy,,PACK,,100,,1,1
6802.00,SCHERIPROCT x 12,,SCHERIPROCT X 12 SUPP,Pharmacy,SUPPOSITORY,PACK,,2810,,1,1
9447.00,SEA GLOW COD LIVER,,SEA GLOW COD LIVER CAPS 300MG,Pharmacy,CAPSULES,PACK,,790,,1,1
1008624.00,sectab x4,Secnidazole,SECTAB X4 TABS 500MG,Pharmacy,TABLETS,PACK,,295,,1,1
6034000000000.00,SECWID X 4,,SECWID X 4 TABS 500MG,Pharmacy,TABLETS,PACK,,490,,1,1
1007855.00,SEFZITIL,,SEFZITIL TABS 500MG,Pharmacy,TABLETS,PACK,,1295,,1,1
5013660000000.00,SELENIUM-ACE,,SELENIUM-ACE TABS  X 30,Pharmacy,TABLETS,PACK,,3150,,1,30
1007497.00,SENDINOR-2,,SENDINOR-2 TABS 75MG,Pharmacy,TABLETS,PACK,,205,,1,1
,SENSODYNE RAPID ACTION,,SENSODYNE RAPID ACTION  25G X 1,Pharmacy,,PACK,,250,WWCVL (GSK-CX),1,1
301730000000.00,SERETIDE DISKUS,,SERETIDE DISKUS  100MCG 60 DOSES,Pharmacy,,PACK,,3000,WWCVL (GSK),1,60 DOSES
301730000000.00,SERETIDE DISKUS,,SERETIDE DISKUS INHALER 250MCG X 1,Pharmacy,INHALER,PACK,,4075,WWCVL (GSK),1,60 DOSES
6009357.00,seretide evohaler,,SERETIDE EVOHALER  25/125MCG,Pharmacy,,PACK,,1765,WWCVL (GSK),1,1
6009358.00,seretide evohaler,,SERETIDE EVOHALER  25/50MCG,Pharmacy,,PACK,,1800,WWCVL (GSK),1,1
15486.00,SERVICE ( LOGISTICS),,SERVICE ( LOGISTICS)   X 1,Pharmacy,,PACK,,90,,1,1
6013185.00,SeRVICE CHARGE,,SERVICE CHARGE X 1,Pharmacy,,PACK,,50,,1,1
8902290000000.00,shal'artem forte x5,,SHAL'ARTEM FORTE X5 TABS,Pharmacy,TABLETS,PACK,,524,SHALINA HEALTHCARE NIGERIA LTD,1,1
6013074.00,SHAL'ArTEM,,SHAL'ARTEM TABS 20MG/120MG X 18,Pharmacy,TABLETS,PACK,,400,,1,1
6013012.00,SHAL'ArTEM,,SHAL'ARTEM TABS 20MG/120MG X 24,Pharmacy,TABLETS,PACK,,445,,1,1
8902290000000.00,SHALCIP TZ,,SHALCIP TZ TABS 500MG,Pharmacy,TABLETS,PACK,,250,,1,1
1007937.00,SILAPEN NIGHT (RICHYGOLD),,SILAPEN NIGHT (RICHYGOLD) CAPLET,Pharmacy,CAPLET,PACK,,165,,1,1
,SILDEX,Sildenafil,SILDEX TABS 100MG X 4,Pharmacy,TABLETS,PACK,,240,PHAMATEX IND.LTD.,1,1
6013205.00,silicon gel,,SILICON GEL X 1,Pharmacy,,PACK,,1500,,1,1
,SILVER SULPHADIAZINE(FIDSON),,SILVER SULPHADIAZINE(FIDSON) CREAM 25G X 1,Pharmacy,CREAM,PACK,,280,FIDSON HEALTHCARE PLC,1,1
6008827.00,SILYBON,,SILYBON TABS 70MG X 30,Pharmacy,TABLETS,PACK,,1900,,1,1
6008845.00,SILYBON X 30,,SILYBON X 30 CAPS 140MG,Pharmacy,CAPSULES,PACK,,2900,,1,1
5033850000000.00,SIMVASTATIN (DEXECL) 10MG TABS,Simvastatin,SIMVASTATIN (DEXECL) 10MG TABS,Pharmacy,,PACK,,320,,1,1
1000880.00,siprosan X 14,,SIPROSAN X 14 TABS 500MG,Pharmacy,TABLETS,PACK,,650,,1,1
6012377.00,SITEX,,SITEX TABS X 10,Pharmacy,TABLETS,PACK,,2500,,1,1
,SIVO PLUS,,SIVO PLUS TABS 80/480 X 6,Pharmacy,TABLETS,PACK,,320,,1,1
6013466.00,SIVOADFLUCONAZOLE,,SIVOADFLUCONAZOLE TABS 150MG X 10,Pharmacy,TABLETS,PACK,,350,,1,1
6013450.00,sivocefixime,,SIVOCEFIXIME TABS 200MG X 10,Pharmacy,TABLETS,PACK,,700,,1,1
6013449.00,sivocefixime,,SIVOCEFIXIME TABS 400MG X 10,Pharmacy,TABLETS,PACK,,950,,1,1
6013451.00,sivoclamthromycin,,SIVOCLAMTHROMYCIN TABS 500MG X 10,Pharmacy,TABLETS,PACK,,1350,,1,1
,SIVOOFLOXACIN,,SIVOOFLOXACIN TABS 400MG X 10,Pharmacy,TABLETS,PACK,,350,,1,1
6011163.00,SIVOROMYCIN,Azithromycin,SIVOROMYCIN TABS 500MG X 3,Pharmacy,TABLETS,PACK,,520,,1,1
6011420.00,SIVOROMYCIN,,SIVOROMYCIN TABS X 10,Pharmacy,TABLETS,PACK,,1350,,1,1
6012024.00,SIVOXICLAV,,SIVOXICLAV TABS 625MG X 14,Pharmacy,TABLETS,PACK,,850,,1,1
6311.00,skin traction kit,,SKIN TRACTION KIT (ADULT),Pharmacy,,PACK,,740,,1,1
6309.00,skin traction kit,,SKIN TRACTION KIT (CHILD),Pharmacy,,PACK,,750,,1,1
6012747.00,SLIZ,,SLIZ TABS 400MG X 1,Pharmacy,TABLETS,PACK,,270,,1,1
1007748.00,SLOXIN X 10,,SLOXIN X 10 TABS  {PHARMABASE},Pharmacy,TABLETS,PACK,,500,,1,1
8906040000000.00,SOLOTONE PLUS,,SOLOTONE PLUS CAPS,Pharmacy,CAPSULES,PACK,,550,,1,1
1000775.00,solotone,,SOLOTONE TABS,Pharmacy,TABLETS,PACK,,165,,1,1
5843.00,soluset,,SOLUSET,Pharmacy,,PACK,,800,,1,1
6009174.00,spanish fly,,SPANISH FLY X 1,Pharmacy,,PACK,,3400,,1,1
9047.00,SPARDIUM,sparfloxacin,SPARDIUM TABS 500MG X 10,Pharmacy,TABLETS,PACK,,1420,,1,1
1007970.00,SPARFAN,sparfloxacin,SPARFAN TABS,Pharmacy,TABLETS,PACK,,400,,1,1
6012813.00,SPARFLOXACIN,,SPARFLOXACIN (MULTICOY)  TABS  X 10,Pharmacy,TABLETS,PACK,,750,,1,1
6010744.00,spectrazole,,SPECTRAZOLE CAPS 20MG X 10,Pharmacy,CAPSULES,PACK,,150,,1,1
6009637.00,spermboom x 20,,SPERMBOOM X 20 CAPS,Pharmacy,CAPSULES,PACK,,2700,,1,1
6013035.00,SPERSALLERGE,,SPERSALLERGE EYE DROPS X 1,Pharmacy,EYE DROPS,PACK,,2610,,1,1
6012586.00,SPEXACIN-OZ,,SPEXACIN-OZ TABS  X 10,Pharmacy,TABLETS,PACK,,640,,1,1
1008867.00,SPIZEF 250MG TAB X 10,,SPIZEF 250MG TAB X 10,Pharmacy,,PACK,,970,,1,1
1009082.00,SPIZEF,Cefuroxime,SPIZEF TABS 500MG X 10,Pharmacy,TABLETS,PACK,,1120,,1,1
6011279.00,SPORA-DERM,,SPORA-DERM CAPS 100MG X 10,Pharmacy,CAPSULES,PACK,,2000,,1,1
6012801.00,SPORANOX,,SPORANOX CAPS 100MG X 15,Pharmacy,CAPSULES,PACK,,5486,,1,1
4924.00,Sporidex,Cephalexin,SPORIDEX CAPS 250MG X 10,Pharmacy,CAPSULES,PACK,,660,,1,1
8901300000000.00,SPORIDEX,Cephalexin,SPORIDEX CAPS 500MG X 10,Pharmacy,CAPSULES,PACK,Antibacterials ,900,,1,1
,STALONG,,STALONG TABS 10MG X 4,Pharmacy,TABLETS,PACK,,350,SWISS PHARMA NIG. LTD.,1,1
,STALONG,,STALONG TABS 20MG X 4,Pharmacy,TABLETS,PACK,,500,SWISS PHARMA NIG. LTD.,1,1
1007793.00,STAVLAN,,STAVLAN CAPS,Pharmacy,CAPSULES,PACK,,500,,1,1
,STC 30,,STC 30 CAPS  X 1,Pharmacy,CAPSULES,PACK,,22000,,1,1
6010533.00,STILBOESTROL,,STILBOESTROL TABS 5MG X 10,Pharmacy,TABLETS,PACK,,2000,,1,1
4009930000000.00,stozzon,,STOZZON TABS,Pharmacy,TABLETS,PACK,,970,AGARY PHARMACEUTICALS LIMITED,1,1
205151000000.00,STRESS PACK,,STRESS PACK (NATURE MADE)  TABS,Pharmacy,TABLETS,PACK,,3200,,1,1
1000547.00,Sudrex,,SUDREX TABS X 20,Pharmacy,TABLETS,PACK,,280,,1,1
,SUITROX,,SUITROX TABS 250MG X 6,Pharmacy,TABLETS,PACK,,1900,,1,1
,suitrox,,SUITROX TABS 500MG X 3,Pharmacy,TABLETS,PACK,,1850,,1,1
6313.00,SULBUMOL,Salbutamol,SULBUMOL (EVANS) INHALER  200 DOSES,Pharmacy,INHALER,PACK,,470,,1,200 doses
6012607.00,SUMATRIPTAN,,SUMATRIPTAN (POM)  TABS 50MG X 6,Pharmacy,TABLETS,PACK,,2500,,1,1
6012178.00,SUMETHER-PLUS,,SUMETHER-PLUS TABS  X 6,Pharmacy,TABLETS,PACK,,280,,1,1
8902290000000.00,SUPER APETI PLUS,,SUPER APETI PLUS TABS  X 20,Pharmacy,TABLETS,PACK,,90,,1,1
8902290000000.00,SUPER APETI,,SUPER APETI TABS 4MG X 20,Pharmacy,TABLETS,PACK,,80,,1,1
6009852.00,super seas 1000mg x 30,,SUPER SEAS 1000MG X 30 CAPS,Pharmacy,CAPSULES,PACK,,550,,1,1
6011517.00,SUPERGESIC,,SUPERGESIC TABS  X 10,Pharmacy,TABLETS,PACK,,260,,1,1
6012075.00,supermentin,,SUPERMENTIN TABS 625MG X 14,Pharmacy,TABLETS,PACK,,1060,,1,1
1007731.00,SUPRALIVRON X 10,,SUPRALIVRON X 10 TABS,Pharmacy,TABLETS,PACK,,100,,1,1
1007444.00,SUPRAMULT AMINO X 30,,SUPRAMULT AMINO X 30 CAPS X 1,Pharmacy,CAPSULES,PACK,,650,,1,1
8806040000000.00,SUPRAMULT- PLUS,,SUPRAMULT- PLUS CAPS X 30,Pharmacy,CAPSULES,PACK,,2180,,1,1
6009580.00,sure slim,,SURE SLIM TABS X 60,Pharmacy,TABLETS,PACK,,6100,,1,1
6013411.00,SWICLONE,,SWICLONE TABS 7.5MG X 14,Pharmacy,TABLETS,PACK,,950,,1,1
1000079.00,swidar,Sulfadoxine and Pyrimethamine,SWIDAR TABS 500/25MG X 3,Pharmacy,TABLETS,PACK,,250,,1,1
1000253.00,SWIDON,Nitrazepam,SWIDON TABS 5MG X 1,Pharmacy,TABLETS,PACK,,425,,1,10
8906040000000.00,SWISEC,,SWISEC TABS 500MG X 4,Pharmacy,TABLETS,PACK,,330,,1,1
8901300000000.00,SYNRIAM,,SYNRIAM TABS 750MG X 1,Pharmacy,TABLETS,PACK,,1150,RANBAXY,1,1
6012281.00,t-bet,,T-BET EYE DROPS X 1,Pharmacy,EYE DROPS,PACK,,4500,,1,1
125478.00,T-MAX,,T-MAX TABS 20MG,Pharmacy,TABLETS,PACK,,700,,1,1
6012721.00,T-MYCIN,,T-MYCIN EYE DROPS X 1,Pharmacy,EYE DROPS,PACK,,630,,1,1
8271.00,TABLE SPHYGMOMETER,,TABLE SPHYGMOMETER,Pharmacy,,PACK,,9300,,1,1
1007644.00,TADAKICK,,TADAKICK TABS,Pharmacy,TABLETS,PACK,,950,,1,1
,Tadalafi(ralphones),,TADALAFI(RALPHONES) TABS 20MG X 6,Pharmacy,TABLETS,PACK,,650,RALPHONES PHARMACEUTICALS,1,1
8901120000000.00,TADALIS,,TADALIS TABS 10MG X 4,Pharmacy,TABLETS,PACK,,920,,1,1
8901120000000.00,TADALIS,,TADALIS TABS 20MG,Pharmacy,TABLETS,PACK,,1530,,1,1
1007860.00,TAGACURE X 20,Cimetidine,TAGACURE X 20 TABS 200MG,Pharmacy,TABLETS,PACK,,260,,1,1
1007859.00,TAGACURE X 20,,TAGACURE X 20 TABS 400MG,Pharmacy,TABLETS,PACK,,400,,1,1
6013046.00,TAMAFAST,,TAMAFAST TABS 50MG X 10,Pharmacy,TABLETS,PACK,,110,,1,1
3582910000000.00,Tarivid x 10,,TARIVID X 10 TABS 200MG,Pharmacy,TABLETS,PACK,,2345,,1,1
6010883.00,TAVANIC,,TAVANIC TABS 500MG X 5,Pharmacy,TABLETS,PACK,,5300,,1,1
8319.00,TAVON'S COD LIVER OIL X 30,,TAVON'S COD LIVER OIL X 30 CAPS 300MG,Pharmacy,CAPSULES,PACK,,150,,1,1
6008972.00,taxoflox-ox,,TAXOFLOX-OX TABS 100MG X 1,Pharmacy,TABLETS,PACK,,1100,,1,1
1001952.00,TECOTRIM,,TECOTRIM TABS 960MG,Pharmacy,TABLETS,PACK,,185,,1,1
6152110000000.00,TEETHING,,TEETHING POWDER  X 6,Pharmacy,POWDER,PACK,,1680,,6,1
6012628.00,TELUFAN,Artemether+Lumefantrine,TELUFAN TABS 20MG/120MG X 24,Pharmacy,TABLETS,PACK,,395,,1,1
6012627.00,TELUFAN,,TELUFAN TABS 80MG/480MG X 6,Pharmacy,TABLETS,PACK,,380,,1,1
5655680000000.00,tenex x 10,,TENEX X 10 CAPS 20MG,Pharmacy,CAPSULES,PACK,,500,,1,1
6010488.00,TENOFOVIR DISOPROXIL X 30,,TENOFOVIR DISOPROXIL X 30  300MG,Pharmacy,,PACK,,5400,,1,1
6011344.00,TENOFOVIR WITH LAMIVUDINE,,TENOFOVIR WITH LAMIVUDINE TABS X 1,Pharmacy,TABLETS,PACK,,3200,,1,1
258582.00,TENOGESIK,,TENOGESIK TABS 20MG X 1,Pharmacy,TABLETS,PACK,,825,OMAK PHARMCETICIALS LTD,1,1
1000885.00,TENOKSAN X 10,,TENOKSAN 20MG CAP X 10,Pharmacy,CAPSULES,PACK,,955,,1,1
5000460000000.00,Tenoretic X 14,Atenolol and Chlorthalidone,TENORETIC X 14 TABS 100MG,Pharmacy,TABLETS,PACK,,3900,WWCVL (ASTRAZENICA),1,1
7029.00,TERBIMAX,,TERBIMAX TABS 250MG X 10,Pharmacy,TABLETS,PACK,,1970,,1,1
5036070000000.00,TERBINAFIN,,TERBINAFIN TABS 250MG X 28,Pharmacy,TABLETS,PACK,,1700,,1,1
,tevanac,,TEVANAC EYE DROPS 5ML X 1,Pharmacy,EYE DROPS,PACK,,1200,OPTIVISION LIMITED,1,1
,THERAMIN,,THERAMIN CAPS X 20,Pharmacy,CAPSULES,PACK,,1700,EVANS THERAPEUTICS,1,1
1007402.00,THERMAL PRINTER,,THERMAL PRINTER,Pharmacy,,PACK,,32500,,1,1
6012507.00,THERMOGEL,,THERMOGEL   X 1,Pharmacy,,PACK,,3000,,1,1
8978.00,THIOCAL 12,,THIOCAL 12 CAPS X 30,Pharmacy,CAPSULES,PACK,,184,THERAPEUTIC LABORATORIES(NIGERIA) LTD.,1,1
,thromycin oint.,,THROMYCIN OINT.   X 1,Pharmacy,,PACK,,380,DRUGFIELD PHARMACEUTICALS LIMITED,1,1
6012880.00,TIMOLOL,,TIMOLOL (ALPA)  EYE DROPS 1OML,Pharmacy,EYE DROPS,PACK,,1100,,1,1
,TIMOLOL(HOVID),,TIMOLOL(HOVID) EYE DROPS 5ML X 1,Pharmacy,EYE DROPS,PACK,,900,PHAMATEX NIG. LTD.,1,1
11025.00,TINDEX,,TINDEX TABS X 4,Pharmacy,TABLETS,PACK,,50,,1,1
6008887.00,TINIFLOXACIN X 10,,TINIFLOXACIN X 10 TABS,Pharmacy,TABLETS,PACK,,650,,1,1
6013409.00,TINIFLOXACIN X 20,,TINIFLOXACIN X 20 TABS  200MG,Pharmacy,TABLETS,PACK,,1250,,1,200MG
6012041.00,tinipax,,TINIPAX TABS 30MG/500MG/500MG X 42,Pharmacy,TABLETS,PACK,,1500,,1,1
,tinizol,,TINIZOL TABS 500MG X 4,Pharmacy,TABLETS,PACK,,120,,1,1
,TIXXA,Diclofenac Sodium\ Misoprostol,TIXXA EYE DROPS 10ML X 1,Pharmacy,EYE DROPS,PACK,,600,OPTIVISION LIMITED,1,1
,TOBRALIN,Tobramycin,TOBRALIN EYE DROPS 10ML X 1,Pharmacy,EYE DROPS,PACK,,650,OPTIVISION LIMITED,1,1
,TOPMAL,Artemether+Lumefantrine,TOPMAL TABS 20/120MG X 12,Pharmacy,TABLETS,PACK,,180,SOCIETY FOR FAMILY HEALTH,1,1
,TOPMAL,Artemether+Lumefantrine,TOPMAL TABS 20/120MG X 6,Pharmacy,TABLETS,PACK,,170,SOCIETY FOR FAMILY HEALTH,1,1
,TOPSEA,,TOPSEA TABS 20/120 X 24,Pharmacy,TABLETS,PACK,,310,,1,1
,TOPSEA,,TOPSEA TABS 20/120MG X 12,Pharmacy,TABLETS,PACK,,250,GREAT LIFE ENTERPRISES,1,1
6009187.00,TOROLAC,,TOROLAC EYE DROPS,Pharmacy,EYE DROPS,PACK,,1000,,1,1
8588.00,traflash X10,,TRAFLASH X10 CAPS 100MG,Pharmacy,CAPSULES,PACK,,400,,1,1
8587.00,traflash X10,,TRAFLASH X10 CAPS 50MG,Pharmacy,CAPSULES,PACK,,220,,1,1
8362.00,TRAMADEX,,TRAMADEX CAPS 50MG X 10,Pharmacy,CAPSULES,PACK,,250,,1,1
1007496.00,TRAMADOL (NCI),,TRAMADOL (NCI) CAPS X 10,Pharmacy,CAPSULES,PACK,,65,,1,1
1008531.00,tramadol (rgi),,TRAMADOL (RGI) CAPLET 50MG X 10,Pharmacy,CAPLET,PACK,,1200,,1,1
9158.00,TRAMADOL 100MG,,TRAMADOL 100MG (RGI)  CAPS X 10,Pharmacy,CAPSULES,PACK,,650,,1,1
10715.00,TRAMADOL X 10,,TRAMADOL X 10 (GOLD MOORE)  CAPS,Pharmacy,CAPSULES,PACK,,230,,1,1
9938.00,Tramal,,TRAMAL CAPS 100MG X 10,Pharmacy,CAPSULES,PACK,,1500,,1,1
1000251.00,Tramal,Tramadol,TRAMAL CAPS 50MG X 10,Pharmacy,CAPSULES,PACK,,1400,,1,1
8906060000000.00,TRAMED,,TRAMED CAPS 50MG X 10,Pharmacy,CAPSULES,PACK,,42,GENEITH PHARM. LIMITED,1,1
6010638.00,TRAVATAN(PARALLEL),,TRAVATAN(PARALLEL) EYE DROPS X 1,Pharmacy,EYE DROPS,PACK,,4800,,1,1
2580045.00,TRAXAMIN CAP,,TRAXAMIN CAP CAPS 500MG,Pharmacy,CAPSULES,PACK,,2800,HEALTHAGE NIGERIA LIMITED,1,1
6012925.00,TREXIP-TZ,,TREXIP-TZ TABS  X 10,Pharmacy,TABLETS,PACK,,725,,1,1
6010346.00,TRIAXIN,,TRIAXIN INJ X 1,Pharmacy,INJECTION (POWDER),PACK,,360,,1,1
1007850.00,TRIOKIT,,TRIOKIT TABS,Pharmacy,TABLETS,PACK,,700,,1,1
6012057.00,TRIPLE FLEX(NATURE MADE),,TRIPLE FLEX(NATURE MADE) CAPLET X 50,Pharmacy,CAPLET,PACK,,2300,,1,1
3582910000000.00,TRITACE x 30,Ramipril,TRITACE X 30 TABS 5MG,Pharmacy,TABLETS,PACK,,5065,AGARY PHARMACEUTICALS LIMITED,1,1
6008685.00,TROXONE FORTE,,TROXONE FORTE INJ 1G,Pharmacy,INJECTION (POWDER),PACK,,600,,1,1
11060.00,TYPHOID TEA,,TYPHOID TEA   X 1,Pharmacy,,PACK,,865,,1,1
6009555.00,typhoid vaccine,,TYPHOID VACCINE (MULTICOY)  INJ 0.5ML,Pharmacy,INJECTION (POWDER),PACK,,10000,,1,1
6012765.00,ugobisunate,,UGOBISUNATE TABS 20MG/120MG X 6,Pharmacy,TABLETS,PACK,,210,,1,1
6537.00,ULCERTRET,,ULCERTRET CAPS 20MG,Pharmacy,CAPSULES,PACK,,525,,1,1
1002096.00,ULSAKIT,,ULSAKIT CAPS,Pharmacy,CAPSULES,PACK,,4950,ZOLON HEALTHCARE LIMITED,1,1
9548.00,ULTFEN,,ULTFEN TABS 400MG X 10,Pharmacy,TABLETS,PACK,,45,,1,1
,umron b.p monitor,,UMRON B.P MONITOR   X 1,Pharmacy,,PACK,,10500,,1,1
,UNABEN-C,,UNABEN-C CAPLET 200MG X 40,Pharmacy,CAPLET,PACK,,2400,,40,2
4760.00,UNABEN-C,,UNABEN-C TABS 400MG X 20,Pharmacy,TABLETS,PACK,,2600,,20,1
5006.00,UNASYN,,UNASYN TABS 375MG X 1,Pharmacy,TABLETS,PACK,,1150,,1,10
,UNIFLOX,,UNIFLOX CAPLET 500MG X 10,Pharmacy,CAPLET,PACK,,180,,1,1
,UNIVAL,,UNIVAL TABS 5MG X 10,Pharmacy,TABLETS,PACK,,400,SWISS PHARMA NIG. LTD.,1,1
6009300.00,unoflox x 10,,UNOFLOX X 10 TABS 500MG,Pharmacy,TABLETS,PACK,,200,,1,1
1008582.00,upbion,,UPBION CAPLET X 10,Pharmacy,CAPLET,PACK,,420,,1,1
5445.00,UPDYN,,UPDYN CAPS X 30,Pharmacy,CAPSULES,PACK,,310,,1,1
1008583.00,upfenac,,UPFENAC CAPS X 12,Pharmacy,CAPSULES,PACK,,850,,1,1
8904180000000.00,upfine x 30,,UPFINE X 30 CAPS,Pharmacy,CAPSULES,PACK,,255,,1,1
6008684.00,UPLUFA PLUS,,UPLUFA PLUS CAPS 40/240MG,Pharmacy,CAPSULES,PACK,,1050,AWARD GLOBAL COMPANY LTD.,1,1
8906040000000.00,upxin x 10,,UPXIN X 10 CAPS,Pharmacy,CAPSULES,PACK,,1050,AWARD GLOBAL COMPANY LTD.,1,1
,URSOLIV,,URSOLIV CAPS X 50,Pharmacy,CAPSULES,PACK,,9500,MEGA LIFESCIENCE NIGERIA LIMITED,1,1
6009160.00,use & press teeth solution,,USE & PRESS TEETH SOLUTION X 1,Pharmacy,,PACK,,315,,1,1
15070.00,VALTREX,,VALTREX TABS 500MG X 1,Pharmacy,TABLETS,PACK,,9442,HONEY SPECIAL,1,10
1007436.00,VALTREX,,VALTREX TABS X 42,Pharmacy,TABLETS,PACK,,8998,HONEY SPECIAL,1,1
1002234.00,VAM VIRA x 14,,VAM VIRA X 14 CAPS 20MG,Pharmacy,CAPSULES,PACK,,240,,1,1
9110.00,VAMACAP,,VAMACAP CAPS 400MG X 10,Pharmacy,CAPSULES,PACK,,290,,1,1
1001554.00,VAMIRON,,VAMIRON CAPS X 30,Pharmacy,CAPSULES,PACK,,255,TUYIL PHARMACEUTICAL INDUSTRIES LTD.,1,1
6008757.00,VaSTAREL,,VASTAREL TABS 35MG X 30,Pharmacy,TABLETS,PACK,,2390,,1,1
,VATROP,Atropine,VATROP EYE DROPS 10ML X 1,Pharmacy,EYE DROPS,PACK,,400,FANYVAL VISIONS LIMITED,1,1
6012886.00,VAZEL KIT,,VAZEL KIT X 1,Pharmacy,,PACK,,1450,,1,1
8906050000000.00,VEGA,,VEGA TABS 100MG X 4,Pharmacy,TABLETS,PACK,,240,,1,1
11413.00,VEMATONE,,VEMATONE CAPS X 30,Pharmacy,CAPSULES,PACK,,260,,1,1
6012852.00,VENASIL,,VENASIL TABS 100MG X 4,Pharmacy,TABLETS,PACK,,120,,1,1
6012698.00,VENNAT,,VENNAT TABS 100MG X 4,Pharmacy,TABLETS,PACK,,220,,1,1
6010855.00,VENTOLIN ROTACAP,,VENTOLIN ROTACAP  200MCG X 1,Pharmacy,,PACK,,3800,,1,1
6011932.00,VERAGIN,,VERAGIN CAPS  X 30,Pharmacy,CAPSULES,PACK,,360,,1,1
6047.00,VERASHINE,,VERASHINE CAPS X 30,Pharmacy,CAPSULES,PACK,,330,,1,1
9200.00,VERAVITE FORTE,,VERAVITE FORTE CAPS X 30,Pharmacy,CAPSULES,PACK,,300,,1,1
1001415.00,VERMOX,Mebendazole,VERMOX TABS 100MG X 6,Pharmacy,TABLETS,PACK,,445,,1,1
1219.00,VERMOX,Mebendazole,VERMOX TABS 500MG,Pharmacy,TABLETS,PACK,,455,,1,1
6012212.00,VEROLAB(ANTIRABIES),,VEROLAB(ANTIRABIES) INJ  0.5ML,Pharmacy,INJECTION (SOLUTION),PACK,,4300,,1,0.5ML
1007555.00,VI BOOST E,,VI BOOST E CAPS,Pharmacy,CAPSULES,PACK,,700,,1,1
1007564.00,VIAGRA,,VIAGRA TABS 100MG,Pharmacy,TABLETS,PACK,,1600,WWCVL (PFIZER),1,1
1000640.00,VIAGRA X 4,Sildenafil,VIAGRA X 4 (PFIZER)  TABS 50MG,Pharmacy,TABLETS,PACK,,4435,WWCVL (PFIZER),1,1
1007636.00,VIGOMAX FORTE,,VIGOMAX FORTE TABS,Pharmacy,TABLETS,PACK,,2350,VIGOMAX FORTE,1,1
1007643.00,VIGOMAX FORTE,,VIGOMAX FORTE X 10,Pharmacy,,PACK,,1500,,1,1
8906000000000.00,VIGOR,,VIGOR CAPS X 30,Pharmacy,CAPSULES,PACK,,330,,1,1
6013400.00,vigor chocolate,,VIGOR CHOCOLATE   X 1,Pharmacy,,PACK,,1300,,1,1
6013483.00,VILGET,,VILGET TABS 50MG X 1,Pharmacy,TABLETS,PACK,,3000,,1,1
6013482.00,VILGET- M,,VILGET- M TABS 50/1000MG X 1,Pharmacy,TABLETS,PACK,,1850,,1,1
1009121.00,VINAQUIN FORTE 221,,VINAQUIN FORTE 221 CAPS 400MG X 5,Pharmacy,CAPSULES,PACK,,210,,1,1
6012323.00,vioplex-t,,VIOPLEX-T SPRAY X 1,Pharmacy,SPRAY,PACK,,1600,,1,1
6011527.00,ViORYL  SIZE 2/0,,VIORYL  SIZE 2/0 X 12,Pharmacy,,PACK,,4000,,1,1
6012882.00,ViORYL SIZE 0,,VIORYL SIZE 0 X 12,Pharmacy,,PACK,,4000,,1,1
6013197.00,vioryl size 1,,VIORYL SIZE 1 X 12,Pharmacy,,PACK,,4000,,1,1
6011525.00,ViORYL SIZE 2,,VIORYL SIZE 2 X 12,Pharmacy,,PACK,,4000,,1,1
6012263.00,ViSIOGAIN,,VISIOGAIN TABS X 30,Pharmacy,TABLETS,PACK,,2570,,1,1
5021270000000.00, m,,VISIONACE CAPS  X 30,Pharmacy,CAPSULES,PACK,,3700,,1,30
,VISIONACE MAX,,VISIONACE MAX CAPS X 56,Pharmacy,CAPSULES,PACK,,9500,,1,1
5021270000000.00,VISIONACE plus x 56,,VISIONACE PLUS X 56 TABS,Pharmacy,TABLETS,PACK,,6860,,1,1
6008742.00,VISIONACE,,VISIONACE TABS  X 30,Pharmacy,TABLETS,PACK,,3550,,1,1
,VISKART,,VISKART INJ  X 1,Pharmacy,INJECTION (SOLUTION),PACK,,530,VISKO PHARMACY LTD,1,1
6012629.00,VISPADIN,Olopatadine,VISPADIN EYE DROPS 5ML,Pharmacy,EYE DROPS,PACK,,700,,1,1
,VISPRID,,VISPRID CAPS 2OMG X 1,Pharmacy,CAPSULES,PACK,,300,VISKO PHARMACY LTD,1,1
6156000000000.00,VISTULENT,,VISTULENT EYE DROPS,Pharmacy,EYE DROPS,PACK,,1250,DRUGFIELD PHARMACEUTICALS LIMITED,1,1
14864.00,VITAGOLD X 30,,VITAGOLD X 30 CAPS,Pharmacy,CAPSULES,PACK,,200,,1,1
8906050000000.00,VITAL COD LIVER OIL,,VITAL COD LIVER OIL CAPS 1000MG X 30,Pharmacy,CAPSULES,PACK,,390,,1,1
8906040000000.00,VITAMIN A X 30,,VITAMIN A X 30 (EVERDESTINY)  CAPS,Pharmacy,CAPSULES,PACK,,600,,1,1
9019.00,VITAMIN A X 30,,VITAMIN A X 30 CAPS  {CAMPHARM},Pharmacy,CAPSULES,PACK,,580,,1,1
,vitamin c & glucose,,VITAMIN C & GLUCOSE (CECE)  TABS 150MG+50MG X 24,Pharmacy,TABLETS,PACK,,200,MAYDON PHARMACEUTICALS & CHEMICAL CO.LTD,1,1
,VITAMIN D3(NHP),,VITAMIN D3(NHP) TABS 10000IU X 30,Pharmacy,TABLETS,PACK,,4500,"NEW HEIGHTS PHARMA, LTD.",1,1
,VITAMIN D3(NHP),,VITAMIN D3(NHP) TABS 50000IU X 15,Pharmacy,TABLETS,PACK,,6500,"NEW HEIGHTS PHARMA, LTD.",1,1
6011902.00,vitamin e,,VITAMIN E CAPS 400IU X 30 {VITANE},Pharmacy,CAPSULES,PACK,,1095,,1,1
1007689.00,VITAMIN E,,VITAMIN E CAPS 400MG {NEROS},Pharmacy,CAPSULES,PACK,,2400,,1,1
6010315.00,ViTAMIN E(EVER DESTINY) X 20,,VITAMIN E(EVER DESTINY) X 20 CAPS,Pharmacy,CAPSULES,PACK,,530,,1,1
8902500000000.00,Vitapro,,VITAPRO TABS 500MG X 10,Pharmacy,TABLETS,PACK,,240,,1,1
1007517.00,VITARICH X 30,,VITARICH X 30 CAPS,Pharmacy,CAPSULES,PACK,,120,,1,1
1008772.00,VITAVITE,,VITAVITE CAPS X 30,Pharmacy,CAPSULES,PACK,,860,,1,1
6009257.00,vitona plus x 12,,VITONA PLUS X 12 TABS,Pharmacy,TABLETS,PACK,,1170,,1,1
,VITROMAX,moxifloxacin,VITROMAX EYE DROPS 10ML X 1,Pharmacy,EYE DROPS,PACK,,1100,OPTIVISION LIMITED,1,1
2701.00,VOLTAREN RETARD  x 10,Diclofenac,VOLTAREN RETARD  X 10 TABS 100MG,Pharmacy,TABLETS,PACK,,9000,,1,1
6011678.00,VOLVENAC-P,,VOLVENAC-P TABS 50/500MG X 10,Pharmacy,TABLETS,PACK,,720,,1,1
,vomistat 8,Ondansetron,VOMISTAT 8 TABS 8MG X 10,Pharmacy,TABLETS,PACK,,450,GENERIC &SPECIALITIES LIMITED,1,1
6152110000000.00,Waipa ACT,,WAIPA ACT TABS X 12,Pharmacy,TABLETS,PACK,,455,,1,1
6010768.00,walking frame tyre,,WALKING FRAME TYRE X 1,Pharmacy,,PACK,,12000,,1,1
6010767.00,walking stick,,WALKING STICK X 1,Pharmacy,,PACK,,6750,,1,1
6011278.00,WAXNIL EAR DROP,,WAXNIL EAR DROP X 1,Pharmacy,,PACK,,350,,1,1
6010770.00,weighing scale s/s,,WEIGHING SCALE S/S X 1,Pharmacy,,PACK,,4900,,1,1
6009279.00,weighing scale(camry),,WEIGHING SCALE(CAMRY) X 1,Pharmacy,,PACK,,5150,,1,1
6008911.00,weighing scale(hanson) x 1,,WEIGHING SCALE(HANSON) X 1,Pharmacy,,PACK,,2800,,1,1
15051.00,welfil,Sildenafil,WELFIL TABS 20MG,Pharmacy,TABLETS,PACK,,100,,1,1
6012273.00,WELL KID CALCIUM,,WELL KID CALCIUM SYR X 1,Pharmacy,SYRUP,PACK,,1950,,1,1
5021270000000.00,WELL MAN MAX,,WELL MAN MAX TABS X 84,Pharmacy,TABLETS,PACK,,7900,,1,1
5021270000000.00,WELL MAN PLUS OMEGA 3.6.9 x 56,,WELL MAN PLUS OMEGA 3.6.9 X 56 CAPS,Pharmacy,CAPSULES,PACK,,6700,,1,1
5021270000000.00,WELL WOMAN 3.6.9,,WELL WOMAN 3.6.9 CAPS X 56,Pharmacy,CAPSULES,PACK,,6900,VITABIOTICS (NIGERIA) LTD.,1,1
5021270000000.00,well woman max x 84,,WELL WOMAN MAX X 84 TABS,Pharmacy,TABLETS,PACK,,7900,VITABIOTICS (NIGERIA) LTD.,1,1
5021270000000.00,WELL WOMAN SPORT,,WELL WOMAN SPORT TABS X 1,Pharmacy,TABLETS,PACK,,2200,,1,1
1007905.00,WELL-BEING BMP MACHINE,,WELL-BEING BMP MACHINE,Pharmacy,,PACK,,16200,,1,1
8906040000000.00,WELLOVIT OMEGA,,WELLOVIT OMEGA CAPS,Pharmacy,CAPSULES,PACK,,5500,,1,1
6010765.00,wheel chair,,WHEEL CHAIR X 1,Pharmacy,,PACK,,33995,,1,1
6010766.00,wheel chair(COMODO),,WHEEL CHAIR(COMODO) X 1,Pharmacy,,PACK,,43995,,1,1
1007635.00,winforce,,WINFORCE TABS 20MG,Pharmacy,TABLETS,PACK,,1000,MEGA LIFESCIENCE NIGERIA LIMITED,1,1
6010785.00,WINTHROP,,WINTHROP TABS 100MG/270MG X 6,Pharmacy,TABLETS,PACK,,230,,1,1
6013174.00,WOOGA,Sildenafil,WOOGA TABS 100MG X 4,Pharmacy,TABLETS,PACK,,80,,1,1
6009123.00,worm elixir,,WORM ELIXIR SYR X 1,Pharmacy,SYRUP,PACK,,62.5,,1,1
1007947.00,wormtel,Albendazole,WORMTEL TABS X 1,Pharmacy,TABLETS,PACK,,50,,1,1
6013138.00,XALATAN,,XALATAN (PARALLEL)  EYE DROPS X 1,Pharmacy,EYE DROPS,PACK,,1600,,1,1
6013158.00,XARELTO,,XARELTO TABS 10MG X 10,Pharmacy,TABLETS,PACK,,11000,,1,1
,XARELTO,,XARELTO TABS 15MG X 14,Pharmacy,TABLETS,PACK,,14500,,1,1
6012204.00,XARELTO,,XARELTO TABS 20MG X 14,Pharmacy,TABLETS,PACK,,17000,,1,1
6013346.00,XATRAL XL,,XATRAL XL  10MG X 30,Pharmacy,,PACK,,3500,,1,1
6012199.00,XENOBREX,,XENOBREX CAPS 200MG X 10,Pharmacy,CAPSULES,PACK,,770,,1,1
6009189.00,XONADINE,,XONADINE TABS 120MG X 10,Pharmacy,TABLETS,PACK,,520,,1,1
6009183.00,XONADINE X 10,,XONADINE X 10 TABS 180MG,Pharmacy,TABLETS,PACK,,1100,,1,1
1007580.00,XTENDA-20,,XTENDA-20 TABS 20MG,Pharmacy,TABLETS,PACK,,1250,,1,1
6008969.00,XTRA LARGE X 30,,XTRA LARGE X 30 CAPS,Pharmacy,CAPSULES,PACK,,1700,,1,1
6010908.00,XYLO ACINO,,XYLO ACINO NASAL DROPS 0.1 X 1,Pharmacy,NASAL DROPS,PACK,,1750,,1,1
6010902.00,XYLO ACINO,,XYLO ACINO NASAL SPRAY 0.05 X 1,Pharmacy,NASAL SPRAY,PACK,,1750,,1,1
6012980.00,xylone,,XYLONE NASAL DROPS X 1,Pharmacy,NASAL DROPS,PACK,,450,,1,1
5468.00,XYLOPROCT,,XYLOPROCT SUPP X 10,Pharmacy,SUPPOSITORY,PACK,,5720,,1,1
,XYMATYL,,XYMATYL TABS 250MG X 10,Pharmacy,TABLETS,PACK,,650,NKOYO PHARM LTD,1,1
6012848.00,XYMATYL,,XYMATYL TABS 500MG X 10,Pharmacy,TABLETS,PACK,,950,,1,1
6013036.00,XYZAL,,XYZAL DROPS X 1,Pharmacy,ORAL DROPS,PACK,,688,,1,1
1007459.00,XYZAL,,XYZAL TABS 5MG X 10,Pharmacy,TABLETS,PACK,,460,WWCVL (GSK),1,1
,yolo multivitamin,,YOLO MULTIVITAMIN CAPS X 30,Pharmacy,CAPSULES,PACK,,350,GREAT LIFE ENTERPRISES,1,1
6008931.00,ytacan plus,,YTACAN PLUS CREAM,Pharmacy,CREAM,PACK,,160,,1,1
9257.00,ytacan V,,YTACAN V TABS 100MG,Pharmacy,TABLETS,PACK,,190,,1,1
,zadol forte,Aceclofenac,ZADOL FORTE TABS 100+500MG X 10,Pharmacy,TABLETS,PACK,,700,KINGZY PHARMACEUTICALS LTD,1,1
1629.00,Zantac,Ranitidine,ZANTAC TABS 300MG X 20,Pharmacy,TABLETS,PACK,,1750,,1,1
14913.00,Zantac X 20,,ZANTAC X 20 TABS 150MG,Pharmacy,TABLETS,PACK,,1600,,1,1
6011984.00,zaridex,,ZARIDEX TABS 300MG X 10,Pharmacy,TABLETS,PACK,,800,,1,1
6013467.00,zedeX cold,,ZEDEX COLD TABS 350MG X 10,Pharmacy,TABLETS,PACK,,750,,1,1
6013141.00,ZeDEX D,,ZEDEX D TABS X 10,Pharmacy,TABLETS,PACK,,680,,1,1
6009093.00,zeegap,,ZEEGAP CAPS 150MG X 14,Pharmacy,CAPSULES,PACK,,250,,1,1
1008766.00,zeegap,,ZEEGAP TABS 100MG X 14,Pharmacy,TABLETS,PACK,,3320,,1,1
1008769.00,zeegap x 14,,ZEEGAP X 14 TABS 75MG,Pharmacy,TABLETS,PACK,,2060,,1,1
1000126.00,ZENTEL,Albendazole,ZENTEL TABS 200MG,Pharmacy,TABLETS,PACK,,372,WWCVL (GSK),1,1
6012185.00,Zenzen,,ZENZEN CAPS  X 30,Pharmacy,CAPSULES,PACK,,1000,,1,1
8901080000000.00,ZERODOL,,ZERODOL TABS X 10,Pharmacy,TABLETS,PACK,,585,,1,1
1003506.00,ZESTUP (B-COMPLEX),,ZESTUP (B-COMPLEX) TABS X 30,Pharmacy,TABLETS,PACK,,140,,1,1
6012036.00,zimilat dispersible,,ZIMILAT DISPERSIBLE TABS 228.5MG X 14,Pharmacy,TABLETS,PACK,,630,,1,1
6010570.00,zinamax,,ZINAMAX INJ 750MG X 1,Pharmacy,INJECTION (POWDER),PACK,,470,,1,1
6011469.00,ZINAZOLE,,ZINAZOLE CAPS 200MG X 10,Pharmacy,CAPSULES,PACK,,400,,1,1
6012444.00,ZINC(EMZOR),,ZINC(EMZOR) TABS 20MG X 10,Pharmacy,TABLETS,PACK,,75,,1,1
,ZINICHE,Azithromycin,ZINICHE TABS 500MG X 10,Pharmacy,TABLETS,PACK,,1250,DEZUBIK PHARMA LTD,1,1
1000292.00,Zinnat,Cefuroxime Axetil,ZINNAT TABS 250MG X 1,Pharmacy,TABLETS,PACK,,2800,WWCVL (GSK),1,1
1003314.00,Zinnat,,ZINNAT TABS 500MG,Pharmacy,TABLETS,PACK,Prophylactic drugs,4800,WWCVL (GSK),1,1
6013304.00,ZIPROWIN,,ZIPROWIN CAPS  X 1,Pharmacy,CAPSULES,PACK,,1400,,1,1
6156000000000.00,ZITCLAV DS X 10,,ZITCLAV DS X 10 TABS,Pharmacy,TABLETS,PACK,,3096.63,MIRAL PHARM LIMITED,1,1
,zithroheal,Azithromycin,ZITHROHEAL TABS 500MG X 10,Pharmacy,TABLETS,PACK,,850,NKOYO PHARM LTD,1,1
6009271.00,zithrolin x 6,,ZITHROLIN X 6 TABS 250MG,Pharmacy,TABLETS,PACK,,370,,1,1
1000006.00,Zithromax,Azithromycin,ZITHROMAX CAPS 250MG X 6,Pharmacy,CAPSULES,PACK,Prophylactic drugs,3600,WWCVL (PFIZER),1,1
6012857.00,zocef,,ZOCEF TABS 500MG X 10,Pharmacy,TABLETS,PACK,,730,,1,1
6009077.00,zoflonid x 10,,ZOFLONID X 10 CAPS,Pharmacy,CAPSULES,PACK,,1650,ZOLON HEALTHCARE LIMITED,1,1
6009204.00,zoga x 4,,ZOGA X 4 TABS 100MG,Pharmacy,TABLETS,PACK,,160,,1,1
6010060.00,ZOLACIN,,ZOLACIN TABS X 1,Pharmacy,TABLETS,PACK,,750,,1,1
1007920.00,ZOLADEX  X 1,,ZOLADEX  X 1 INJ 3.6MG,Pharmacy,INJECTION (POWDER),PACK,,23600,,1,1
6154000000000.00,ZOLAT,Mebendazole,ZOLAT TABS,Pharmacy,TABLETS,PACK,,130,EMZOR PHARMACEUTICAL INDUSTRIES,1,1
6011578.00,ZOLERIC,,ZOLERIC TABS 20MG X 14,Pharmacy,TABLETS,PACK,,1400,KAYHELT PHARMA LTD,1,1
,ZOLO INHALER,,ZOLO INHALER X 1,Pharmacy,,PACK,,135,MAYDON PHARMACEUTICALS & CHEMICAL CO.LTD,1,1
1000637.00,ZOLOFT,Sertraline,ZOLOFT CAPS 50MG X 15,Pharmacy,CAPSULES,PACK,,1900,WWCVL (PFIZER),1,1
,ZOMAL TS,,ZOMAL TS   X 1,Pharmacy,,PACK,,650,ZOLON HEALTHCARE LIMITED,1,1
8904210000000.00,ZONEFLOX,,ZONEFLOX TABS 500MG,Pharmacy,TABLETS,PACK,,280,,1,1
,zorse,Aceclofenac,ZORSE TABS 100MG X 10,Pharmacy,TABLETS,PACK,,250,PHARMACY PLUS LIMITED,1,1
6011652.00,AMEDIN,Amlodipine,AMEDIN TABS 10MG X 28,Pharmacy,TABLETS,BLISTER,Calcium-channel blockers,400,,28,14
,AMITRIPTYLINE 25MG(AMMYVIL),,AMITRIPTYLINE 25MG(AMMYVIL)  25MG X 1,Pharmacy,,BLISTER,,130,ZOLON HEALTHCARE LIMITED,1,1
6009205.00,dolozera b,,DOLOZERA B TABS  X 100,Pharmacy,TABLETS,BLISTER,,1500,,100,10
1000004.00,ENALAPRIL MALEATE,Enalapril,ENALAPRIL MALEATE 5MG TAB X 100(MULTI COY),Pharmacy,TABLETS,BLISTER,Antifibrinolytics and haemostatics,10,,100,10
6013481.00,explore condom,,EXPLORE CONDOM   X 48,Pharmacy,,BLISTER,,2400,,48,1
5478.00,MULTIVITE FORT,,MULTIVITE FORT CAPS X 30,Pharmacy,CAPSULES,BLISTER,,245,,1,1
8906060000000.00,3-BETA CREAM,,3-BETA CREAM X 1,Pharmacy,,TUBE,Anti-inflmatory and antipruritic drugs ,150,,1,1
49479000401.00,30 DAYS  BEAUTY SECRET X 30,,30 DAYS  BEAUTY SECRET X 30 TABS,Pharmacy,TABLETS,JAR,Multivitamin and amino acid preparations,15000,,1,1
15359.00,3G,,3G CREAM 20G,Pharmacy,CREAM,TUBE,ANTIFUNGAL PREPARATIONS,145,,1,1
6152110000000.00,7 KEYS MIXTURE x 24,,7 KEYS MIXTURE X 24 SYR 200ML,Pharmacy,SYRUP,BOTTLE,Herbal Preparations,720,,1,1
1000796.00,7 KEYS ONANDO,,7 KEYS ONANDO SYR 200ML,Pharmacy,SYRUP,BOTTLE,Herbal Preparations,280,,1,1
6013369.00,a & shine honey,,A & SHINE HONEY  1KG X 1,Pharmacy,,JAR,,22,,1,1
1001599.00,ABF-3,,ABF-3 CREAM  20G,Pharmacy,CREAM,TUBE,ANTIFUNGAL PREPARATIONS,350,,1,20g
1000111.00,Abidec,,ABIDEC DROPS  25ML,Pharmacy,ORAL DROPS,BOTTLE,Multivitamin and amino acid preparations,1205,,1,25ml
5012620000000.00,ABIDEC,,ABIDEC SYR  150ML [UK],Pharmacy,SYRUP,BOTTLE,Multivitamin and amino acid preparations,3025,,1,150ml
6156000000000.00,ABONIKI BALM,,ABONIKI BALM  100MG,Pharmacy,,BOTTLE,Topical antirheumatic drugs,250,,1,1
1007401.00,AC ACILLINN,,AC ACILLINN SYR 5/60ML,Pharmacy,SYRUP,BOTTLE,,65,,1,1
,AC-CLOX,,AC-CLOX SUSP 250MG/5ML 60ML,Pharmacy,SUSPENSION,BOTTLE,,0,,1,60ML
9919.00,ACEPOL,,ACEPOL SUSP 100ML X 1,Pharmacy,SUSPENSION,BOTTLE,,195,,1,1
9022.00,ACIGUARD,"Alumina, Magnesia, and Simethicone",ACIGUARD SUSP 200ML,Pharmacy,SUSPENSION,BOTTLE,ANTACIDS,400,,1,1
6013078.00,ACIPEP,,ACIPEP SUSP 200ML,Pharmacy,SUSPENSION,BOTTLE,,750,,1,1
8904220000000.00,ACNEAWAY,,ACNEAWAY CREAM  20G,Pharmacy,CREAM,TUBE,ANTIFUNGAL PREPARATIONS,360,,1,20G
6221050000000.00,Actifed,Triprolidine and Pseudoephedrine,ACTIFED SYR  60ML,Pharmacy,SYRUP,BOTTLE,Systemic nasal decongestants,700,WWCVL (GSK-CX),1,60ML
,ACTIFLU,,ACTIFLU SYR  50ML,Pharmacy,SYRUP,BOTTLE,,330,,1,50ML
,ACTIVATED VEG CHARCOAL(MASON),,ACTIVATED VEG CHARCOAL(MASON) CAPS 520MG X 60,Pharmacy,CAPSULES,JAR,,2500,,1,1
6165.00,ACTRAPID,Insulin Human,ACTRAPID INJ 100IU 10ML,Pharmacy,INJECTION (SOLUTION),VIALS,Insulins,3950,WWCVL (NOVO),1,10ML
6238.00,ACTRAPID,Insulin Human,ACTRAPID INJ 40IU 10ML,Pharmacy,INJECTION (SOLUTION),VIALS,Insulins,2365,WWCVL (NOVO),1,10ml
799873000000.00,Adams desire,,ADAMS DESIRE CAPS  X 60,Pharmacy,CAPSULES,JAR,,7300,,1,1
799873000000.00,Adams desire,,ADAMS DESIRE TABS  X 30,Pharmacy,TABLETS,JAR,,5200,,1,1
15408.00,ADRENALINE (EPINEPHRINE),Epinephrine,ADRENALINE (EPINEPHRINE) INJ 10MG X 10,Pharmacy,INJECTION (SOLUTION),AMPOULES,Sympathomimetics,60,,1,1
6630.00,ADRENALINE,Adrenaline,ADRENALINE (UNBRANDED)  INJ,Pharmacy,INJECTION (SOLUTION),AMPOULES,Sympathomimetics,145,,1,1
7560.00,ADVANTAN,Methylprednisolone,ADVANTAN CREAM  15G,Pharmacy,CREAM,TUBE,Anti-inflmatory and antipruritic drugs ,1280,,1,15G
1000083.00,Afrabvite,,AFRABVITE DROPS 15ML,Pharmacy,ORAL DROPS,BOTTLE,Multivitamin and amino acid preparations,215,,1,1
1000082.00,Afrabvite,,AFRABVITE SYR 100ML X 1,Pharmacy,SYRUP,BOTTLE,Multivitamin and amino acid preparations,255,,1,1
6013039.00,alive max,,ALIVE MAX CAPS  X 90,Pharmacy,CAPSULES,JAR,Multivitamin and amino acid preparations,4200,,1,1
9588800000000.00,ALLEREX,,ALLEREX EYE DROPS  XML,Pharmacy,EYE DROPS,BOTTLE,,865,,1,10ML
1009158.00,ALLERGIN,Chlorpheniramine,ALLERGIN SYR 60ML,Pharmacy,SYRUP,BOTTLE,Antihistamines,230,,1,1
5967.00,ALOMIDE,Lodoxamide,ALOMIDE EYE DROPS 0.1% 10ML,Pharmacy,EYE DROPS,BOTTLE,,1625,,1,5ML
14822.00,ALPHA LIPIOC ACID(SUNDOWN 600MG,,ALPHA LIPIOC ACID(SUNDOWN 600MG   X 1,Pharmacy,,BOTTLE,,2600,,1,1
1008083.00,ALPHA-CIPRO,Ciprofloxacin,ALPHA-CIPRO INFUSION 100ML X 1,Pharmacy,INFUSION,BOTTLE,Quinolones,120,,1,1
33674101889.00,ALPHABETIC,,ALPHABETIC CAPS  X 30,Pharmacy,CAPSULES,JAR,Multivitamin and amino acid preparations,3600,,1,1
4897000000000.00,alphagan,,ALPHAGAN EYE DROPS 5ML,Pharmacy,EYE DROPS,BOTTLE,,2700,,1,1
6008772.00,ALPHAGYL,Metronidazole,ALPHAGYL INFUSION 200MG 100ML,Pharmacy,INFUSION,BOTTLE,"Antiamoebic, antiglardial and antitrichomonal drugs",72,,1,100ML
14817.00,ALTARGO 1%,,ALTARGO 1%,Pharmacy,,TUBE,,1895,WWCVL (GSK),1,1
11503.00,AMATEM,Artemether+Lumefantrine,AMATEM SUSP  60ML,Pharmacy,SUSPENSION,BOTTLE,Antimalarial drugs,690,,1,60ml
6012719.00,AMINO,,AMINO (N/F)  TABS 6000MG X 90,Pharmacy,TABLETS,JAR,Multivitamin and amino acid preparations,5550,,1,1
311845000000.00,AMINO ACID,,AMINO ACID (LIFE WORTH)  CAPS 6000MG,Pharmacy,CAPSULES,JAR,Multivitamin and amino acid preparations,7520,,1,1
1008933.00,AMINO ACID,,AMINO ACID (MASON)  CAPS 6000MG X 60,Pharmacy,CAPSULES,JAR,Multivitamin and amino acid preparations,2680,,1,1
6012544.00,AMINO ACIDS,,AMINO ACIDS (MASON NATURAL)  TABS 700MG X 90,Pharmacy,TABLETS,JAR,Multivitamin and amino acid preparations,2650,,1,1
6011170.00,AMINO ACIDS,,AMINO ACIDS (MASON.)  TABS 700MG X 90,Pharmacy,TABLETS,JAR,Multivitamin and amino acid preparations,2705,,1,1
6012761.00,AMINO FUEL,,AMINO FUEL TABS 12G X 250,Pharmacy,TABLETS,JAR,Multivitamin and amino acid preparations,6800,,1,1
1007768.00,AMINO PEP FORTE,,AMINO PEP FORTE SYR  100ML,Pharmacy,SYRUP,BOTTLE,Multivitamin and amino acid preparations,745,,1,100ml
6012547.00,AMINO(WEIDER),,AMINO(WEIDER) CAPS 6000MG X 100,Pharmacy,CAPSULES,JAR,Multivitamin and amino acid preparations,4650,,1,1
1007652.00,AMINODYN,,AMINODYN SYR  200ML,Pharmacy,SYRUP,BOTTLE,Multivitamin and amino acid preparations,150,,1,200ml
6009267.00,aminogard,,AMINOGARD SYR 200ML X 1,Pharmacy,SYRUP,BOTTLE,Multivitamin and amino acid preparations,2100,,1,1
6011336.00,AMINOGLOBIN,,AMINOGLOBIN SYR  200ML,Pharmacy,SYRUP,BOTTLE,Multivitamin and amino acid preparations,1370,,1,200ml
6011635.00,AMINOMAX,,AMINOMAX TABS 8000MG X 1,Pharmacy,TABLETS,JAR,Multivitamin and amino acid preparations,16500,,1,1
14845.00,AMINOMIN,,AMINOMIN SYR 200ML,Pharmacy,SYRUP,BOTTLE,Multivitamin and amino acid preparations,150,,1,1
,AMINOPEP FORTE LIQUID,,AMINOPEP FORTE LIQUID SYR 200ML X 1,Pharmacy,SYRUP,BOTTLE,,1430,PHILLIPS PHARMACEUTICALS (NIGERIA) LIMITED,1,1
1008848.00,AMINOPEP SYRUP,,AMINOPEP SYRUP  200ML X 1,Pharmacy,,BOTTLE,Multivitamin and amino acid preparations,1080,PHILLIPS PHARMACEUTICALS (NIGERIA) LIMITED,1,1
5806.00,AMINOPHILIN,Aminophylline,AMINOPHILIN 100MG TABS  X 1000,Pharmacy,TABLETS,JAR,BRONCHODILATORS,4455,,1,1
8904020000000.00,AMINOSTYL,,AMINOSTYL SYR 200ML,Pharmacy,SYRUP,BOTTLE,Multivitamin and amino acid preparations,400,,1,1
9183.00,AMLOVAR X10,Amlodipine,AMLOVAR X10 TABS 5MG X 10,Pharmacy,TABLETS,TABS,Calcium-channel blockers,35,,1,1
6010528.00,AMODIAQUINE,Amodiaquine Hydrochloride,AMODIAQUINE TABS 200MG X 1000,Pharmacy,TABLETS,JAR,Antimalarial drugs,2800,,1,1
3838960000000.00,##,Amoxicillin and Clavulanate,AMOKSIKLAV SUSP 457MG 100ML,Pharmacy,SUSPENSION,BOTTLE,Penicillins,1450,,1,100ml
1007568.00,AMOKSIKLAV,Amoxicillin and Clavulanate,AMOKSIKLAV SYR  156MG 100ML,Pharmacy,SYRUP,BOTTLE,Penicillins,1120,,1,100ml
1007567.00,AMOKSIKLAV,Amoxicillin and Clavulanate,AMOKSIKLAV SYR  312MG 100ML,Pharmacy,SYRUP,BOTTLE,Penicillins,1480,,1,100ml
,AMOVIN,clavulanic acid,AMOVIN INJ 1.2GM X 1,Pharmacy,INJECTION (POWDER),BOTTLE,,1300,EVANS THERAPEUTICS,1,1
11756.00,AMOVIN,Amoxicillin and Clavulanate,AMOVIN SUSP 475MG 100ML,Pharmacy,SUSPENSION,BOTTLE,Penicillins,800,,1,100ml
8906040000000.00,AMOVIN,Amoxicillin and Clavulanate,AMOVIN SYR 228.5MG 100ML,Pharmacy,SYRUP,BOTTLE,Penicillins,1175,,1,100ml
6010130.00,AMOXICILLIN,Amoxycillin,AMOXICILLIN (TUYIL) SUSP 125MG 100ML,Pharmacy,SUSPENSION,BOTTLE,Penicillins,250,,1,100ml
6010233.00,amoxicillin clvunate inj,Amoxicillin and Clavulanate,AMOXICILLIN CLVUNATE INJ X 1,Pharmacy,,VIALS,Penicillins,820,,1,1
5035.00,AMOXICILLINE,Amoxycillin,AMOXICILLINE (AFRAB) SUSP 125MG/5ML 100ML,Pharmacy,SUSPENSION,BOTTLE,Penicillins,295,,1,100ML
15047.00,AMOXICILLINE,Amoxycillin,AMOXICILLINE (MULTICOY) SUSP 125MG 100ML,Pharmacy,SUSPENSION,BOTTLE,Penicillins,130,,1,100ml
1007541.00,AMOXIGRAM,Amoxycillin,AMOXIGRAM SUSP 125ML/5ML,Pharmacy,SUSPENSION,BOTTLE,Penicillins,290,,1,1
1000406.00,AMOXIL,Amoxicillin,AMOXIL (BEECHAM) 125MG/5ML SUSP 100ML,Pharmacy,SUSPENSION,BOTTLE,Penicillins,911,WWCVL (GSK),1,1
5156.00,AMOXIL,Amoxicillin,AMOXIL(BEECHAM)  500MG 1NJ,Pharmacy,INJECTION (POWDER),VIALS,Penicillins,300,WWCVL (GSK),1,500MG
1007467.00,AMOXYCILLIN/CLAV,Amoxicillin and Clavulanate,AMOXYCILLIN/CLAV SUSP 100ML,Pharmacy,SUSPENSION,BOTTLE,Penicillins,640,,1,1
4596.00,AMPICLOX,Ampicillin and Cloxacillin,AMPICILIN/CLOXACILLIN 500G INJ(MULTI COY),Pharmacy,INJECTION (POWDER),VIALS,Penicillins,450,,1,500g
1008939.00,AMPICILLIN,Ampicillin,AMPICILLIN (MULTICOY)  SUSP 125/5ML,Pharmacy,SUSPENSION,BOTTLE,Penicillins,130,,1,1
9801.00,AMPICILLIN,Ampicillin,AMPICILLIN (TUYIL)  SYR 100ML,Pharmacy,SYRUP,BOTTLE,Penicillins,210,,1,1
4291.00,AMPICILLIN,Ampicillin,AMPICILLIN 500MG INJ (MULTI COY),Pharmacy,INJECTION (SOLUTION),VIALS,Penicillins,5000,,100,1
1000020.00,AMPICLOX,Ampicillin and Cloxacillin,AMPICLOX (BEECHAM)  DROPS 90MG/0.6ML,Pharmacy,ORAL DROPS,BOTTLE,Penicillins,1350,WWCVL (GSK),1,1
1003180.00,AMPICLOX (BEECHAM),Ampicillin and Cloxacillin,AMPICLOX (BEECHAM) SUSP 250MG,Pharmacy,SUSPENSION,BOTTLE,Penicillins,1326,WWCVL (GSK),1,1
6013082.00,AMPICLOX,Ampicillin and Cloxacillin,AMPICLOX (MULTICOY)  SUSP 100ML,Pharmacy,SUSPENSION,BOTTLE,Penicillins,150,,1,1
6012088.00,anabovitte,,ANABOVITTE SYR 200ML,Pharmacy,SYRUP,BOTTLE,Multivitamin and amino acid preparations,700,,1,1
8901720000000.00,anamint,,ANAMINT GEL X 1,Pharmacy,GEL,TUBE,,1,,1,1
5816.00,ANCOLOXIN (BIOMECOLOXIN),Metoclopramide,ANCOLOXIN (BIOMECOLOXIN) TABS  X 250,Pharmacy,TABLETS,JAR,,3810,,1,1
,antacid(kina),,ANTACID(KINA) SUSP 200ML X 1,Pharmacy,SUSPENSION,BOTTLE,,550,KINAPHARMA NIG.LTD,1,1
6156000000000.00,ANTALERGE,Antazoline plus Tetrahydrozoline,ANTALLERGE EYE DROPS  10ML,Pharmacy,EYE DROPS,BOTTLE,Anti-inflammatory/Anti-allergic/Anti-infective drugs,705,DRUGFIELD PHARMACEUTICALS LIMITED,1,10ML
1530.00,ANTHISAN,,ANTHISAN CREAM  25G,Pharmacy,CREAM,TUBE,Antihistamines,240,,1,25G
8172.00,ANTI -SNAKE,,ANTI -SNAKE INJ,Pharmacy,INJECTION (SOLUTION),VIALS,Antivenom immunoglobulins ,5300,,1,1
6009559.00,ANTI D 1500IU (ALPHA PHARM),Anti-D immunoglobulin (Human),ANTI D 1500IU (ALPHA PHARM) INJ 15MG,Pharmacy,INJECTION (SOLUTION),AMPOULES,Anti-D immunoglobulin (Human),26880,,1,1
6208.00,ANTI D 1500IU (BIOFEM) RHOGAM INJ 15MG,Anti-D immunoglobulin (Human),ANTI D 1500IU (BIOFEM) RHOGAM INJ 15MG INJ 15MG,Pharmacy,INJECTION (SOLUTION),AMPOULES,Anti-D immunoglobulin (Human),44000,,1,1
6011577.00,ANTI D(RHOCLONE),Anti-D immunoglobulin (Human),ANTI D(RHOCLONE) INJ 300MCG X 1,Pharmacy,INJECTION (SOLUTION),AMPOULES,Anti-D immunoglobulin (Human),31000,,1,1
5164.00,ANTIRABIES,Rabies Vaccine (inactivated) (Prepared in cell culture),ANTIRABIES INJ  1 DOSE,Pharmacy,INJECTION (SOLUTION),AMPOULES,Rabies immunoglobulin (Human) ,2550,,1,1
8110.00,ANUS PUMP,,ANUS PUMP  SIZE  2,Pharmacy,,PCS,,370,,1,1
9865.00,ANUS PUMP,,ANUS PUMP  SIZE 10,Pharmacy,,PCS,,450,,1,1
6374.00,ANUS PUMP,,ANUS PUMP  SIZE 4,Pharmacy,,PCS,,405,,1,1
9864.00,ANUS PUMP,,ANUS PUMP  SIZE 6,Pharmacy,,PCS,,385,,1,1
8199.00,ANUS PUMP,,ANUS PUMP  SIZE 8,Pharmacy,,PCS,,400,,1,1
1554.00,ANUSOL,,ANUSOL CREAM  25G,Pharmacy,CREAM,TUBE,ANTIHAEMORRHOIDAL DRUGS,2650,,1,25G
6013171.00,APETABON,,APETABON SYR  200ML,Pharmacy,SYRUP,BOTTLE,,1650,,1,200ML
8366.00,APETAMIN-P,Cyproheptadine,APETAMIN-P SYR  110ML,Pharmacy,SYRUP,BOTTLE,Antihistamines,2550,,1,110ML
43600006515.00,apple cedar,,APPLE CEDAR SYR 946ML X 1,Pharmacy,SYRUP,BOTTLE,,4900,PHARMACY PLUS LIMITED,1,1
43600006614.00,apple cedar,,APPLE CEDAR SYR X 1,Pharmacy,SYRUP,BOTTLE,,3300,,1,1
15208.00,APREDIN (hydralazine) inj,Hydralazine,APREDIN (HYDRALAZINE) INJ INJ 20MG,Pharmacy,INJECTION (POWDER),AMPOULES,VASODILATORS,115,,1,1
4468.00,apresoline,Hydralazine,APRESOLINE  25MG TAB X 100,Pharmacy,TABLETS,JAR,VASODILATORS,4600,,1,1
6008936.00,APROSTAN,,APROSTAN EYE DROPS  X 1,Pharmacy,EYE DROPS,BOTTLE,,270,,1,1
15405.00,APTIZOOM,,APTIZOOM SYR 200ML,Pharmacy,SYRUP,BOTTLE,Antihistamines,990,,1,1
,AQUACEF,,AQUACEF SUSP 125MG 100ML,Pharmacy,SUSPENSION,BOTTLE,,1000,,1,100ML
,AQUACLAV X 14,,AQUACLAV X 14 SUSP 228.5MG 100ML,Pharmacy,SUSPENSION,BOTTLE,,630,,1,100ML
1008014.00,AQUAMAL(BANANA),Artemether+Lumefantrine,AQUAMAL(BANANA) SUSP 60ML X 1,Pharmacy,SUSPENSION,BOTTLE,Antimalarial drugs,440,,1,1
1008015.00,AQUAMAL(ORANGE),Artemether+Lumefantrine,AQUAMAL(ORANGE) SUSP 60ML,Pharmacy,SUSPENSION,BOTTLE,Antimalarial drugs,440,,1,1
1008092.00,ARISTOBET-N,,ARISTOBET-N EYE/EAR DROPS 5ML,Pharmacy,EYE/EAR DROPS,BOTTLE,Other drugs acting on the respiratory tract,640,,1,1
11042.00,ARTEJECT,Artemeter,ARTEJECT INJ 40MG X 1,Pharmacy,INJECTION (SOLUTION),AMPOULES,Antimalarial drugs,280,,1,1
11449.00,ARTEMEF,Artemether+Lumefantrine,ARTEMEF SYR  100ML,Pharmacy,SYRUP,BOTTLE,Antimalarial drugs,495,,1,100ML
9261.00,ARTRY FORCEPT,,ARTERY FORCEPT  MEDIUM SIZE,Pharmacy,,PCS,,455,,1,1
8934570000000.00,Artesunate,Artesunate,ARTESUNATE  SYR  100ML,Pharmacy,SYRUP,BOTTLE,Antimalarial drugs,720,,1,100ML
1001603.00,ARTHOCARE FORTE X 30,,ARTHOCARE FORTE CAPS X 30,Pharmacy,CAPSULES,JAR,Other antirheumatic drugs,3430,,1,1
1000357.00,ARTHOCARE X 30,chondroitin\Glucosamine,ARTHOCARE X 30 CAPS,Pharmacy,CAPSULES,BOTTLE,Other antirheumatic drugs,1870,FIDSON HEALTHCARE PLC,1,1
8901080000000.00,ARTHRELLA 30G  OINTMENT,,ARTHRELLA 30G  OINTMENT,Pharmacy,,TUBE,,800,,1,1
1002587.00,ARTHROGRATIS COMPLEX,,ARTHROGRATIS COMPLEX CAPLET  X 30,Pharmacy,CAPLET,JAR,Other antirheumatic drugs,4175,,1,1
11443.00,ARTRY FORCEPT COVED,,ARTRY FORCEPT COVED  SMALL SIZE,Pharmacy,,PCS,,300,,1,1
10758.00,ARTRY FORCEPT COVED B/S,,ARTRY FORCEPT COVED B/S,Pharmacy,,PCS,,550,,1,1
,ASCOCHEW PLUS,,ASCOCHEW PLUS SYR 100ML X 1,Pharmacy,SYRUP,BOTTLE,,350,DIAMOND HEALTHCARE LTD,1,1
,ASCOCHEW PLUS,,ASCOCHEW PLUS SYR 200ML X 1,Pharmacy,SYRUP,BOTTLE,,450,DIAMOND HEALTHCARE LTD,1,1
11377.00,ASCORBION C300,vitamin C,ASCORBION C 300 SYR 100ML,Pharmacy,SYRUP,BOTTLE,Vitamins,320,,1,100ML
8904090000000.00,ASCOREX EXPECTORANT,,ASCOREX EXPECTORANT SYR  100ML,Pharmacy,SYRUP,BOTTLE,Expectorants and cough suppressants,815,,1,100ML
4890.00,ASMACARE,,ASMACARE SYR  100ml,Pharmacy,SYRUP,BOTTLE,,95,,1,100ml
1000784.00,ASMALYN X 24,Salbutamol,ASMALYN X 24 (MOPS) SYR  100ML,Pharmacy,SYRUP,BOTTLE,BRONCHODILATORS,300,MOPSON PHARMACEUTICAL LIMITED,1,100ML
1000259.00,ASMANOL-F X 50,Theophylline,ASMANOL-F X 50 TABS,Pharmacy,TABLETS,JAR,BRONCHODILATORS,285,,1,1
1007600.00,ASMETHER,Artemether+Lumefantrine,ASMETHER SUSP 60ML,Pharmacy,SUSPENSION,BOTTLE,Antimalarial drugs,400,,1,1
15443.00,ASPIRIN (equate) X 120,,ASPIRIN (EQUATE) X 120 TABS 81MG {.},Pharmacy,TABLETS,JAR,Non-opioid analgesics and antipyretics,995,,1,1
1008828.00,ASPIRIN 81MG X 365,,ASPIRIN 81MG X 365,Pharmacy,,JAR,Non-opioid analgesics and antipyretics,750,,1,1
7335.00,ASPIRIN,Aspirin,ASPIRIN TABS 75MG X 100 {DISPERSIBLE},Pharmacy,TABLETS,JAR,Non-opioid analgesics and antipyretics,1200,,1,1
1009165.00,ASTROGLIDE,,ASTROGLIDE CREAM 35ML,Pharmacy,CREAM,TUBE,,1100,,1,1
8908000000000.00,ASTYFER X 25,Ferrous Salt\Folic Acid,ASTYFER  SYR 200ML,Pharmacy,SYRUP,BOTTLE,Drugs used in iron-deficiency and megaloblastic anaemias.,1580,,1,1
5747.00,ASTYMIN,,ASTYMIN  INFUSION  500ML,Pharmacy,INFUSION,BOTTLE,Multivitamin and amino acid preparations,3500,,1,500ml
8908000000000.00,Astymin,,ASTYMIN SYR 200ML X 1,Pharmacy,SYRUP,BOTTLE,Multivitamin and amino acid preparations,1560,,1,1
15406.00,ASTYMIN SYRUP 110MLS X20,,ASTYMIN SYRUP 110MLS X20,Pharmacy,,BOTTLE,Multivitamin and amino acid preparations,800,,1,1
8901700000000.00,ASTYMIN-G,,ASTYMIN-G DROPS  15ML,Pharmacy,ORAL DROPS,BOTTLE,Multivitamin and amino acid preparations,250,,1,15ML
1003319.00,ATADYN (loratidine),Loratadine,ATADYN (LORATIDINE) SYR 5MG/5ML,Pharmacy,SYRUP,BOTTLE,Antihistamines,760,,1,1
6012230.00,athletes foot(equate),,ATHLETES FOOT(EQUATE) X 1,Pharmacy,,TUBE,ANTIFUNGAL PREPARATIONS,2800,,1,1
6012042.00,athricare,,ATHRICARE CAPS X 60,Pharmacy,CAPSULES,JAR,Other antirheumatic drugs,4800,,1,1
11004.00,ATHRISIN,,ATHRISIN CREAM  30G,Pharmacy,CREAM,TUBE,Antihistamines,300,,1,30G
6012617.00,ATRIBEX,Cetirizine,ATRIBEX SYR  60ML,Pharmacy,SYRUP,BOTTLE,Antihistamines,380,,1,60ML
9588800000000.00,ATROPINE,Atropine,ATROPINE EYE DROPS 1% 10ML {MARTINDALE},Pharmacy,EYE DROPS,BOTTLE,,565,,1,10ML
6008881.00,augmentin es,Amoxicillin and Clavulanate,AUGMENTIN ES SUSP 642.9MG/5ML X 1,Pharmacy,SUSPENSION,BOTTLE,Penicillins,3400,WWCVL (GSK),1,1
6008828.00,AUGMENTIN,Amoxicillin and Clavulanate,AUGMENTIN SUSP 457MG 70ML,Pharmacy,SUSPENSION,BOTTLE,Penicillins,2982,WWCVL (GSK),1,70ML
1000028.00,Augmentin,Amoxicillin and Clavulanate,AUGMENTIN SYR 228MG/5ML 70ML,Pharmacy,SYRUP,BOTTLE,Penicillins,1965,WWCVL (GSK),1,70ML
7512.00,Augmentin X 10,Amoxicillin and Clavulanate,AUGMENTIN X 10 INJ 600MG,Pharmacy,INJECTION (POWDER),VIALS,Penicillins,465,,1,1
1007674.00,AuRITZ,Atorvastatin,AURITZ TABS 20MG X 30,Pharmacy,TABLETS,TABS,Lipid-regulating drugs,10050,,30,10
1003368.00,avamys nasal,,AVAMYS NASAL SPRAY 27.5MCG,Pharmacy,SPRAY,BOTTLE,,1865,WWCVL (GSK),1,1
5104.00,Avipol,Paracetamol,AVIPOL  SYR  60ML,Pharmacy,SYRUP,BOTTLE,Non-opioid analgesics and antipyretics,205,,1,60ML
,AVRO APETI SYRUP,,AVRO APETI SYRUP SYR X 1,Pharmacy,SYRUP,BOTTLE,,450,AVRO PHARMA LTD,1,1
6010063.00,AVRO-C,vitamin C,AVRO-C SYR 100ML,Pharmacy,SYRUP,BOTTLE,Vitamins,250,,1,1
15375.00,AvROCID,Alumina and Magnesia,AVROCID SYR 200ML,Pharmacy,SYRUP,BOTTLE,ANTACIDS,650,,1,1
6010066.00,AVROCLOX,Ampicillin and Cloxacillin,AVROCLOX SUSP 100ML,Pharmacy,SUSPENSION,BOTTLE,Penicillins,250,AVRO PHARMA LTD,1,1
15382.00,AVROCOF NIGHT,,AVROCOF NIGHT SYR  X 1,Pharmacy,SYRUP,BOTTLE,,135,AVRO PHARMA LTD,1,1
6010064.00,AVROCOF,,AVROCOF SYR 100ML,Pharmacy,SYRUP,BOTTLE,,250,AVRO PHARMA LTD,1,1
1003511.00,AVROLIN CHILDRENl,,AVROLIN CHILDRENL SYR  X 1,Pharmacy,SYRUP,BOTTLE,,310,AVRO PHARMA LTD,1,1
1003510.00,AVROLIN EXPECTORANT,,AVROLIN EXPECTORANT   X 1,Pharmacy,,BOTTLE,,280,,1,1
6008833.00,avrolin linctus,,AVROLIN LINCTUS SYR 100ML,Pharmacy,SYRUP,BOTTLE,,325,AVRO PHARMA LTD,1,1
6012192.00,AVROLYTE,,AVROLYTE SYR X 1,Pharmacy,SYRUP,BOTTLE,,180,,1,1
15153.00,AVROTON,,AVROTON SYR 200ML,Pharmacy,SYRUP,BOTTLE,,245,,1,1
1003386.00,AVROTRIM(CO-TRIMOXAZOLE),Cotrimoxazole,AVROTRIM(CO-TRIMOXAZOLE) SUSP 50ML,Pharmacy,SUSPENSION,BOTTLE,Sulfonamides and trimethoprim,200,AVRO PHARMA LTD,1,1
,AXCEL SALBUTAMOL(DORTMAG),Salbutamol,AXCEL SALBUTAMOL(DORTMAG) SYR 100ML X 1,Pharmacy,SYRUP,BOTTLE,,650,DORTEMAG VENTURES LIMITED,1,1
6008818.00,AXITIN,Amoxicillin and Clavulanate,AXITIN SYR 228MG 100ML,Pharmacy,SYRUP,BOTTLE,Penicillins,700,,1,100ML
6012493.00,AZITHRIN,,AZITHRIN SUSP  60ML,Pharmacy,SUSPENSION,BOTTLE,,800,,1,60ML
1007470.00,AZITHROMYCIN (EMZOR)DRY,Azithromycin,AZITHROMYCIN (EMZOR)DRY SYR X 1,Pharmacy,SYRUP,BOTTLE,Macrolides,400,,1,1
6009586.00,AZITHROMYCIN,Azithromycin,AZITHROMYCIN SUSP  {MULTICOY}  [BOTTLE],Pharmacy,SUSPENSION,BOTTLE,Macrolides,540,,1,1
6008667.00,AZMASOL,,AZMASOL INHALER 100NG,Pharmacy,INHALER,BOTTLE,,960,,1,1
,azmetrin,Artemether+Lumefantrine,AZMETRIN SUSP 60ML X 1,Pharmacy,SUSPENSION,BOTTLE,,450,AGARY PHARMACEUTICALS LIMITED,1,1
8699760000000.00,AZOPT,Brinzolamide,AZOPT EYE DROPS  5ML,Pharmacy,EYE DROPS,BOTTLE,,4710,,1,5ML
2549683.00,B .COMPLEX  2LITER,,B .COMPLEX  2LITER SYR,Pharmacy,SYRUP,JAR,Multivitamin and amino acid preparations,800,BESPHA PHARM NIGERIA LTD,1,1
1001963.00,B&C HERBAL BLOOD PURIFER X 30,,B&C HERBAL BLOOD PURIFER X 30 CAPS,Pharmacy,CAPSULES,JAR,,1700,,1,1
6362.00,B.P PUMP,,B.P PUMP,Pharmacy,,PCS,,670,,1,1
6009546.00,BABY DELIVERY MOTHERS TONIC,,BABY DELIVERY MOTHERS TONIC X 1,Pharmacy,,BOTTLE,,90,,1,1
6011534.00,BABYCCAN,Chlorpheniramine,BABYCCAN SYR 100ML X 1,Pharmacy,SYRUP,BOTTLE,,250,,1,1
,BABYGESIC,,BABYGESIC SYR 60ML X 1,Pharmacy,SYRUP,BOTTLE,,258,VITABIOTICS (NIGERIA) LTD.,1,1
1001968.00,babyrex  X 72,,BABYREX  X 72 SYR 60ML,Pharmacy,SYRUP,BOTTLE,,230,TUYIL PHARMACEUTICAL INDUSTRIES LTD.,1,1
,baciclav,Amoxicillin and Clavulanate,BACICLAV SUSP 228.5MG X 1,Pharmacy,SUSPENSION,BOTTLE,,650,PHARMA ETHICS LTD,1,1
1007951.00,BACTFUNTIN,,BACTFUNTIN CREAM X 1,Pharmacy,CREAM,TUBE,,160,,1,1
1573.00,BACTROBAN,Mupirocin Calcium,BACTROBAN OINTMENT  15G,Pharmacy,SKIN OINTMENT,TUBE,,1750,WWCVL (GSK),1,15G
6009310.00,BANCOF SYRUP,,BANCOF SYRUP SYR 2L,Pharmacy,SYRUP,BOTTLE,,935,,1,1
9735.00,BARBICILLINE AMPICILLINE,Ampicillin,BARBICILLINE (AMPICILLINE) SUSP 60ML,Pharmacy,SUSPENSION,BOTTLE,Penicillins,90,,1,1
8336.00,BARBICLOX,Ampicillin and Cloxacillin,BARBICLOX SUSP 125MG/5ML 100ML,Pharmacy,SUSPENSION,BOTTLE,Penicillins,150,,1,100ML
9448.00,BARBIMOX,Amoxicillin,BARBIMOX SUSP 125MG /5ML 100ML,Pharmacy,SUSPENSION,BOTTLE,Penicillins,270,,1,100ML
8986.00,BARBIMYCIN,,BARBIMYCIN SUSP 125MG/54ML 60ML,Pharmacy,SUSPENSION,BOTTLE,,150,,1,60ML
8249.00,BATHROOM SCALE( HANSON),,BATHROOM SCALE( HANSON)   X 1,Pharmacy,,PCS,,3000,,1,1
,bcaa 6000,,BCAA 6000 CAPLET  X 180,Pharmacy,CAPLET,JAR,,5700,,1,1
1001426.00,Becombion,,BECOMBION SYR 150ML,Pharmacy,SYRUP,BOTTLE,Multivitamin and amino acid preparations,364,,1,1
5701220000000.00,Becombion,,BECOMBION SYR 300ML,Pharmacy,SYRUP,BOTTLE,Multivitamin and amino acid preparations,516,,1,1
6010234.00,becomplex,,BECOMPLEX SYR X 1,Pharmacy,SYRUP,BOTTLE,Multivitamin and amino acid preparations,240,,1,1
,BECOVIT,,BECOVIT SYR 100ML X 1,Pharmacy,SYRUP,BOTTLE,,200,UNIQUE PHARMACEUTICALS LIMITED,1,1
878114000000.00,beef amino x 200,,BEEF AMINO X 200 TABS,Pharmacy,TABLETS,JAR,,15500,,1,1
5028270000000.00,BEEHIVE BALSAM,,BEEHIVE BALSAM SYR 200ML X 1,Pharmacy,SYRUP,BOTTLE,,1800,,1,1
6013257.00,BEENECTAR(PURE HONEY)1000ML,,BEENECTAR(PURE HONEY)1000ML   X 1,Pharmacy,,JAR,,2320,,1,1
6013259.00,BEENECTAR(PURE HONEY)350ML,,BEENECTAR(PURE HONEY)350ML   X 1,Pharmacy,,JAR,,920,,1,1
6013258.00,BEENECTAR(PURE HONEY)500ML,,BEENECTAR(PURE HONEY)500ML   X 1,Pharmacy,,JAR,,1190,,1,1
6013491.00,beflam,Ibuprofen,BEFLAM SYR 100ML X 1,Pharmacy,SYRUP,BOTTLE,,150,BENTOS PHARMACEUTICAL PRODUCTS LTD,1,1
6010109.00,bells-baby,,BELLS-BABY SYR 100ML X 1,Pharmacy,SYRUP,BOTTLE,,1450,,1,1
6012757.00,BENBE HERBAL MIXTURE,,BENBE HERBAL MIXTURE SYR X 1,Pharmacy,SYRUP,BOTTLE,,130,,1,1
,BENDEX(UNIQUE),,BENDEX(UNIQUE) SYR 250ML/5ML X 1,Pharmacy,SYRUP,BOTTLE,,250,,1,1
6013488.00,BENTCOF CHILD,,BENTCOF CHILD SYR 60ML X 1,Pharmacy,SYRUP,BOTTLE,,135,BENTOS PHARMACEUTICAL PRODUCTS LTD,1,1
6013487.00,BENTCOF EXPECTORANT,,BENTCOF EXPECTORANT SYR 100ML X 1,Pharmacy,SYRUP,BOTTLE,,130,BENTOS PHARMACEUTICAL PRODUCTS LTD,1,1
6013494.00,BENTICIL anatacid,,BENTICIL ANATACID SUSP 200ML X 1,Pharmacy,SUSPENSION,BOTTLE,,200,BENTOS PHARMACEUTICAL PRODUCTS LTD,1,1
5645.00,bentotit,Paracetamol,BENTOTIT SYR  60ML,Pharmacy,SYRUP,BOTTLE,Non-opioid analgesics and antipyretics,2000,,10,5ml
6013493.00,bentovite,,BENTOVITE SYR 100ML X 1,Pharmacy,SYRUP,BOTTLE,,130,BENTOS PHARMACEUTICAL PRODUCTS LTD,1,1
6013492.00,bentrim,Cotrimoxazole,BENTRIM SUSP 50ML X 1,Pharmacy,SUSPENSION,BOTTLE,,150,BENTOS PHARMACEUTICAL PRODUCTS LTD,1,1
6011953.00,BENYLIN (DRY COUGH),,BENYLIN (DRY COUGH) SYR 100ML,Pharmacy,SYRUP,BOTTLE,,810,,1,1
6013383.00,benylin children (wet cough),,BENYLIN CHILDREN (WET COUGH) SYR 100ML X 1,Pharmacy,SYRUP,BOTTLE,,750,,1,1
6156000000000.00,BENYLIN ORIGINAL x 40,,BENYLIN ORIGINAL X 40 SYR  100ML,Pharmacy,SYRUP,BOTTLE,,850,,1,100ML
6156000000000.00,BENYLIN PEDIATRIC,,BENYLIN PEDIATRIC SYR  100ML,Pharmacy,SYRUP,BOTTLE,,805,,1,100ML
6012068.00,BENYLIN WET COUGH MUCUS RELIEF,,BENYLIN WET COUGH MUCUS RELIEF SYR 100ML X 1,Pharmacy,SYRUP,BOTTLE,,850,,1,1
6156000000000.00,BENYLIN WITH CODEINE x 40,"Diphenhydramine, Codeine, and Ammonium Chloride",BENYLIN WITH CODEINE X 40 SYR  100ML,Pharmacy,SYRUP,BOTTLE,Expectorants and cough suppressants,1330,,1,100ml
6012715.00,benylin with glycerol,,BENYLIN WITH GLYCEROL SYR 150ML,Pharmacy,SYRUP,BOTTLE,,2600,,1,1
6013382.00,benylin4flu,,BENYLIN4FLU SYR 100ML X 1,Pharmacy,SYRUP,BOTTLE,,830,,1,1
7049.00,BENZATHINE PENICILLIN(RETARPEN),,BENZATHINE PENICILLIN(RETARPEN) INJ  2.4MUI,Pharmacy,INJECTION (POWDER),VIALS,,70,,1,2.4MUI
1000221.00,BENZYL BENZOATE,Benzyl Benzoate,BENZYL BENZOATE (MOKO)  LOTION 100ML,Pharmacy,LOTION,BOTTLE,Scabicides and pediculicides,355.42,,1,100ML
11129.00,BENZYL BENZOATE,Benzyl Benzoate,BENZYL BENZOATE (MULTICOY) LOTION  100ML,Pharmacy,LOTION,BOTTLE,Scabicides and pediculicides,370,,1,100ml
9588800000000.00,BEOPTIC-N,,BEOPTIC-N EYE DROPS  5ML,Pharmacy,EYE DROPS,BOTTLE,,570,,1,5ML
1001280.00,BEOPTIC-N,,BEOPTIC-N EYE OINTMENT  5G,Pharmacy,EYE OINTMENT,TUBE,,400,,1,5G
6009313.00,BETA CLEANSER BITTERS,,BETA CLEANSER BITTERS MIXTURE 200ML,Pharmacy,MIXTURE,BOTTLE,,300,,1,1
6011010.00,betadrone eye/ear drop,,BETADRONE EYE/EAR DROP X 1,Pharmacy,,JAR,,520,,1,1
6156000000000.00,BETADRONE-N,,BETADRONE-N EYE OINTMENT 5G X 1,Pharmacy,EYE OINTMENT,TUBE,,305,DRUGFIELD PHARMACEUTICALS LIMITED,1,1
6008761.00,BETAMETHAZONE,Betamethasone,BETAMETHAZONE CREAM,Pharmacy,CREAM,TUBE,Anti-inflmatory and antipruritic drugs ,380,DRUGFIELD PHARMACEUTICALS LIMITED,1,1
6008760.00,BETAMETHAZONE-N,Betamethasone plus Neomycin,BETAMETHAZONE-N CREAM,Pharmacy,CREAM,TUBE,Anti-inflmatory and antipruritic drugs ,480,,1,1
6011515.00,BETASIL,,BETASIL SYR  100ML,Pharmacy,SYRUP,BOTTLE,,370,,1,100ML
6013459.00,BETASOL,,BETASOL CREAM 30ML X 1,Pharmacy,CREAM,TUBE,,350,,1,1
7242.00,BETATON,,BETATON CAPS  X 30,Pharmacy,CAPSULES,JAR,,2330,,1,1
7243.00,BETATON,,BETATON CAPS  X 60,Pharmacy,CAPSULES,JAR,,2600,,1,1
1553.00,BETNOVATE N,dl-menthionine,BETNOVATE N CREAM  15MG [ENGLAND],Pharmacy,CREAM,TUBE,,400,,1,15MG
5413900000000.00,BETOPTIC,Betaxolol,BETOPTIC EYE DROPS  5ML,Pharmacy,EYE DROPS,BOTTLE,,1275,,1,5ML
6010858.00,BG clav,Amoxicillin and Clavulanate,BG CLAV SYR 228.5MG/5ML X 1,Pharmacy,SYRUP,BOTTLE,Penicillins,850,,1,1
8902400000000.00,BG,,BG CREAM 15G,Pharmacy,CREAM,TUBE,,270,,1,1
8902400000000.00,bg mal,,BG MAL SUSP 180MG/1080MG X 1,Pharmacy,SUSPENSION,BOTTLE,,290,,1,1
,bigger size,,BIGGER SIZE CAPS  X 60,Pharmacy,CAPSULES,JAR,,7500,,1,1
6156000000000.00,biocine,Lincomycin,BIOCINE SYR 250MG/5ML,Pharmacy,SYRUP,BOTTLE,Lincosamides,1600,DRUGFIELD PHARMACEUTICALS LIMITED,1,1
6156000000000.00,BIOCOTEN,,BIOCOTEN CREAM  20G,Pharmacy,CREAM,TUBE,,460,DRUGFIELD PHARMACEUTICALS LIMITED,1,20G
6012758.00,BIORAMOL,,BIORAMOL SYR  15ML,Pharmacy,SYRUP,BOTTLE,,160,,1,15ML
6011607.00,M.,Cod Liver Oil,BIOSEA COD LIVER OIL 120ML,Pharmacy,,BOTTLE,Vitamins,1620,,1,1
6013437.00,BIOSEA COD LIVER OIL,,BIOSEA COD LIVER OIL SYR 220ML X 1,Pharmacy,SYRUP,BOTTLE,,2615,,1,1
6912280000000.00,biosea cod liver oil(child),Cod Liver Oil,BIOSEA COD LIVER OIL(CHILD) SYR 170ML X 1,Pharmacy,SYRUP,BOTTLE,Vitamins,2780,,1,1
,BIOTIN(21 CENTURY),,BIOTIN(21 CENTURY) TABS 800MCG X 110,Pharmacy,TABLETS,JAR,,1950,megavox ltd,1,1
74312134302.00,BIOTIN(NATURE'S BOUNTY) X 60,,BIOTIN(NATURE'S BOUNTY) X 60 CAPS 5000MCG,Pharmacy,CAPSULES,JAR,,1565,,1,1
6012362.00,BIOTIN(P/P),,BIOTIN(P/P)  5000MCG X 50,Pharmacy,,JAR,,1900,,1,1
25077514632.00,BIOTIN(P/P),,BIOTIN(P/P) CAPS 10000MCG X 50,Pharmacy,CAPSULES,JAR,,4300,,1,1
1007493.00,BIOTRIM,Cotrimoxazole,BIOTRIM SUSP 50ML,Pharmacy,SUSPENSION,BOTTLE,Sulfonamides and trimethoprim,80,,1,1
6013465.00,BIOVIDERM,,BIOVIDERM CREAM  X 1,Pharmacy,CREAM,TUBE,,350,,1,1
5000400000000.00,BIOVITE B/S,,BIOVITE B/S SYR,Pharmacy,SYRUP,BOTTLE,Multivitamin and amino acid preparations,140,,1,1
1008590.00,bithiol,,BITHIOL CREAM 10% X 1,Pharmacy,CREAM,TUBE,,700,,1,1
6012778.00,bitter leaf,,BITTER LEAF CAPS  X 60,Pharmacy,CAPSULES,JAR,,6250,,1,1
,black seed oil,,BLACK SEED OIL SOLUTION  125ML,Pharmacy,SOLUTION,BOTTLE,,2700,,1,125ml
4738.00,Blood giving set X 50,,BLOOD GIVING SET X 50,Pharmacy,,PCS,,140,,1,1
6010889.00,BODY HAIR SKIN AND NAILS(MASON),,BODY HAIR SKIN AND NAILS(MASON) CAPS X 1,Pharmacy,CAPSULES,JAR,,3500,,1,1
6013463.00,BOLD 10 OIL,,BOLD 10 OIL OINTMENT 15ML X 1,Pharmacy,SKIN OINTMENT,BOTTLE,,700,,1,1
1000085.00,BONABABE MIXTURE X 48,Paracetamol,BONABABE MIXTURE X 48 SYR  60ML,Pharmacy,SYRUP,BOTTLE,,220,BOND CHEMICAL INDUSTRIES LIMITED,1,60ML
1007725.00,BONABABE VIT C X 48,,BONABABE VIT C X 48 SYR 100ML,Pharmacy,SYRUP,BOTTLE,,130,,1,1
1007654.00,BONADOL X 1000,Paracetamol,BONADOL X 1000 CAPLET 500MG,Pharmacy,CAPLET,JAR,Non-opioid analgesics and antipyretics,4550,,1,1
8908000000000.00,BONDMODINE,Brimonidine,BONDMODINE EYE DROPS 5ML,Pharmacy,EYE DROPS,BOTTLE,,1820,,1,1
1009171.00,BONDPATADINE,,BONDPATADINE EYE DROPS 5ML,Pharmacy,EYE DROPS,BOTTLE,,880,,1,1
1000355.00,BONJELA,Choline Salicylate,BONJELA GEL  [PAKISTAN],Pharmacy,GEL,TUBE,,440,,1,1
,BOROCARE NEEM CREAM,,BOROCARE NEEM CREAM   X 1,Pharmacy,,TUBE,,650,OSWORTH NIG.LTD,1,1
1008021.00,BRADCUFF,,BRADCUFF SYR 100ML X 24,Pharmacy,SYRUP,BOTTLE,,120,,1,1
1008020.00,BRADFEREX,,BRADFEREX SYR 200ML X 24,Pharmacy,SYRUP,BOTTLE,,200,,1,1
1008019.00,BRADFERON,,BRADFERON SYR 200ML X 24,Pharmacy,SYRUP,BOTTLE,,200,,1,1
7714.00,BREAST PUMP,,BREAST PUMP,Pharmacy,,PCS,,515,,1,1
2185200000000.00,BRETT  GOLD X20,,BRETT  GOLD X20 SOLUTION 200ML X 1,Pharmacy,SOLUTION,BOTTLE,,505,,1,1
2185200000000.00,BRETT MINTY X40,,BRETT MINTY X40 MOUTHWASH 200ML X 1,Pharmacy,MOUTHWASH,BOTTLE,,620,,1,1
8906010000000.00,BRIMOPRESS,,BRIMOPRESS EYE DROPS 5ML,Pharmacy,EYE DROPS,BOTTLE,,2300,,1,1
6012598.00,brinzopt,,BRINZOPT EYE DROPS 10MG 5ML,Pharmacy,EYE DROPS,BOTTLE,,2400,,1,5ML
10467.00,BROMDEX,,BROMDEX SYR 100ML X 1,Pharmacy,SYRUP,BOTTLE,,280,,1,1
3838960000000.00,Bromergon X 30,Bromocriptine,BROMERGON X 30 TABS 2.5MG,Pharmacy,TABLETS,JAR,,8500,,1,1
3582910000000.00,Bronchicum,,BRONCHICUM SYR  100ML,Pharmacy,SYRUP,BOTTLE,,825,,1,100ml
6156000000000.00,Broncholyte  x 40,l-cysteine,BRONCHOLYTE  SYR  100ML,Pharmacy,SYRUP,BOTTLE,,280,,1,100ml
1007665.00,BROXYDEX COUGH,,BROXYDEX COUGH SYR 100ML,Pharmacy,SYRUP,BOTTLE,,200,,1,1
8901070000000.00,BROZEDEX,,BROZEDEX SYR 100MLS,Pharmacy,SYRUP,BOTTLE,,290,,1,1
6011609.00,BrUPAED,,BRUPAED SYR 100ML X 1,Pharmacy,SYRUP,BOTTLE,,150,,1,1
9215.00,BRUSTAN-N,Ibuprofen,BRUSTAN-N SYR  60ML,Pharmacy,SYRUP,BOTTLE,Non-steroidal anti-inflammatory drugs (NSAIDs),200,,1,60ML
6009293.00,BRUSTAN-N,Ibuprofen,BRUSTAN-N SYR 100ML X 1,Pharmacy,SYRUP,BOTTLE,Non-steroidal anti-inflammatory drugs (NSAIDs),1,,1,1
9160080000000.00,BUILD-UP EMULSON X 15 B/S,,BUILD-UP EMULSON X 15 B/S SYR  300ML,Pharmacy,SYRUP,BOTTLE,,3300,,1,300ML
1001748.00,BUNTO [1LTR] X 10,,BUNTO BLOOD TONIC 1L,Pharmacy,SYRUP,BOTTLE,Multivitamin and amino acid preparations,1050,,1,1
1002083.00,Bunto blood tonic x 20,,BUNTO BLOOD TONIC X 20 SYR 300ML X 1,Pharmacy,SYRUP,BOTTLE,Multivitamin and amino acid preparations,485,,1,1
9583.00,Bunto blood tonic x 40,,BUNTO BLOOD TONIC X 40 SYR  100ML,Pharmacy,SYRUP,BOTTLE,Multivitamin and amino acid preparations,265,TUYIL PHARMACEUTICAL INDUSTRIES LTD.,1,100ml
6009152.00,bunto x 60,,BUNTO X 60 CAPS,Pharmacy,CAPSULES,BOTTLE,Multivitamin and amino acid preparations,250,TUYIL PHARMACEUTICAL INDUSTRIES LTD.,1,1
6013227.00,BuPAED,,BUPAED SYR 100ML,Pharmacy,SYRUP,BOTTLE,,190,,1,1
6012318.00,burnout,,BURNOUT CREAM 50G X 1,Pharmacy,CREAM,TUBE,,700,,1,1
15481.00,C-PENT (cyclopentolate),Cyclopentolate,C-PENT (CYCLOPENTOLATE) EYE DROPS  X 1,Pharmacy,EYE DROPS,BOTTLE,Mydriatics and cycloplegics,1430,,1,1
6012695.00,C-TAX,,C-TAX SUSP 100ML,Pharmacy,SUSPENSION,BOTTLE,,1070,,1,1
1000890.00,CAC  1000   SANDOZ X 10,vitamin C,CAC  1000   SANDOZ X 10 TABS  {NOVATIS},Pharmacy,TABLETS,JAR,Vitamins,1450,WWCVL (GSK-CX),1,1
8964000000000.00,CAC 1000 PLUS,vitamin C,CAC 1000 PLUS TABS X 10,Pharmacy,TABLETS,JAR,Vitamins,1650,WWCVL (GSK-CX),1,1
7554.00,CADIPHEN,Chlorpheniramine,CADIPHEN SYR  100ML,Pharmacy,SYRUP,BOTTLE,,180,,1,100ML
11816.00,CADUET,Amlodipine,CADUET TABS 10/10MG X 30,Pharmacy,TABLETS,JAR,Calcium-channel blockers,1750,,1,1
9178.00,CADUET,Amlodipine,CADUET TABS 5MG/10MG X 30,Pharmacy,TABLETS,JAR,Calcium-channel blockers,4835,WWCVL (PFIZER),1,30
,CAL 600+ D3(21 CENTURY),,CAL 600+ D3(21 CENTURY) TABS X 75,Pharmacy,TABLETS,JAR,,2450,megavox ltd,1,1
6156000000000.00,Calamine,Calamine,CALAMINE (MOKO)  LOTION 100ML,Pharmacy,LOTION,BOTTLE,Anti-inflmatory and antipruritic drugs ,213,,1,1
12197.00,Calamine X 60,Calamine,CALAMINE (OAKFAITH)  LOTION 100ML,Pharmacy,LOTION,BOTTLE,Anti-inflmatory and antipruritic drugs ,150,,1,1
6013416.00,calamine(Gauze),,CALAMINE(GAUZE) LOTION 100ML X 1,Pharmacy,LOTION,BOTTLE,,170,,1,1
15334.00,CALCICARE,Oral Calcium,CALCICARE SYR 200ML,Pharmacy,SYRUP,BOTTLE,Minerals,3100,,1,1
1007981.00,Calcimax x60,Oral Calcium,CALCIMAX X60 SYR 100ML,Pharmacy,SYRUP,BOTTLE,Minerals,286,VITABIOTICS (NIGERIA) LTD.,1,1
8904010000000.00,Calcitone X 100,Calcium Carbonate,CALCITONE X 100 TABS,Pharmacy,TABLETS,JAR,Minerals,300,,1,1
4850.00,Calcitone x1000,Calcium Carbonate,CALCITONE X1000 TABS,Pharmacy,TABLETS,JAR,Minerals,1700,,1,1
,calcium  mag zinc+d3(21century),,CALCIUM  MAG ZINC+D3(21CENTURY) TABS X 90,Pharmacy,TABLETS,JAR,,2200,megavox ltd,1,1
,CALCIUM + VIT D3(TAYLEK),,CALCIUM + VIT D3(TAYLEK) CAPS X 60,Pharmacy,CAPSULES,JAR,,2000,TAYLEK DRUGS COMPANY LTD,1,1
,calcium 1200mg vitamin d3 50mcg(mason),,CALCIUM 1200MG VITAMIN D3 50MCG(MASON) CAPS X 100,Pharmacy,CAPSULES,JAR,,3450,,1,1
311845000000.00,,Calcium Carbonate \ Colecalciferol,CALCIUM 600 +D3(MASON)  400IU,Pharmacy,,JAR,Minerals,3500,,1,1
215489.00,CALCIUM INJEETION,Calcium Gluconate Injection,CALCIUM INJEETION INJ 100 X 1,Pharmacy,INJECTION (SOLUTION),VIALS,Minerals,35,THINE FOREVER PHARMACEUTIAL,1,1
,CALCIUM LACTATE (MANCURE),Calcium Lactate,CALCIUM LACTATE (MANCURE) TABS 300MG X 1000,Pharmacy,TABLETS,JAR,,1350,GREAT LIFE ENTERPRISES,1,1
713757000000.00,CALCIUM MAG & ZINC(N/F) X 100,Calcium Carbonate and Magnesia,CALCIUM MAG & ZINC(N/F) X 100,Pharmacy,,JAR,Minerals,3100,,1,1
9932.00,CALCIUM MAGNESIUM & ZINC X 100(N/CARE),,CALCIUM MAGNESIUM & ZINC X 100(N/CARE) TABS,Pharmacy,TABLETS,JAR,,1730,,1,1
311845000000.00,CALCIUM MAGNESIUM & ZINC X100(MASON),,CALCIUM MAGNESIUM & ZINC X100(MASON),Pharmacy,,JAR,,3100,,1,1
6011164.00,CALCIUM MAGNESIUM & ZINC(P/P),,CALCIUM MAGNESIUM & ZINC(P/P) X 100,Pharmacy,,JAR,,2350,,1,1
6011249.00,calcium magnesium & zinc(sundownnaturals),,CALCIUM MAGNESIUM & ZINC(SUNDOWNNATURALS) CAPLET X 100,Pharmacy,CAPLET,JAR,,1100,,1,1
6008739.00,CALGOVIT MULTIVITAMIN FOR KIDS,,CALGOVIT MULTIVITAMIN FOR KIDS TABS  X 20,Pharmacy,TABLETS,JAR,,1,,1,1
6013127.00,CALGOVIT VIT C,,CALGOVIT VIT C TABS  X 10,Pharmacy,TABLETS,JAR,,480,,1,1
,CALGOVITE CALCIUM,,CALGOVITE CALCIUM TABS X 10,Pharmacy,TABLETS,JAR,,850,OAKLEAF PHARM,1,1
3800050000000.00,CALGOVITE(CALCIUM),,CALGOVITE(CALCIUM) TABS  X 20,Pharmacy,TABLETS,JAR,,1620,,1,1
3800050000000.00,CALGOVITE(VITAMIN C),,CALGOVITE(VITAMIN C) TABS  X 20,Pharmacy,TABLETS,JAR,,1600,,1,1
8672.00,CALIPOT [M/S],,CALIPOT [M/S],Pharmacy,,PCS,,750,,1,1
8671.00,CALIPOT [S/S],,CALIPOT [S/S],Pharmacy,,PCS,,550,,1,1
6161110000000.00,CALPOL(uk),,CALPOL(UK) SUSP 120MG/5ML,Pharmacy,SUSPENSION,BOTTLE,,1780,,1,1
1037.00,CAMOQUIN,Amodiaquine Hydrochloride,CAMOQUIN SYR  60ML,Pharmacy,SYRUP,BOTTLE,,1820,,1,60ML
1316.00,CANDEREL,,CANDEREL TABS 1 X 100,Pharmacy,TABLETS,JAR,,965,,1,1
8902290000000.00,CANDERM,,CANDERM POWDER  X 1,Pharmacy,POWDER,JAR,,450,,1,1
9439.00,CANDIBIOTIC,,CANDIBIOTIC EAR DROPS 15ML,Pharmacy,EAR DROPS,BOTTLE,,350,,1,1
15158.00,candid,,CANDID POWDER 30G,Pharmacy,POWDER,JAR,,1300,,1,1
8904090000000.00,CANDIDERM,,CANDIDERM CREAM 15GM,Pharmacy,CREAM,TUBE,,500,,1,1
6010152.00,candisten,,CANDISTEN CREAM 20G X 1,Pharmacy,CREAM,TUBE,,140,,1,1
5010610000000.00,CANESTEN,Clotrimazole,CANESTEN CREAM  20G [UK],Pharmacy,CREAM,TUBE,,2150,,1,20G
8007.00,CANULLA,,CANULLA   {6MM},Pharmacy,,PCS,,450,,1,1
8008.00,CANULLA,,CANULLA  4MM,Pharmacy,,PCS,,645,,1,1
6009540.00,CARBAGOLINE X 4,,CARBAGOLINE X 4 TABS 0.5MG,Pharmacy,TABLETS,JAR,,5500,,1,1
,carbamal,,CARBAMAL TABS 200MG X 1000,Pharmacy,TABLETS,JAR,,16700,,1,1
6008883.00,CARBAMAZEPINE,,CARBAMAZEPINE (MULTICOY)  TABS  X 1000,Pharmacy,TABLETS,JAR,,18000,,1,1
7256.00,CARBAMAZEPINE,Carbamazepine,CARBAMAZEPINE TABS 200MG X 500 [CYPRUS],Pharmacy,TABLETS,JAR,,8160,,1,1
6009220.00,cardiovit(n/f) x 30,,CARDIOVIT(N/F) X 30 CAPS,Pharmacy,CAPSULES,JAR,,4950,,1,1
14788.00,careon (750ml),,CAREON (750ML) LOTION,Pharmacy,LOTION,BOTTLE,,620,,1,1
8089.00,CAREON X 20,,CAREON SYR  200ML,Pharmacy,SYRUP,BOTTLE,,1035,,1,200ML
1001550.00,CAREON X 10,,CAREON SYR 1 LIT,Pharmacy,SYRUP,BOTTLE,,740,,1,1LIT
8996.00,CAREON,,CAREON SYR 100ML,Pharmacy,SYRUP,BOTTLE,,120,,1,1
,CARTEF,Artemether+Lumefantrine,CARTEF SUSP 20/120MG X 1,Pharmacy,SUSPENSION,BOTTLE,,420,GBGL PHARMA LTD.,1,1
5017850000000.00,CASTOR OIL 70ML,,CASTOR OIL 70ML,Pharmacy,,BOTTLE,,860,,1,1
,catacure,,CATACURE EYE DROPS  10ML,Pharmacy,EYE DROPS,BOTTLE,,2100,,1,10ml
6010324.00,catafed,,CATAFED SYR 100ML X 1,Pharmacy,SYRUP,BOTTLE,,120,,1,1
1001613.00,CATALINE,,CATALINE EYE DROPS  15ML,Pharmacy,EYE DROPS,BOTTLE,,1455,,1,15ML
8906010000000.00,CATAREST,,CATAREST EYE DROPS 5ML,Pharmacy,EYE DROPS,BOTTLE,,1550,,1,1
6013006.00,CEEZEX,,CEEZEX SYR 60ML,Pharmacy,SYRUP,BOTTLE,,1000,,1,1
8806040000000.00,CEFIN,Ceftriaxone,CEFIN INJ 1G 10MLS,Pharmacy,INJECTION (SOLUTION),BOTTLE,,580,,1,10MLS
,CEFIXIME (EVANS BAROQUE),Cefixime,CEFIXIME (EVANS BAROQUE) SYR 100ML X 1,Pharmacy,SYRUP,BOTTLE,,1300,EVANS BAROQUE LTD,1,1
9556590000000.00,CEFTAZIDIME 1G INJECTION,Ceftazidime,CEFTAZIDIME 1G INJECTION,Pharmacy,,VIALS,,750,,1,1
6012624.00,CEFTRAN FORTE,,CEFTRAN FORTE INJ X 1,Pharmacy,INJECTION (POWDER),VIALS,,570,,1,1
6012625.00,CEFTRAN,,CEFTRAN INJ X 1,Pharmacy,INJECTION (POWDER),VIALS,,315,,1,1
7373.00,b,Ceftriaxone,CEFTRIAXONE SODIUM INJ  X1G (MULTICOY),Pharmacy,INJECTION (POWDER),VIALS,,330,,1,1G
,cefulvin,,CEFULVIN SUSP 100ML X 1,Pharmacy,SUSPENSION,BOTTLE,,640,CHEZ RESOURCES PHARM. LTD,1,1
15463.00,CEFUNAT,,CEFUNAT SUSP  X 1,Pharmacy,SUSPENSION,BOTTLE,,1100,,1,1
1007647.00,CEFUROXIME,,CEFUROXIME (FIDSON)  SUSP 100ML,Pharmacy,SUSPENSION,BOTTLE,,1100,,1,1
6010805.00,CEFUROXIME(GREEN HOPE),,CEFUROXIME(GREEN HOPE) SYR 100ML X 1,Pharmacy,SYRUP,BOTTLE,,1100,,1,1
6011425.00,CEFUROXIME(KINA,,CEFUROXIME(KINA) SUSP 125MG 100ML,Pharmacy,SUSPENSION,BOTTLE,,475,,1,100ML
,CEFUROXIME(POCO),,CEFUROXIME(POCO) SYR X 1,Pharmacy,SYRUP,BOTTLE,,1200,E-MEC IMPEX COMPANY LTD,1,1
7236.00,CELEXIN,,CELEXIN SUSP 125MG/5ML 60ML,Pharmacy,SUSPENSION,BOTTLE,,760,,1,60ML
1002141.00,cencold x 60,,CENCOLD  SYR 100ML,Pharmacy,SYRUP,BOTTLE,,215,TUYIL PHARMACEUTICAL INDUSTRIES LTD.,1,1
1000673.00,CENOCIDE X 100,Diethylcarbamazine,CENOCIDE X 100 TABS 50MG,Pharmacy,TABLETS,JAR,,820,,1,1
1007557.00,CENPAIN NIGHT X 60,,CENPAIN NIGHT X 60 SYR 100ML/5ML,Pharmacy,SYRUP,BOTTLE,,245,,1,1
1008500.00,centrum  performance (pfizer),,CENTRUM  PERFORMANCE (PFIZER) TABS  X 30,Pharmacy,TABLETS,JAR,,1550,,1,1
15452.00,CENTRUM ADULTS UNDER 50,,CENTRUM ADULTS UNDER 50 TABS  X 100,Pharmacy,TABLETS,JAR,,1790,,1,1
1008499.00,centrum advance (pfizer),,CENTRUM ADVANCE (PFIZER) TABS  X 100,Pharmacy,TABLETS,JAR,,2850,,1,1
1008501.00,centrum advance (pfizer),,CENTRUM ADVANCE (PFIZER) TABS  X 30,Pharmacy,TABLETS,JAR,,1300,,1,1
1008498.00,centrum advance (pfizer),,CENTRUM ADVANCE (PFIZER) TABS 50+ X 30,Pharmacy,TABLETS,JAR,,1300,,1,1
1008504.00,centrum advance,,CENTRUM ADVANCE TABS  X 60,Pharmacy,TABLETS,JAR,,2000,,1,1
1008503.00,centrum advance,,CENTRUM ADVANCE TABS 50+ X 60,Pharmacy,TABLETS,JAR,,2150,,1,1
1008496.00,centrum advance X100,,CENTRUM ADVANCE X100 TABS 50+ X 1,Pharmacy,TABLETS,JAR,,2950,,1,1
1008497.00,CENTRUM KIDS (pfizer),,CENTRUM KIDS (PFIZER) TABS  X 30,Pharmacy,TABLETS,JAR,,1400,,1,1
1008502.00,centrum pregnancy care (pfizer),,CENTRUM PREGNANCY CARE (PFIZER) TABS  X 30,Pharmacy,TABLETS,JAR,,1100,,1,1
15453.00,CENTRUM SILVER (women 50+),,CENTRUM SILVER (WOMEN 50+) TABS  X 100,Pharmacy,TABLETS,JAR,,9500,,1,1
300054000000.00,CENTRUM SILVER 100,,CENTRUM SILVER TABS X 100,Pharmacy,TABLETS,JAR,,5590,,1,1
6452.00,CEPHAFLASH,,CEPHAFLASH SUSP 125MG 100ML,Pharmacy,SUSPENSION,BOTTLE,,430,,1,100ml
9927.00,CEPHAFLASH,,CEPHAFLASH SUSP 250MG 100ML,Pharmacy,SUSPENSION,BOTTLE,,630,,1,100ML
9556590000000.00,CEPHALEXIN (DORTEMAG),,CEPHALEXIN (DORTEMAG) SUSP 125MG,Pharmacy,SUSPENSION,BOTTLE,,450,,1,1
,CEPHAROX,,CEPHAROX INJ 1G 15MLS,Pharmacy,INJECTION (SOLUTION),VIALS,,800,,1,15MLS
1000024.00,Ceporex,Cephalexin,CEPOREX SUSP 125MG/5ML 60ML,Pharmacy,SUSPENSION,BOTTLE,,750,,1,60ML
6221050000000.00,Ceporex,Cephalexin,CEPOREX SUSP 250MG/5ML 60ML,Pharmacy,SUSPENSION,BOTTLE,,890,WWCVL (GSK),1,60ML
1007500.00,CEROBACT (AMOXICILIN CLAVULANATE) X 12,,CEROBACT (AMOXICILIN CLAVULANATE) X 12 SUSP 228.5MG,Pharmacy,SUSPENSION,BOTTLE,,500,,1,1
1007499.00,CEROBACT(AMOXICILIN CLAVULANATE),,CEROBACT(AMOXICILIN CLAVULANATE) INJ 1.2G,Pharmacy,INJECTION (POWDER),VIALS,,360,,1,1
6012540.00,CEROKIDS,,CEROKIDS SYR  200ML,Pharmacy,SYRUP,BOTTLE,,1475,,1,200ML
6012899.00,cerotamin plus,,CEROTAMIN PLUS SYR  200ML,Pharmacy,SYRUP,BOTTLE,,435,,1,200ml
5012780000000.00,CERUMOL,,CERUMOL EAR DROPS  11ML,Pharmacy,EAR DROPS,BOTTLE,,2190,,1,11ML
1007852.00,CETIN,,CETIN SYR 60ML,Pharmacy,SYRUP,BOTTLE,,300,,1,1
6009233.00,CETRIZINE,,CETRIZINE SYR 60ML X 1,Pharmacy,SYRUP,BOTTLE,,650,,1,1
8904150000000.00,CHARITONE,,CHARITONE SYR 200ML X 1,Pharmacy,SYRUP,BOTTLE,,320,,1,1
6010910.00,CHARIVITE,,CHARIVITE SYR 200ML X 1,Pharmacy,SYRUP,BOTTLE,,530,,1,1
74312120602.00,chelated zinc X 100(N/FILED),,CHELATED ZINC X 100(N/FILED) TABS 50MG,Pharmacy,TABLETS,JAR,,2950,,1,1
74312120602.00,CHELATED ZINC(PURITAN PRIDE),,CHELATED ZINC(PURITAN PRIDE),Pharmacy,,JAR,,1150,,1,1
,Chemiron TONIC,,CHEMIRON TONIC SYR  1L,Pharmacy,SYRUP,BOTTLE,,1150,,1,1L
1000107.00,Chemiron X 20,,CHEMIRON X 20 SYR 200ML,Pharmacy,SYRUP,BOTTLE,,495,,1,1
,chemocef,,CHEMOCEF INJ 750MG X 1,Pharmacy,INJECTION (SOLUTION),VIALS,,450,CHEZ RESOURCES PHARM. LTD,1,1
6012055.00,CHEMOCLAV,,CHEMOCLAV INJ 1.2G X 1,Pharmacy,INJECTION (POWDER),VIALS,,800,,1,1
4838.00,CHEMOTONE X 20,,CHEMOTONE SYR  200ML,Pharmacy,SYRUP,BOTTLE,,300,,1,200ML
6013060.00,chemotone,,CHEMOTONE SYR 1L,Pharmacy,SYRUP,BOTTLE,,905,,1,1
6011419.00,CHEWABLE CALCIUM(P/P),,CHEWABLE CALCIUM(P/P) TABS 500MG X 100,Pharmacy,TABLETS,JAR,,3000,,1,1
,CHEZORAL,,CHEZORAL CREAM X 1,Pharmacy,CREAM,TUBE,,270,CHEZ RESOURCES PHARM. LTD,1,1
15141.00,chizoderm,Ketoconazole,CHIZODERM CREAM,Pharmacy,CREAM,TUBE,,300,,1,1
4520.00,CHLOPROMAZINE,Chlorpromazine,CHLOPROMAZINE  50MG TAB X 1000,Pharmacy,TABLETS,JAR,,5810,,1,1
8906010000000.00,CHLOPROMAZINE,Chlorpromazine,CHLOPROMAZINE 100MG TAB X 1000,Pharmacy,TABLETS,JAR,,17000,,1,1
6775.00,CLOFENCOL X 60,,CHLORAMPHENICOL  SYR 100ML(MULTICOY),Pharmacy,SYRUP,BOTTLE,,390,,1,100ML
6156000000000.00,CHLORAMPHENICOL,Chloramphenicol,CHLORAMPHENICOL (drugfield) EYE DROPS  10ml,Pharmacy,EYE DROPS,BOTTLE,,226,DRUGFIELD PHARMACEUTICALS LIMITED,1,10ml
1007416.00,chloramphenicol (drugfield),,CHLORAMPHENICOL (DRUGFIELD) EYE OINTMENT 5G,Pharmacy,EYE OINTMENT,TUBE,,250,DRUGFIELD PHARMACEUTICALS LIMITED,1,1
5413.00,chloramphenicol,Chloramphenicol,CHLORAMPHENICOL (ELISCA)  EAR DROPS 5%,Pharmacy,EAR DROPS,BOTTLE,,475,ASSENE- LABOREX LTD,1,1
1000741.00,chloramphenicol,Chloramphenicol,CHLORAMPHENICOL (ELISCA) EYE DROPS 0.5% 10ML,Pharmacy,EYE DROPS,BOTTLE,,275,,1,10ML
,chloramphenicol,Chloramphenicol,CHLORAMPHENICOL (MULTICOY)  EYE DROPS 5ML,Pharmacy,EYE DROPS,BOTTLE,,160,,1,1
9939.00,chloramphenicol,,CHLORAMPHENICOL (NCL)  EYE DROPS 10ML,Pharmacy,EYE DROPS,BOTTLE,,150,,1,1
1007640.00,chloramphenicol (VITA BIOTIC),,CHLORAMPHENICOL (VITA BIOTIC) SUSP  [BOTTLE],Pharmacy,SUSPENSION,BOTTLE,,440,VITABIOTICS (NIGERIA) LTD.,1,1
4753.00,Mb-chlor,,CHLORAMPHENICOL EAR DROPS 5ML(MULTICOY),Pharmacy,EYE DROPS,BOTTLE,,280,,1,5ML
8904030000000.00,CHLORAMPHENICOL,,CHLORAMPHENICOL EYE DROPS  5ML(MULTICOY),Pharmacy,EYE DROPS,BOTTLE,,165,,1,10ML
1001316.00,chloramphenicol M.C.A,Chloramphenicol,CHLORAMPHENICOL M.C.A EYE DROPS,Pharmacy,EYE DROPS,BOTTLE,,135,,1,1
6154000000000.00,CHLOROQUINE,Chloroquine,CHLOROQUINE (Emzor ) SYR  60ML,Pharmacy,SYRUP,BOTTLE,,240,EMZOR PHARMACEUTICAL INDUSTRIES,1,60ML
6177.00,CHLOROQUINE,Chloroquine,CHLOROQUINE (EVANS)  TABS  X 1000,Pharmacy,TABLETS,JAR,,300,,1,1
11963.00,CHLOROQUINE,,CHLOROQUINE (LEADY)  SYR 2 LIT,Pharmacy,SYRUP,BOTTLE,,500,,1,1
58964789.00,CHLOROQUINE SYRUP 2LITRES,,CHLOROQUINE SYRUP 2LITRES SYR,Pharmacy,SYRUP,JAR,,700,BESPHA PHARM NIGERIA LTD,1,1
,chloroquine(nkoyo),,CHLOROQUINE(NKOYO) INJ 30ML X 10,Pharmacy,INJECTION (SOLUTION),VIALS,,2300,NKOYO PHARM LTD,10,1
4541.00,PIRITON,Chlorpheniramine,CHLORPHENIRAMINE 4MG TAB  X 1000(MULTI COY),Pharmacy,TABLETS,JAR,,460,VITABIOTICS (NIGERIA) LTD.,1,1
10738.00,Piriton,,CHLORPHENIRAMINE 60ML SYR (MULTI COY),Pharmacy,SYRUP,BOTTLE,,140,,1,60ML
9092.00,CHLORPROPAMIDE,,CHLORPROPAMIDE  250MG X 1000,Pharmacy,,JAR,,3190,,1,1
6156000000000.00,Chlorxy-G,,CHLORXY-G CREAM,Pharmacy,CREAM,TUBE,,370,,1,1
799873000000.00,CHOLESTEROL DEFENCE(N/F) X 60,,CHOLESTEROL DEFENCE(N/F) X 60,Pharmacy,,JAR,,6600,,1,1
6010142.00,CHROMIUM PICOLINATE,,CHROMIUM PICOLINATE TABS X 1,Pharmacy,TABLETS,JAR,,1950,,1,1
1000214.00,CICATRIN,clavulanic acid,CICATRIN POWDER  10G,Pharmacy,POWDER,BOTTLE,,550,,1,10G
11355.00,CIFLAXIN,,CIFLAXIN EYE DROPS 5ML X 1,Pharmacy,EYE DROPS,BOTTLE,,450,DRUGFIELD PHARMACEUTICALS LIMITED,1,1
6156000000000.00,CIKLAVIT,,CIKLAVIT SYR 200ML,Pharmacy,SYRUP,BOTTLE,,1132,,1,1
5413900000000.00,CILOXAN,Ciprofloxacin Hydrochloride,CILOXAN EYE DROPS 0.3% 5ML,Pharmacy,EYE DROPS,BOTTLE,,980,,1,5ML
30768140229.00,CINNAMON (SUNDOWN) 1000MG CAPS X 200,,CINNAMON (SUNDOWN) 1000MG CAPS X 200,Pharmacy,,JAR,,1455,,1,1
,cinnamon(21 century),,CINNAMON(21 CENTURY) CAPS 1000MG X 120,Pharmacy,CAPSULES,JAR,,3500,megavox ltd,1,1
,CINNAMON(MASON),,CINNAMON(MASON) CAPS 1000MG X 1,Pharmacy,CAPSULES,JAR,,2500,megavox ltd,1,1
6012193.00,CINNAMON(P/P),,CINNAMON(P/P) CAPS 500MG X 100,Pharmacy,CAPSULES,JAR,,2800,,1,1
8120.00,CIPRGYL X 100 IV,,CIPRGYL X 100 IV INFUSION 500ML,Pharmacy,INFUSION,BOTTLE,,90,,1,1
8902400000000.00,ciproCet,,CIPROCET EYE DROPS 10ML,Pharmacy,EYE DROPS,BOTTLE,,230,,1,1
6012965.00,ciprofloxacin,,CIPROFLOXACIN (NCI)  EYE/EAR DROPS X 1,Pharmacy,EYE/EAR DROPS,BOTTLE,,110,,1,1
10232.00,CIPROFLOXACIN,,CIPROFLOXACIN (UNBRANDED) INFUSION 500MG 100ML,Pharmacy,INFUSION,BOTTLE,,200,,1,100ml
6010210.00,CIPROFLOXACIN INFUSION(UNIQUE),,CIPROFLOXACIN INFUSION(UNIQUE)   X 100,Pharmacy,,BOTTLE,,30000,,100,1
8906000000000.00,Ciprotab,Ciprofloxacin,CIPROTAB  INFUSION 2mg/ml 100ML,Pharmacy,INFUSION,BOTTLE,,260,,1,100ML
8310.00,CIRCUMSION SCISSORS,,CIRCUMCISION SCISSORS  S/S,Pharmacy,,PCS,,240,,1,1
1000080.00,CITRAMIN X 60,,CITRAMIN C X 60 DROPS 15ML,Pharmacy,ORAL DROPS,BOTTLE,,260,,1,1
6009853.00,citramin syrup x 50,,CITRAMIN SYRUP X 50,Pharmacy,,BOTTLE,,286,,1,1
6009471.00,citro clear oil,,CITRO CLEAR OIL X 1,Pharmacy,,JAR,,300,,1,1
14918.00,CIVODEX,,CIVODEX EYE/EAR DROPS 5ML,Pharmacy,EYE/EAR DROPS,BOTTLE,,520,,1,1
15237.00,CLAM-TONE (CALCIUM) X100,,CLAM-TONE (CALCIUM) X100 TABS,Pharmacy,TABLETS,JAR,,180,,1,1
1007590.00,CLAM-TONE,,CLAM-TONE X 1000 TABS,Pharmacy,TABLETS,JAR,,1050,,1,1
,clamprost,,CLAMPROST EYE DROPS 0.004% 3ML,Pharmacy,EYE DROPS,BOTTLE,,3600,,1,3ml
1003249.00,CLAVULIN,Amoxicillin and Clavulanate,CLAVULIN SUSP 228MG/5ML,Pharmacy,SUSPENSION,BOTTLE,,788,WWCVL (GSK),1,1
6012494.00,CLAVULIST,,CLAVULIST INJ X 1,Pharmacy,INJECTION (POWDER),VIALS,,650,,1,1
6013309.00,CLEANSE,,CLEANSE CAPS  X 60,Pharmacy,CAPSULES,JAR,,4800,,1,1
6009117.00,clearcuf(adult),,CLEARCUF(ADULT) SYR X 1,Pharmacy,SYRUP,BOTTLE,,142,,1,1
14777.00,CLEARCURF(FAITH),,CLEARCURF(FAITH)   100ML,Pharmacy,,BOTTLE,,120,,1,100ML
6008864.00,CLINCAP,,CLINCAP GEL 15GM X 10,Pharmacy,GEL,TUBE,,15000,,10,1
6008865.00,CLINCAP,,CLINCAP GEL 30GM X 10,Pharmacy,GEL,TUBE,,2800,,10,1
1008946.00,CLINICAL THERMOMETER S/S,,CLINICAL THERMOMETER S/S,Pharmacy,,PCS,,2640,,1,1
1007494.00,CLOFENCOL,,CLOFENCOL SYR 100ML,Pharmacy,SYRUP,BOTTLE,,240,,1,1
6013133.00,CO Q 10,,CO Q 10 (MASON)  CAPS  X 100,Pharmacy,CAPSULES,JAR,,1900,,1,1
6012395.00,CO Q 10 (N/F),,CO Q 10 (N/F) CAPS 200MG X 30,Pharmacy,CAPSULES,JAR,,8200,,1,1
,Co Q-10,,CO Q-10 (PURITANS PRIDE)  SOFTGEL 200MG X 30,Pharmacy,SOFTGEL,JAR,,4300,,1,1
25077155927.00,CO Q-10,,CO Q-10 (PURITIANS PRIDE)  SOFTGEL 100MG X 30,Pharmacy,SOFTGEL,JAR,,3000,,1,1
74312048876.00,CO Q-10(NATURE 'S BOUNTY) 150MG CAPS X 45,,CO Q-10(NATURE 'S BOUNTY) 150MG CAPS X 45,Pharmacy,,JAR,Paracetamol overdosage ,1990,,1,1
6008719.00,co q-10(nature field) x 60,,CO Q-10(NATURE FIELD) X 60 CAPS,Pharmacy,CAPSULES,JAR,,3500,,1,1
6012440.00,CO Q.10(P/P),,CO Q.10(P/P)  100MG X 100,Pharmacy,,JAR,,3200,,1,1
1007978.00,CO-AMOXICLAV,,CO-AMOXICLAV SUSP,Pharmacy,SUSPENSION,BOTTLE,,400,,1,1
1007511.00,CO-ARINATE,,CO-ARINATE SUSP,Pharmacy,SUSPENSION,BOTTLE,,620,,1,1
8477.00,CO-ARTESIANE,,CO-ARTESIANE SUSP  100ML,Pharmacy,SUSPENSION,BOTTLE,,600,,1,60ml
6011659.00,CoD LIVER OIL(DR HOMMELS),,COD LIVER OIL(DR HOMMELS) 125ML,Pharmacy,,BOTTLE,,1650,,1,1
6012200.00,CoD LIVER OIL(DR HOMMELS),,COD LIVER OIL(DR HOMMELS) SYR  200ML,Pharmacy,SYRUP,BOTTLE,,1650,,1,200ML
6011187.00,cod liver oil(ortomeds),,COD LIVER OIL(ORTOMEDS) SYR X 1,Pharmacy,SYRUP,BOTTLE,,1800,,1,1
6011165.00,COD LIVER OIL(P/P),,COD LIVER OIL(P/P) SOFTGEL X 100,Pharmacy,SOFTGEL,JAR,,1700,,1,1
6013120.00,cod-ramipril,,COD-RAMIPRIL TABS 5MG X 100,Pharmacy,TABLETS,BLISTER,,7500,,100,10
,codolin expectorant,,CODOLIN EXPECTORANT SYR  100ML,Pharmacy,SYRUP,BOTTLE,,220,,1,100ml
6013030.00,COF N COLD DROP,,COF N COLD DROP X 1,Pharmacy,,BOTTLE,,130,,1,1
9720.00,COF N COLD,,COF N COLD SYR 100ML,Pharmacy,SYRUP,BOTTLE,,105,,1,1
6010235.00,COF OFF(ADULT),,COF OFF(ADULT) SYR X 1,Pharmacy,SYRUP,BOTTLE,,100,,1,1
6010236.00,COF OFF(CHILD),,COF OFF(CHILD) SYR X 1,Pharmacy,SYRUP,BOTTLE,,100,,1,1
,cofepront cough syr.,,COFEPRONT COUGH SYR.   X 1,Pharmacy,,BOTTLE,,450,DRUGFIELD PHARMACEUTICALS LIMITED,1,1
1002115.00,COFEX COUGH SYRUP,,COFEX COUGH SYRUP  100ML X 1,Pharmacy,,BOTTLE,,270,SKG PHARMA LTD,1,1
6156000000000.00,COFLAX ADULT,,COFLAX ADULT   100ML,Pharmacy,,BOTTLE,,440,DRUGFIELD PHARMACEUTICALS LIMITED,1,100ML
6156000000000.00,COFLAX CHILD,,COFLAX CHILD SYR 100ML,Pharmacy,SYRUP,BOTTLE,,410,DRUGFIELD PHARMACEUTICALS LIMITED,1,1
6011272.00,CoFLAX WITH CODIENE,,COFLAX WITH CODIENE SYR X 1,Pharmacy,SYRUP,BOTTLE,,725,,1,1
1002116.00,COFLIN EXPECTORANT,,COFLIN EXPECTORANT SYR  100ML,Pharmacy,SYRUP,BOTTLE,,250,VITABIOTICS (NIGERIA) LTD.,1,100ML
1000044.00,Coflin LINTUS X 60,,COFLIN LINTUS X 60 SYR,Pharmacy,SYRUP,BOTTLE,,320,VITABIOTICS (NIGERIA) LTD.,1,1
1000391.00,COFMIX EXPECTORANT,,COFMIX EXPECTORANT,Pharmacy,,BOTTLE,,196,,1,1
1001913.00,COFMIX JUNIOR,,COFMIX JUNIOR   100ML,Pharmacy,,BOTTLE,,252,,1,100ML
021265  220134,COFMIX LINCTUS,,COFMIX LINCTUS 100ML,Pharmacy,,BOTTLE,,230,,1,1
,COFREMEDY EXPECTORANT,,COFREMEDY EXPECTORANT SYR 100ML,Pharmacy,SYRUP,BOTTLE,,350,DIAMOND HEALTHCARE LTD,1,1
6153400000000.00,COFTA,,COFTA SYR 100ML,Pharmacy,SYRUP,BOTTLE,,360,,1,1
6011431.00,COLIPAN,,COLIPAN SYR 60ML X 1,Pharmacy,SYRUP,BOTTLE,,465,,1,1
,COLLAGEN + GLUTHATIONE,,COLLAGEN + GLUTHATIONE CAPS X 120,Pharmacy,CAPSULES,JAR,,3500,LIFEMEANS STANDARD LIMITED,1,1
,collAGEN c hydolysate with biotin(alfa),,COLLAGEN C HYDOLYSATE WITH BIOTIN(ALFA) CAPS 1000MCG X 60,Pharmacy,CAPSULES,JAR,,5500,MARK PHARM LTD.,1,1
6012711.00,collagen powder,,COLLAGEN POWDER  6600MG 198G,Pharmacy,,JAR,,9500,,1,1
6011285.00,COLLAGEN(MASON),,COLLAGEN(MASON) CAPS 1500MG X 120,Pharmacy,CAPSULES,JAR,,5600,,1,1
,COLLAGEN+GLUTATHIONE,,COLLAGEN+GLUTATHIONE CAPS X 100,Pharmacy,CAPSULES,JAR,,4000,UZORMARK GLOBAL SERVICE LTD,1,1
1555.00,COLLOMACK,,COLLOMACK LOTION  10ML,Pharmacy,LOTION,BOTTLE,,830,,1,10ML
,colon cleanse(21 century),,COLON CLEANSE(21 CENTURY) CAPS X 120,Pharmacy,CAPSULES,JAR,,4900,megavox ltd,1,1
1007845.00,COMBIFEN,,COMBIFEN SYR 100ML,Pharmacy,SYRUP,BOTTLE,,215,,1,1
,COMBIFEN,,COMBIFEN SYR 60ML X 1,Pharmacy,SYRUP,BOTTLE,,215,,1,1
6012232.00,complete multivitamin(equate),,COMPLETE MULTIVITAMIN(EQUATE) TABS X 130,Pharmacy,TABLETS,JAR,,1900,,1,1
,constistop lactulose,,CONSTISTOP LACTULOSE SOLUTION 10GM/15ML X 1,Pharmacy,SOLUTION,BOTTLE,,2300,CHEZ RESOURCES PHARM. LTD,1,1
7588.00,COPPER T,,COPPER T   X 6,Pharmacy,,SACHET,,2700,,6,1
8806450000000.00,COPT,,COPT EYE DROPS,Pharmacy,EYE DROPS,BOTTLE,,4800,,1,1
9556100000000.00,COSAMINE,,COSAMINE CAPS 250MG,Pharmacy,CAPSULES,JAR,,295,,1,1
5662.00,COSCOPIN  CHILD,,COSCOPIN  CHILD SYR  50ML,Pharmacy,SYRUP,BOTTLE,,200,,1,50ml
5661.00,coscopin ADULT,,COSCOPIN ADULT SYR  100ML,Pharmacy,SYRUP,BOTTLE,,250,,1,100ml
11210.00,COSCOS,,COSCOS  MEDIUM SIZE,Pharmacy,,PCS,,1800,,1,1
6223000000000.00,COSOPT,Dorzolamide and Timolol,COSOPT EYE DROPS 2% 5ML,Pharmacy,EYE DROPS,BOTTLE,,6700,,1,5ML
6008632.00,COTRIMOXAZOLE,,COTRIMOXAZOLE (BOND)  TABS 480MG X 1000,Pharmacy,TABLETS,JAR,,3170,,1,1
6168.00,COTRIMOXAZOLE,Cotrimoxazole,COTRIMOXAZOLE (EVANS) SYR  50ML,Pharmacy,SYRUP,BOTTLE,,170,,1,50ML
10366.00,COTRIMOXAZOLE,,COTRIMOXAZOLE (MOPSON)  SYR 100ML,Pharmacy,SYRUP,BOTTLE,,380,,1,1
5641.00,COTRIMOXAZOLE,Cotrimoxazole,COTRIMOXAZOLE TABS  {UNBRANDED} X 1000,Pharmacy,TABLETS,JAR,,3400,,1,1
10545.00,COTTON WO0L,,COTTON WO0L  250GM,Pharmacy,,PCS,,185,,1,1
1008945.00,cotton wool 100GM,,COTTON WOOL 100GM,Pharmacy,,PCS,,90,,1,1
1008944.00,cotton wool 50gm,,COTTON WOOL 50GM   [PCS] X 1,Pharmacy,,PCS,,55,,1,1
254036.00,COUGH SYRUP 2LITER,,COUGH SYRUP 2LITER SOLUTION,Pharmacy,SOLUTION,JAR,,900,BESPHA PHARM NIGERIA LTD,1,1
6012277.00,COUNTBOOST,,COUNTBOOST CAPS X 1,Pharmacy,CAPSULES,JAR,,10600,,1,1
,coveram (parallel),,COVERAM (PARALLEL) TABS 5MG/5MG X 30,Pharmacy,TABLETS,JAR,,5500,,1,1
6013130.00,coveram plus,,COVERAM PLUS (PARALLEL)  TABS 5MG/1.25MG/5MG X 30,Pharmacy,TABLETS,JAR,,6800,,1,1
6013002.00,coveram plus,,COVERAM PLUS TABS 10MG/2.5MG/10MG X 30,Pharmacy,TABLETS,JAR,,7800,,1,1
6013003.00,coveram plus,,COVERAM PLUS TABS 10MG/2.5MG/5MG X 30,Pharmacy,TABLETS,JAR,,7800,,1,1
6013004.00,coveram plus,,COVERAM PLUS TABS 5MG/1.25MG/10MG X 30,Pharmacy,TABLETS,JAR,,7780,,1,1
6013005.00,coveram plus,,COVERAM PLUS TABS 5MG/1.25MG/5MG X 30,Pharmacy,TABLETS,JAR,,7450,,1,1
,COVERAM,,COVERAM TABS 10MG/10MG X 30,Pharmacy,TABLETS,JAR,,7900,,1,1
6013228.00,COVERAM,,COVERAM TABS 5MG/5MG X 30,Pharmacy,TABLETS,JAR,,7200,,1,1
15348.00,COW& GATE 1,,COW& GATE 1  400G,Pharmacy,,TIN,,1805,,1,1
,CRANBERRY,,CRANBERRY (MASON)  CAPS X 90,Pharmacy,CAPSULES,JAR,,3800,LIFEMEANS STANDARD LIMITED,1,90
74312143601.00,CRANBERRY(P/p) X 100,,CRANBERRY(P/P) X 100 CAPS,Pharmacy,CAPSULES,JAR,,3200,,1,1
6011887.00,creatINE,,CREATINE CAPS  X 200,Pharmacy,CAPSULES,JAR,,8000,,1,1
6011888.00,creatINE,,CREATINE CAPS  X 300,Pharmacy,CAPSULES,JAR,,6780,,1,1
6009291.00,creatINE,,CREATINE CAPS X 120,Pharmacy,CAPSULES,JAR,,7000,,1,1
786560000000.00,creatine nitrate cap,,CREATINE NITRATE CAP CAPS X 240,Pharmacy,CAPSULES,JAR,,1,,1,1
6012270.00,creatine pump fuel,,CREATINE PUMP FUEL X 1,Pharmacy,,JAR,,5755,,1,1
6012545.00,CREATINE(WEIDER),,CREATINE(WEIDER) CAPS  X 150,Pharmacy,CAPSULES,JAR,,4800,,1,1
1008948.00,CREPE  BANDAGE 6 INCHES,,CREPE  BANDAGE 6 INCHES,Pharmacy,,PCS,,250,,1,1
6553.00,Crepe Bandage,,CREPE BANDAGE  4 INCHES,Pharmacy,,PCS,,180,,1,1
6568.00,Crepe Bandage 3inch,,CREPE BANDAGE 3INCH,Pharmacy,,PCS,,160,,1,1
6011559.00,CROMSOL,,CROMSOL EYE DROPS 2% 5ML,Pharmacy,EYE DROPS,BOTTLE,,615,,1,1
1008957.00,CRYSTALLINE PENICILLIN,,CRYSTALLINE PENICILLIN INJ 0.6MG [CHINA],Pharmacy,INJECTION (POWDER),VIALS,,0,,1,1
1008953.00,CRYSTALLINE PENICILLIN,,CRYSTALLINE PENICILLIN INJ 0.6MG X 100,Pharmacy,INJECTION (POWDER),VIALS,,7000,,100,1
6012119.00,CURCLAV,,CURCLAV SUSP 228.5MG/5ML 100ML,Pharmacy,SUSPENSION,BOTTLE,,600,,1,1
1001023.00,CUSIMOLOL,,CUSIMOLOL EYE DROPS  5MLS,Pharmacy,EYE DROPS,BOTTLE,,850,,1,5MLS
11633.00,CUTENOX,,CUTENOX INJ 20MG,Pharmacy,INJECTION (SOLUTION),AMPOULES,,650,,1,1
10324.00,CUTENOX,,CUTENOX INJ 40MG X 1,Pharmacy,INJECTION (SOLUTION),AMPOULES,,1050,,1,1
6319.00,cypeni,Cyproheptadine,CYPENI CAPLET  X 30,Pharmacy,CAPLET,CAPLET,,1020,,30,10
,CyPRIGOLD PLUS,,CYPRIGOLD PLUS SYR  200ML,Pharmacy,SYRUP,BOTTLE,,445,,1,200ML
1000436.00,CYPRIGOLD,Cyproheptadine,CYPRIGOLD SYR  100ML,Pharmacy,SYRUP,BOTTLE,,240,,1,100ML
1000435.00,CYPRIGOLD,Cyproheptadine,CYPRIGOLD SYR  200ML,Pharmacy,SYRUP,BOTTLE,,350,,1,200ML
1000994.00,cyprivit,,CYPRIVIT SYR  100ml,Pharmacy,SYRUP,BOTTLE,,260,,1,100ml
1000993.00,cyprivit,,CYPRIVIT SYR  200ml,Pharmacy,SYRUP,BOTTLE,,430,,1,200ml
6011536.00,Cyprodine,,CYPRODINE SYR  200ML,Pharmacy,SYRUP,BOTTLE,,2900,,1,200ml
8208.00,CyPRODINE X 30,,CYPRODINE X 30 CAPS,Pharmacy,CAPSULES,BOTTLE,,2000,,1,1
1002043.00,D-KOFF x 20,,D-KOFF  SYR 100ML,Pharmacy,SYRUP,BOTTLE,Aminoglycosides,400,JAWA INTERNATIONAL,1,1
1007514.00,DAFRACLAV,,DAFRACLAV SUSP 457MG,Pharmacy,SUSPENSION,BOTTLE,,750,,1,1
1007513.00,DAFRACLAV,,DAFRACLAV SYR 228MG,Pharmacy,SYRUP,BOTTLE,,600,,1,1
1007753.00,DAILY LIVING BITTERS,,DAILY LIVING BITTERS SYR 200ML,Pharmacy,SYRUP,BOTTLE,,500,,1,1
1000224.00,DAKTACORT,,DAKTACORT CREAM  15G,Pharmacy,CREAM,TUBE,,1395,,1,15G
1000208.00,DAKTARIN,Miconazole,DAKTARIN CREAM  15G,Pharmacy,CREAM,TUBE,,1220,,1,15G
1007545.00,DANACID,,DANACID SUSP 200ML,Pharmacy,SUSPENSION,BOTTLE,,400,,1,1
6154000000000.00,danacid X 1000,,DANACID X 1000 TABS,Pharmacy,TABLETS,JAR,,2700,,1,1
7505.00,Danaclox,Ampicillin,DANACLOX SYR 100ML,Pharmacy,SYRUP,BOTTLE,Prophylactic drugs,170,,1,1
,danzel,,DANZEL SUSP X 1,Pharmacy,SUSPENSION,BOTTLE,,150,SURELIFE PHARMACEUTICAL INDUSTRIES LIMITED,1,1
8906040000000.00,DARAVIT FORTE X 30,,DARAVIT FORTE X 30 CAPS,Pharmacy,CAPSULES,JAR,,1750,,1,1
6708.00,DARAVIT TONIC,,DARAVIT TONIC   200ML,Pharmacy,,BOTTLE,,300,,1,200ML
6009270.00,dawacof,,DAWACOF SYR 100ML X 1,Pharmacy,SYRUP,BOTTLE,,260,,1,1
6156000000000.00,DE-DEON'S,,DE-DEON'S SYR  150ML,Pharmacy,SYRUP,BOTTLE,,900,,1,150ML
1000515.00,DE-DEON'S,,DE-DEON'S SYR 280ML,Pharmacy,SYRUP,BOTTLE,,1270,,1,1
6013080.00,DE-SHALOM COF,,DE-SHALOM COF SYR X 1,Pharmacy,SYRUP,BOTTLE,,170,,1,1
6013198.00,deep freeze spray,,DEEP FREEZE SPRAY X 1,Pharmacy,,SPRAY CAN,,2000,,1,1
1007967.00,Deep Heat Rub,,DEEP HEAT RUB  15GM,Pharmacy,,TIN,,160,,1,1
5011500000000.00,Deep Heat Rub,,DEEP HEAT RUB  67G,Pharmacy,,TUBE,,250,,1,1
5011500000000.00,Deep Heat Rub,l-tyrosine,DEEP HEAT RUB 35GM,Pharmacy,SKIN OINTMENT,TUBE,,1200,,1,35G
5011500000000.00,DEEP HEAT,,DEEP HEAT SPRAY  150ML,Pharmacy,SPRAY,BOTTLE,,2100,GBGL PHARMA LTD.,1,150ML
8904220000000.00,DEEVICK'S,,DEEVICK'S SYR 200ML,Pharmacy,SYRUP,BOTTLE,,470,,1,1
15186.00,degat,,DEGAT CREAM 15G,Pharmacy,CREAM,TUBE,,250,,1,1
10394.00,DELIVERY FORCEPT,,DELIVERY FORCEPT,Pharmacy,,PCS,,950,,1,1
8636.00,DELIVERY SET,,DELIVERY SET   X 1,Pharmacy,,PCS,,9600,,1,1
3229648.00,Depo-medrol,Methylprednisolone Acetate,DEPO-MEDROL INJ 40MG 1ML,Pharmacy,INJECTION (POWDER),VIALS,,900,WWCVL (PFIZER),1,1ml
4490.00,DEPO-PROVERA,Medroxyprogesterone,DEPO-PROVERA INJ 150MG,Pharmacy,INJECTION (SOLUTION),VIALS,,520,,1,1
6012646.00,dermacol,,DERMACOL CREAM  30G,Pharmacy,CREAM,TUBE,,200,,1,30g
1000176.00,DERMAZIN,Silver Sulfadiazine,DERMAZIN CREAM 25G,Pharmacy,CREAM,TUBE,,1050,,1,1
1000180.00,DERMOVATE,Clobetasol Propionate,DERMOVATE CREAM  30G,Pharmacy,CREAM,TUBE,,1650,,1,30G
5033.00,DETONIC,,DETONIC SYR 200ML,Pharmacy,SYRUP,BOTTLE,,200,,1,1
2589.00,DEXA,Dexamethasone,DEXA INJ X 1,Pharmacy,INJECTION (SOLUTION),AMPOULES,,80,THINE FOREVER PHARMACEUTIAL,1,1
6102.00,dexacortin X 100,,DEXACORTIN  TABS  1MG X 100,Pharmacy,TABLETS,JAR,,650,,1,1MG
11955.00,DEXAMETHASONE,,DEXAMETHASONE (MULTICOY) 0.5MG TABS  X 1000,Pharmacy,TABLETS,JAR,,1300,,1,1
,DEXAMETHASONE,,DEXAMETHASONE TABS 0.5MG {MULTICOY} X 100,Pharmacy,TABLETS,JAR,,160,OANG LIMITED,1,1
6008668.00,DEXATROL,,DEXATROL EYE DROPS 5ML,Pharmacy,EYE DROPS,BOTTLE,,750,,1,1
8902400000000.00,dexcipro,,DEXCIPRO EYE DROPS 10ML X 1,Pharmacy,EYE DROPS,BOTTLE,,1000,,1,1
1100.00,DEXORANGE,,DEXORANGE SYR  200ML,Pharmacy,SYRUP,BOTTLE,,1070,GREENLIFE PHARMACEUTICALS LIMITED,1,200ML
8217.00,DEXTRACIN,,DEXTRACIN EYE/EAR DROPS  5ML,Pharmacy,EYE/EAR DROPS,BOTTLE,,860,,1,5ML
4447.00,DEXTROSE /WATER 10% X 20,,DEXTROSE /WATER 10% X 20 INFUSION  500ML,Pharmacy,INFUSION,BOTTLE,,700,,1,500ML
4446.00,DEXTROSE /WATER 5% X 20,,DEXTROSE /WATER 5% X 20 INFUSION  500ML,Pharmacy,INFUSION,BOTTLE,,575,,1,500ML
6012996.00,DEXTROSE SALINE 0.9%,,DEXTROSE SALINE 0.9% (FIDSON)  INFUSION X 1,Pharmacy,INFUSION,JAR,,625,,1,1
4454.00,DEXTROSE SALINE 0.9%,,DEXTROSE SALINE 0.9% INFUSION  500ML,Pharmacy,INFUSION,BOTTLE,,625,,1,500ML
,DEXTROSE SALINE(FIDSON) 4.3% & 0.18%,,DEXTROSE SALINE(FIDSON) 4.3% & 0.18% INFUSION 500ML X 1,Pharmacy,INFUSION,BOTTLE,,700,FIDSON HEALTHCARE PLC,1,1
,DEXTROSE WATER 50%,,DEXTROSE WATER 50% SOLUTION 100ML X 1,Pharmacy,SOLUTION,JAR,,650,UNIQUE PHARMACEUTICALS LIMITED,1,1
4460.00,DEXTROSE/SALINE X 20 (UNIDEXAL-18),,DEXTROSE/SALINE X 20 (UNIDEXAL-18)  4.3% 500ML,Pharmacy,,BOTTLE,,275,,1,500ML
9556100000000.00,dha emulsion,,DHA EMULSION SYR 100ML X 1,Pharmacy,SYRUP,BOTTLE,,2495,,1,1
,DHA PLUS,,DHA PLUS   X 1,Pharmacy,,BOTTLE,,1900,ADVANTAGE PHARM. LTD.,1,1
6012546.00,DHEA(P/P),,DHEA(P/P) TABS 50MG X 50,Pharmacy,TABLETS,JAR,,2350,,1,1
11221.00,DIANA ROYAL JELLY,,DIANA ROYAL JELLY CAPS  X 30,Pharmacy,CAPSULES,JAR,,10500,,1,1
1000408.00,DIASTOP,Kaolin,DIASTOP SUSP 100ML,Pharmacy,SUSPENSION,BOTTLE,,230,,1,1
2674.00,DIAZEPAM,Diazepam,DIAZEPAM  5MG (JUHEL) TAB X 1000,Pharmacy,TABLETS,JAR,,2730,JUHEL (NIGERIA) LIMITED,1,1
5051.00,DIAZEPAM,,DIAZEPAM  5MG (VITABIOTICS) TAB X 1000,Pharmacy,TABLETS,JAR,,2190,,1,1
6008802.00,DIAZEPAM(ARCHY),,DIAZEPAM(ARCHY) TABS 5MG X 1000 {VALLINEX},Pharmacy,TABLETS,JAR,,2465,ARCHY PHARMACEUTICALS LTD,1,1
2799.00,DIAZEPAM(MULTICOY),,DIAZEPAM(MULTICOY) (ZOOMOTA)  INJ 10MG/2ML X 10,Pharmacy,INJECTION (SOLUTION),AMPOULES,,75000,,10,1
6012326.00,DICLOEYE,,DICLOEYE EYE DROPS  10ML,Pharmacy,EYE DROPS,BOTTLE,,475,,1,10ML
8906010000000.00,DICLOGENTA,,DICLOGENTA EYE DROPS 5ML,Pharmacy,EYE DROPS,BOTTLE,,750,,1,1
8902400000000.00,DICLOSUM,,DICLOSUM EYE DROPS 5ML,Pharmacy,EYE DROPS,BOTTLE,,550,,1,1
6013218.00,DIGIVIN BITTERS,,DIGIVIN BITTERS 200ML,Pharmacy,,JAR,,1300,,1,1
6009654.00,DONCINAT,,DONCINAT SUSP 125MG/5ML X 1,Pharmacy,SUSPENSION,BOTTLE,,1205,,1,1
,DORZOLAMIDE,Dorzolamide,DORZOLAMIDE EYE DROPS  {MULTICOY} X 1,Pharmacy,EYE DROPS,BOTTLE,,3000,ONYI-JEK GLOBAL RESOURCES,1,1
8699760000000.00,DOSTINEX,,DOSTINEX TABS 0.5MG,Pharmacy,TABLETS,JAR,,7500,,1,1
6012300.00,DR HOMMELS,,DR HOMMELS SYR  200ML,Pharmacy,SYRUP,BOTTLE,,1200,,1,200ML
6009145.00,drez ointment,,DREZ OINTMENT X 1,Pharmacy,,TUBE,,640,,1,1
1007501.00,DROFEN,Diclofenac,DROFEN EYE DROPS,Pharmacy,EYE DROPS,BOTTLE,,350,,1,1
6156000000000.00,DRUCAMID,,DRUCAMID EYE DROPS  X 1,Pharmacy,EYE DROPS,BOTTLE,,750,DRUGFIELD PHARMACEUTICALS LIMITED,1,1
1007540.00,DRUGAMOL,Paracetamol,DRUGAMOL INJ 15ML,Pharmacy,INJECTION (SOLUTION),VIALS,,215,DRUGFIELD PHARMACEUTICALS LIMITED,1,1
6156000000000.00,DRUGELA,,DRUGELA GEL  X 1,Pharmacy,GEL,TUBE,,330,DRUGFIELD PHARMACEUTICALS LIMITED,1,1
6011987.00,DRULATAN,,DRULATAN EYE DROPS 0.005% 2.5ML,Pharmacy,EYE DROPS,BOTTLE,,3000,,1,2.5ML
,DRUMELLOSE,,DRUMELLOSE EYE DROPS  10ML,Pharmacy,EYE DROPS,BOTTLE,,600,,1,10ML
6009137.00,duosopt,,DUOSOPT EYE DROPS X 1,Pharmacy,EYE DROPS,BOTTLE,,3350,,1,1
8699760000000.00,duotrav,,DUOTRAV EYE DROPS 2.5ML,Pharmacy,EYE DROPS,BOTTLE,,5102,,1,1
6010541.00,DUREX EXTRA SAFE,,DUREX EXTRA SAFE X 1,Pharmacy,,SACHET,,650,,1,1
6012581.00,EFAMOL BRAIN,,EFAMOL BRAIN SYR  150ML,Pharmacy,SYRUP,BOTTLE,,4540,,1,150ML
6012580.00,EFAMOL BRAIN,,EFAMOL BRAIN TABS  X 60,Pharmacy,TABLETS,JAR,,4560,,1,1
6012579.00,EFAMOL WOMAN,,EFAMOL WOMAN CAPS 500MG X 90,Pharmacy,CAPSULES,JAR,,5750,,1,1
6012921.00,EFAMOL WOMAN,,EFAMOL WOMAN TABS 1000MG X 30,Pharmacy,TABLETS,JAR,,4780,,1,1
8680180000000.00,EFEMOLINE,,EFEMOLINE EYE DROPS  5ML,Pharmacy,EYE DROPS,BOTTLE,,1650,,1,5ML
6154000000000.00,EM-B-PLEX,,EM-B-PLEX TABS X  100,Pharmacy,TABLETS,JAR,,145,,1,1
6154000000000.00,EM-B-PLEX x 60,,EM-B-PLEX X 60 SYR 100ML,Pharmacy,SYRUP,BOTTLE,,235,EMZOR PHARMACEUTICAL INDUSTRIES,1,1
1007423.00,EM-VIT-C,,EM-VIT-C DROPS 15ML,Pharmacy,ORAL DROPS,BOTTLE,,260,,1,1
6154000000000.00,EM-VIT-C,Ascorbic Acid (Vitamin C),EM-VIT-C SYR 100ML,Pharmacy,SYRUP,BOTTLE,,260,EMZOR PHARMACEUTICAL INDUSTRIES,1,1
6011482.00,EmBASSY  INHALER,,EMBASSY  INHALER X 1,Pharmacy,,PCS,,95,,1,1
6154000000000.00,EMCAP,,EMCAP  500MG X 1000,Pharmacy,,JAR,,4100,EMZOR PHARMACEUTICAL INDUSTRIES,1,1
6154000000000.00,EMCAP,,EMCAP SUSP 60ML,Pharmacy,SUSPENSION,BOTTLE,,210,EMZOR PHARMACEUTICAL INDUSTRIES,1,1
6154000000000.00,EMCILLIN,Ampicillin,EMCILLIN SUSP 125MG/5ML 100ML,Pharmacy,SUSPENSION,BOTTLE,,280,EMZOR PHARMACEUTICAL INDUSTRIES,1,100ML
6154000000000.00,EMGYL,Metronidazole,EMGYL SYR 200MG/5ML,Pharmacy,SYRUP,BOTTLE,,230,EMZOR PHARMACEUTICAL INDUSTRIES,1,1
1007461.00,EMMOX,,EMMOX SUSP 100ML,Pharmacy,SUSPENSION,BOTTLE,,380,EMZOR PHARMACEUTICAL INDUSTRIES,1,1
,EMPRIN,,EMPRIN TABS 300MG X 1000,Pharmacy,TABLETS,JAR,,1450,,1,1
6012179.00,Emprofen,,EMPROFEN SUSP  100ML,Pharmacy,SUSPENSION,BOTTLE,,270,,1,100ml
6154000000000.00,EMTRIM,Cotrimoxazole,EMTRIM SUSP 240MG/5ML 50ML,Pharmacy,SUSPENSION,BOTTLE,,250,EMZOR PHARMACEUTICAL INDUSTRIES,1,50ML
6009182.00,EMTRIM,,EMTRIM TABS 480MG X 1000,Pharmacy,TABLETS,JAR,,4150,,1,1
6154000000000.00,emtrisil,Magnesium Trisilicate,EMTRISIL SUSP 200ML,Pharmacy,SUSPENSION,BOTTLE,,520,EMZOR PHARMACEUTICAL INDUSTRIES,1,1
1001291.00,EMVITE,,EMVITE  SYR  100ML,Pharmacy,SYRUP,BOTTLE,,250,EMZOR PHARMACEUTICAL INDUSTRIES,1,100ML
6013095.00,EmVITE DROP,,EMVITE DROP 30ML,Pharmacy,,BOTTLE,,300,,1,1
1007780.00,EMVITE X 100,,EMVITE X 100 TABS,Pharmacy,TABLETS,JAR,,280,,1,1
2672.00,EMVITE x 1000,,EMVITE X 1000 TABS,Pharmacy,TABLETS,JAR,,1400,,1,1
6012662.00,emxidine,,EMXIDINE GEL 25G,Pharmacy,GEL,TUBE,,210,,1,1
1007477.00,EMZIFIX,,EMZIFIX SUSP 100ML,Pharmacy,SUSPENSION,BOTTLE,,660,,1,1
6154000000000.00,Emzoclox,,EMZOCLOX DROPS,Pharmacy,ORAL DROPS,BOTTLE,,400,EMZOR PHARMACEUTICAL INDUSTRIES,1,1
6154000000000.00,EMZOCLOX,,EMZOCLOX X 100 SUSP  100ML,Pharmacy,SUSPENSION,BOTTLE,,450,EMZOR PHARMACEUTICAL INDUSTRIES,1,100ML
,emzolyn 4 way,,EMZOLYN 4 WAY SYR  100ML,Pharmacy,SYRUP,BOTTLE,,380,,1,100ml
6154000000000.00,EMZOLYN EXPECTORANT,Diphenhydramine,EMZOLYN EXPECTORANT SYR  100ML {ADULT},Pharmacy,SYRUP,BOTTLE,,280,EMZOR PHARMACEUTICAL INDUSTRIES,1,100ml
6154000000000.00,EMZOLYN,Diphenhydramine,EMZOLYN SYR  100ML {CHILDREN},Pharmacy,SYRUP,BOTTLE,,260,EMZOR PHARMACEUTICAL INDUSTRIES,1,100ML
6154000000000.00,EMZOLYN WITH CODINE,,EMZOLYN WITH CODINE SYR 100ML,Pharmacy,SYRUP,BOTTLE,,1465,EMZOR PHARMACEUTICAL INDUSTRIES,1,1
6154000000000.00,EMZORON TONIC,Ferric Ammonium Citrate,EMZORON TONIC SYR 200ML,Pharmacy,SYRUP,BOTTLE,,440,EMZOR PHARMACEUTICAL INDUSTRIES,1,1
1000783.00,Encephabol,,ENCEPHABOL SYR 100ML,Pharmacy,SYRUP,BOTTLE,,5300,,1,1
6012937.00,Encephabol,,ENCEPHABOL SYR 200ML,Pharmacy,SYRUP,BOTTLE,,14500,,1,1
1000193.00,ENDIX-G,Econazole,ENDIX-G CREAM  20G,Pharmacy,CREAM,TUBE,,340,,1,20G
,ENERGETIC  TONIC,,ENERGETIC  TONIC SYR X 1,Pharmacy,SYRUP,BOTTLE,,2500,,1,1
1008656.00,EPICLAIR CREAM,,EPICLAIR CREAM,Pharmacy,,TUBE,,500,EMRA,1,1
8902290000000.00,Epiderm,,EPIDERM CREAM 30G,Pharmacy,CREAM,TUBE,,350,SHALINA HEALTHCARE NIGERIA LTD,1,1
3582910000000.00,EPILIM,,EPILIM 125MG/5ML SYR  300ML,Pharmacy,SYRUP,BOTTLE,,4800,,1,300ML
9868.00,EPISIOT0MY SCISSORS,,EPISIOT0MY SCISSORS  B/S,Pharmacy,,PCS,,860,,1,1
12177.00,EPISIOTOMY  SCISSORS,,EPISIOTOMY  SCISSORS  S/S,Pharmacy,,PCS,,450,,1,1
10147.00,EPISTONY SCISSORS M/S,,EPISTONY SCISSORS M/S   X 1,Pharmacy,,PCS,Corticosteroids and other immunosuppressants,550,,1,1
6013124.00,EPO,,EPO (P/P)  CAPS  X 100,Pharmacy,CAPSULES,JAR,,1900,,1,1
14982.00,EPOKIN,,EPOKIN INJ 4000IU,Pharmacy,INJECTION (SOLUTION),AMPOULES,,5835,,1,1
1002193.00,EROXIL 5000,,EROXIL 5000  SYR 750ML,Pharmacy,SYRUP,BOTTLE,,900,,1,750ML
15339.00,EROXIL 5000,,EROXIL 5000 SYR 35CL,Pharmacy,SYRUP,BOTTLE,,505,,1,1
6013079.00,eryGEN,,ERYGEN SUSP X 1,Pharmacy,SUSPENSION,BOTTLE,,450,,1,1
6011427.00,ERYTHROFYNE,,ERYTHROFYNE SUSP 125MG 100ML,Pharmacy,SUSPENSION,BOTTLE,,415,,1,100ML
5095.00,ERYTHROKID,Erythromycin,ERYTHROKID SUSP 250MG/5ML 100ML,Pharmacy,SUSPENSION,BOTTLE,,920,,1,100ML
,ERYTHROMYCIN,,ERYTHROMYCIN (EMZOR) SUSP  100ML,Pharmacy,SUSPENSION,BOTTLE,,380,,1,100ML
6008679.00,ERYTHROMYCIN,,ERYTHROMYCIN (MIRAL)  SYR 250/5ML,Pharmacy,SYRUP,BOTTLE,,805,MIRAL PHARM LIMITED,1,1
6009337.00,erythromycin(tuyil),,ERYTHROMYCIN(TUYIL) SYR 60ML X 1,Pharmacy,SYRUP,BOTTLE,,250,,1,1
1007890.00,ESPEN,,ESPEN SUSP,Pharmacy,SUSPENSION,BOTTLE,,190,MAYDON PHARMACEUTICALS & CHEMICAL CO.LTD,1,1
1007721.00,ESSENTIAL 10,,ESSENTIAL 10 SYR,Pharmacy,SYRUP,BOTTLE,,400,,1,1
1556.00,EURAX,Crotamiton,EURAX CREAM  30G,Pharmacy,CREAM,TUBE,,2800,WWCVL (GSK-CX),1,30G
1000941.00,EUSOL,,EUSOL LOTION  100MLS,Pharmacy,LOTION,BOTTLE,,200,,1,100mls
6015.00,EUSOL,,EUSOL LOTION  2LITRES {APPACO},Pharmacy,LOTION,BOTTLE,,750,,1,2LITRES
1007584.00,EUTRYMIN,,EUTRYMIN SYR,Pharmacy,SYRUP,BOTTLE,,400,,1,1
6013089.00,EVAAIDE SUPPLEMENT(JAR),,EVAAIDE SUPPLEMENT(JAR) X 1,Pharmacy,,JAR,,3300,,1,1
6009081.00,eve desire(nature field) x 30,,EVE DESIRE(NATURE FIELD) X 30,Pharmacy,,JAR,,5900,,1,1
8901140000000.00,EvECARE CAPS X 30,,EVECARE CAPS X 30,Pharmacy,,JAR,,2120,,1,1
,EVENING PRIMROSE OIL (21ST CENTURY),,EVENING PRIMROSE OIL (21ST CENTURY) CAPS X 60,Pharmacy,CAPSULES,JAR,,2500,megavox ltd,1,1
6011545.00,EVENING PRIMROSE(MASON),,EVENING PRIMROSE(MASON) SOFTGEL 500MG X 60,Pharmacy,SOFTGEL,JAR,,3900,,1,1
1008002.00,EVER HEAT BALM,,EVER HEAT BALM LINIMENT,Pharmacy,LINIMENT,TUBE,,120,,1,1
6011159.00,EVERGREEN CM,,EVERGREEN CM TABS X 90,Pharmacy,TABLETS,JAR,,6500,,1,1
,EVERGREEN EGGBOOST,,EVERGREEN EGGBOOST X 1,Pharmacy,,JAR,,11500,CARROT-TOP DRUGS LTD.,1,1
6013253.00,EVERGREEN KIDS,,EVERGREEN KIDS TABS  X 60,Pharmacy,TABLETS,JAR,,4980,,1,1
6013388.00,EVERGREEN MOTILITY FOR MEN,,EVERGREEN MOTILITY FOR MEN TABS  X 60,Pharmacy,TABLETS,JAR,Vitamins,5100,,1,1
6011233.00,evergreen natal care,,EVERGREEN NATAL CARE X 100,Pharmacy,,JAR,,4600,,1,1
6011232.00,evergreen natal care,,EVERGREEN NATAL CARE X 30,Pharmacy,,JAR,,3900,,1,1
6013254.00,EVERGREEN POTENT,,EVERGREEN POTENT TABS  X 30,Pharmacy,TABLETS,JAR,,4800,,1,1
6012392.00,EVERSEAS,,EVERSEAS SYR  170ML,Pharmacy,SYRUP,BOTTLE,,2150,,1,170ML
8809210000000.00,EVIRON HEALTH DRINK,,EVIRON HEALTH DRINK,Pharmacy,,CAN,,330,,1,1
6012644.00,eviron,,EVIRON SYR  200ML,Pharmacy,SYRUP,BOTTLE,,380,,1,200ml
5036850000000.00,EVRIL,,EVRIL EYE DROPS 0.5%,Pharmacy,EYE DROPS,BOTTLE,,275,,1,1
6012981.00,excenat oral,Artemether+Lumefantrine,EXCENAT ORAL SUSP X 1,Pharmacy,SUSPENSION,BOTTLE,,280,,1,1
1008657.00,exiplon child,,EXIPLON CHILD SYR 100ML,Pharmacy,SYRUP,BOTTLE,,162,,1,1
1001297.00,EXIPLON EXPECTORANT,,EXIPLON EXPECTORANT SYR 100ML,Pharmacy,SYRUP,BOTTLE,,193,,1,1
6710.00,EXLYN EXPECTORANT,,EXLYN EXPECTORANT SYR 100ML,Pharmacy,SYRUP,BOTTLE,,150,,1,1
1007528.00,EXPEZOL,,EXPEZOL SYR 10ML,Pharmacy,SYRUP,BOTTLE,,255,,1,1
6012568.00,extrammune,,EXTRAMMUNE SYR  X 24,Pharmacy,SYRUP,BOTTLE,,32880,,24,1
6011393.00,EYE ANTIOXIDANT,,EYE ANTIOXIDANT CAPS X 30,Pharmacy,CAPSULES,JAR,,3950,,1,1
6008853.00,eye antioxidant,,EYE ANTIOXIDANT SYR,Pharmacy,SYRUP,BOTTLE,,3050,,1,1
6013362.00,EYE ANTIOXIDANT(ECOMED),,EYE ANTIOXIDANT(ECOMED) CAPS  X 80,Pharmacy,CAPSULES,JAR,,5000,,1,1
713757000000.00,EYE BRIGHT,,EYE BRIGHT TABS,Pharmacy,TABLETS,JAR,,2375,,1,1
6011024.00,EYE BRIGHT(HILLS NATURAL),,EYE BRIGHT(HILLS NATURAL) CAPS 470MG X 100,Pharmacy,CAPSULES,JAR,,4100,,1,1
713757000000.00,eye cap(nature field) x 30,,EYE CAP(NATURE FIELD) X 30,Pharmacy,,JAR,,3300,,1,1
8906020000000.00,EYEBETSOL-N,,EYEBETSOL-N EYE/EAR DROPS 10ML,Pharmacy,EYE/EAR DROPS,BOTTLE,,395,,1,1
8806450000000.00,EYEDITEN,,EYEDITEN EYE DROPS 10ML,Pharmacy,EYE DROPS,BOTTLE,,1575,,1,1
8906020000000.00,EYEMOLOL,,EYEMOLOL EYE DROPS 0.5%/10ML,Pharmacy,EYE DROPS,BOTTLE,,650,AL-TINEZ PHARMA LTD.,1,1
8806450000000.00,EYESAXOLINE,,EYESAXOLINE EYE DROPS 10ML,Pharmacy,EYE DROPS,BOTTLE,,1600,,1,1
1003474.00,EYETAREN,,EYETAREN EYE DROPS 5ML,Pharmacy,EYE DROPS,BOTTLE,,1550,,1,1
8806450000000.00,EYETROLENT,,EYETROLENT EYE DROPS,Pharmacy,EYE DROPS,BOTTLE,,1565,,1,1
6010302.00,famagyl x 100,,FAMAGYL X 100 SYR 240MG/5ML,Pharmacy,SYRUP,BOTTLE,,130,,1,1
1007876.00,FANTASTIC EXAMINATION GLOVE,,FANTASTIC EXAMINATION GLOVE,Pharmacy,,PCS,,600,DAGOZY BUSINESS CONCEPT,1,1
,fast heat,,FAST HEAT CREAM 30G X 1,Pharmacy,CREAM,TUBE,,280,AWARD GLOBAL COMPANY LTD.,1,1
6012724.00,FASTUM,,FASTUM GEL  100G,Pharmacy,GEL,TUBE,,4250,,1,100G
6008675.00,FASTUM,,FASTUM GEL 50G,Pharmacy,GEL,TUBE,,2300,,1,1
311845000000.00,FAT BURNER,,FAT BURNER TABS  {MASON},Pharmacy,TABLETS,BOTTLE,,3400,,1,1
1008962.00,FAT BURNER(MULTI COY),,FAT BURNER(MULTI COY) TABS,Pharmacy,TABLETS,JAR,,765,,1,1
,feeding tube 16ch/fr,,FEEDING TUBE 16CH/FR X 1,Pharmacy,,SACHET,,160,,1,1
,feeding tube size 18ch/fr,,FEEDING TUBE SIZE 18CH/FR X 1,Pharmacy,,SACHET,,160,,1,1
8299.00,FEOTER STETETHOSCOPE,,FEOTAL STETHOSCOPE  B/S,Pharmacy,,PCS,,450,,1,1
8634.00,FEOTER STETHOSCOPE,,FEOTAL STETHOSCOPE  S/S,Pharmacy,,PCS,,450,,1,1
1000770.00,ferbelan X 20,,FERBELAN X 20 SYR  100ML,Pharmacy,SYRUP,BOTTLE,,250,,1,100ML
5079.00,FERGON,,FERGON (EMZOR )  TABS  X 100,Pharmacy,TABLETS,JAR,,200,,1,1
1007752.00,FERIDOL,,FERIDOL TABS 500MG X 1000,Pharmacy,TABLETS,JAR,,750,,1,1
9332.00,Ferilex (JUNIOR) X 40,,FERILEX (JUNIOR) X 40 SYR  200ML,Pharmacy,SYRUP,BOTTLE,,200,,1,200ML
6404.00,Ferilex (JUNIOR) X 60,Ferric Ammonium Citrate,FERILEX (JUNIOR) X 60 SYR 100ML,Pharmacy,SYRUP,BOTTLE,,120,,1,1
5892.00,Ferilex X 40,Ferric Ammonium Citrate,FERILEX X 40 SYR  200ML,Pharmacy,SYRUP,BOTTLE,,200,,1,200ML
4734.00,Ferilex X 60,Ferric Ammonium Citrate,FERILEX X 60 SYR  100ML,Pharmacy,SYRUP,BOTTLE,,150,,1,100ML
6034000000000.00,FEROBIN PLAIN x 25,,FEROBIN PLAIN X 25 SYR  200ML,Pharmacy,SYRUP,BOTTLE,,480,,1,200ml
4591.00,FEROBIN PLUS X 25,,FEROBIN PLUS X 25 SYR  200ML,Pharmacy,SYRUP,BOTTLE,,480,,1,200ML
5021270000000.00,FEROGLOBIN B12 x 24,,FEROGLOBIN B12  SYR  200ML,Pharmacy,SYRUP,BOTTLE,,2555.5,VITABIOTICS (NIGERIA) LTD.,1,200ML
6013020.00,FEROTAL EXTRA,,FEROTAL EXTRA SYR 1L,Pharmacy,SYRUP,BOTTLE,,1190,,1,1
,FEROTAL EXTRA TONIC,,FEROTAL EXTRA TONIC SYR 100ML X 1,Pharmacy,SYRUP,BOTTLE,,250,FARMEX MEYER LIMITED,1,1
9001.00,FEROTAL EXTRA x 24,,FEROTAL EXTRA X 24 SYR  300ML,Pharmacy,SYRUP,BOTTLE,,455,,1,300ml
4851.00,FEROTAL x 30,Ferric Ammonium Citrate,FEROTAL X 30 SYR  200ML,Pharmacy,SYRUP,BOTTLE,,150,,1,200ml
1007995.00,FEROVITAL TONIC,,FEROVITAL TONIC SYR 200ML,Pharmacy,SYRUP,BOTTLE,,485,,1,1
1007615.00,FERROTOGEN,,FERROTOGEN SYR,Pharmacy,SYRUP,BOTTLE,,335,,1,1
11474.00,FERROUS GLUCONATE X 100,,FERROUS GLUCONATE X 100 TABS  {EMZOR} X 1,Pharmacy,TABLETS,JAR,,170,,1,1
1007911.00,FERROUS GLUCONATE X 1000,,FERROUS GLUCONATE X 1000 TABS 300MG,Pharmacy,TABLETS,JAR,,700,,1,1
2652.00,FERROUS X 1000 (EMZOR),Ferrous Sulfate,FERROUS X 1000 (EMZOR) TABS,Pharmacy,TABLETS,JAR,,1000,EMZOR PHARMACEUTICAL INDUSTRIES,1,1
895749000000.00,FERTILE AID CAPS X 90,,FERTILE AID CAPS X 90,Pharmacy,,JAR,,9160,,1,1
6009289.00,fertile aid(men) x 90,,FERTILE AID(MEN) X 90 CAPS,Pharmacy,CAPSULES,JAR,,15000,,1,1
6009290.00,fertile aid(women) x 90,,FERTILE AID(WOMEN) X 90 CAPS,Pharmacy,CAPSULES,JAR,,15000,,1,1
713757000000.00,fertile support man x 100,,FERTILE SUPPORT MAN X 100 CAPS,Pharmacy,CAPSULES,JAR,,9170,,1,1
713757000000.00,fertile support women x 100,,FERTILE SUPPORT WOMEN X 100,Pharmacy,,JAR,,8970,,1,1
,fertilgain,,FERTILGAIN TABS X 30,Pharmacy,TABLETS,JAR,,12500,ALMOND ETHICALS LTD.,1,1
1000078.00,Fesulf X 100,Ferrous Sulfate,FESULF X 100 TABS,Pharmacy,TABLETS,JAR,,220,,1,1
1007588.00,Fesulf X 1000,,FESULF X 1000 TABS,Pharmacy,TABLETS,JAR,,960,,1,1
,ficomed,Fluconazole,FICOMED SUSP 50MG/5ML X 1,Pharmacy,SUSPENSION,BOTTLE,,1900,FILGAP HEAITHCARE LTD,1,1
8906000000000.00,FIDSON BITTERS,,FIDSON BITTERS SUSP,Pharmacy,SUSPENSION,BOTTLE,,730,FIDSON HEALTHCARE PLC,1,1
,FIESTA INTIM COOL,,FIESTA INTIM COOL GEL 70ML X 1,Pharmacy,GEL,JAR,,1500,DKT INTERNATIONAL NIG.,1,1
,FIESTA INTIM NATURAL,,FIESTA INTIM NATURAL GEL 70ML X 1,Pharmacy,GEL,JAR,,1500,DKT INTERNATIONAL NIG.,1,1
,FIESTA INTIM WARM,,FIESTA INTIM WARM GEL 70ML X 1,Pharmacy,GEL,JAR,,1500,DKT INTERNATIONAL NIG.,1,1
1007684.00,FIJK,,FIJK X 30 CAPS,Pharmacy,CAPSULES,JAR,,1365,,1,1
1003078.00,FIJK X 48,,FIJK X 48 SYR,Pharmacy,SYRUP,BOTTLE,,880,,1,1
6013206.00,filgrastin,,FILGRASTIN INJ X 1,Pharmacy,INJECTION (POWDER),VIALS,,7700,,1,1
6013096.00,FIMIN,,FIMIN SYR 100ML,Pharmacy,SYRUP,BOTTLE,,280,EMZOR PHARMACEUTICAL INDUSTRIES,1,1
8906040000000.00,fiprostol,,FIPROSTOL TABS 200MCG X 100,Pharmacy,TABLETS,TABS,,2900,,100,10
6008636.00,first aid box l/s,,FIRST AID BOX L/S,Pharmacy,,BOX,,10000,,1,1
6008637.00,first aid box m/s,,FIRST AID BOX M/S,Pharmacy,,BOX,,8000,,1,1
8474.00,FIRST AID BOX S/S,,FIRST AID BOX S/S   X 1,Pharmacy,,BOX,,7200,,1,1
74312168871.00,FISH OIL (NATURE'S BOUNTY) 1200MG CAPS   X 60,,FISH OIL (NATURE'S BOUNTY) 1200MG CAPS   X 60,Pharmacy,,JAR,Paracetamol overdosage ,3000,,1,1
1008827.00,FISH OIL 1000MG(NATURE'S MEASURE) X 30,,FISH OIL 1000MG(NATURE'S MEASURE) X 30,Pharmacy,,BOTTLE,,1460,,1,1
,FISH OIL(MASON),,FISH OIL(MASON) CAPS 1000MG X 120,Pharmacy,CAPSULES,JAR,,4900,megavox ltd,1,1
,FISH OIL(MASON),,FISH OIL(MASON) CAPS 1000MG X 60,Pharmacy,CAPSULES,JAR,,3150,megavox ltd,1,1
6758.00,FLAGYL,Metronidazole,FLAGYL SUSP 200MG/5ML 60ML,Pharmacy,SUSPENSION,BOTTLE,,700,,1,60ML
6011169.00,FLAX SEED OIL(MASON),,FLAX SEED OIL(MASON) SOFTGEL 1000MG X 100,Pharmacy,SOFTGEL,JAR,,4000,,1,1
,flaxseed oil,,FLAXSEED OIL (PIPING ROCK)  SOFTGEL 1000MG X 90,Pharmacy,SOFTGEL,JAR,,4500,LIFEMEANS STANDARD LIMITED,1,1
,flaxseed oil(21 century),,FLAXSEED OIL(21 CENTURY) SOFTGEL 1000MG X 60,Pharmacy,SOFTGEL,JAR,,4000,megavox ltd,1,1
50428979846.00,FLAXSEED OIL(CVS) 1200MG CAP X 100,,FLAXSEED OIL(CVS) 1200MG CAP X 100,Pharmacy,,JAR,,3900,,1,1
6011651.00,FLEMING,,FLEMING SUSP 457MG/5ML X 1,Pharmacy,SUSPENSION,BOTTLE,,1525,,1,1
8901040000000.00,FLEMING,,FLEMING SYR 228.5MG/5ML 70ML,Pharmacy,SYRUP,BOTTLE,,1300,,1,1
1009175.00,FLOBID-DX,,FLOBID-DX EYE DROPS 10ML,Pharmacy,EYE DROPS,BOTTLE,,800,,1,1
1009174.00,FLOBOID,ofloxacin,FLOBOID EYE DROPS 5ML,Pharmacy,EYE DROPS,BOTTLE,,750,,1,1
8901040000000.00,FLOXAPEN,Flucloxacillin,FLOXAPEN SYR 125MG/5ML 100ML,Pharmacy,SYRUP,BOTTLE,,680,WWCVL (GSK),1,100ML
,FLOXINAT ORAL SUSPENSION,Cefuroxime Axetil,FLOXINAT ORAL SUSPENSION SUSP 125MG/5ML X 1,Pharmacy,SUSPENSION,BOTTLE,,1200,BLUE SUMMITH HEALTHCARE LTD,1,1
6012337.00,FlOXSOL,,FLOXSOL EYE DROPS  5ML,Pharmacy,EYE DROPS,BOTTLE,,620,,1,5ML
6156000000000.00,FLU-J,,FLU-J SYR 125MG/5ML,Pharmacy,SYRUP,BOTTLE,,180,,1,1
6156000000000.00,FLUCAMED,,FLUCAMED EYE DROPS 5ML,Pharmacy,EYE DROPS,BOTTLE,,930,DRUGFIELD PHARMACEUTICALS LIMITED,1,1
6156000000000.00,FLUCAMED,,FLUCAMED SUSP  35ml,Pharmacy,SUSPENSION,BOTTLE,,950,DRUGFIELD PHARMACEUTICALS LIMITED,1,35ml
,FLUCONAZOLE,,FLUCONAZOLE (EMZOR) SUSP 50MG 100ML,Pharmacy,SUSPENSION,BOTTLE,,640,,1,100ML
1009168.00,FLUMOX,,FLUMOX SUSP 250MG/5ML 100ML,Pharmacy,SUSPENSION,BOTTLE,,1070,,1,1
6011277.00,FLUPHENAZINE,,FLUPHENAZINE (MULTICOY)  INJ X 10,Pharmacy,INJECTION (POWDER),VIALS,,170,,1,1
,FOETAL STETHOSCOPE,,FOETAL STETHOSCOPE   X 1,Pharmacy,,PCS,,1200,,1,1
6154000000000.00,FOLIC ACID,Folic Acid,FOLIC ACID (EMZOR )  TABS X 1000,Pharmacy,TABLETS,JAR,,950,EMZOR PHARMACEUTICAL INDUSTRIES,1,1
,folic acid (organic health),,FOLIC ACID (ORGANIC HEALTH) TABS 800MCG X 100,Pharmacy,TABLETS,JAR,,1400,,1,1
1000341.00,FOLIC ACID + B12 X 100,Folic Acid,FOLIC ACID + B12 X 100 TABS  {DR MEYER},Pharmacy,TABLETS,JAR,,250,VITABIOTICS (NIGERIA) LTD.,1,1
1007703.00,FOLIC ACID X 100,,FOLIC ACID X 100 (EMZOR)  TABS,Pharmacy,TABLETS,JAR,,160,,1,1
713757000000.00,FOLIC ACID X 100,,FOLIC ACID X 100 (NATURE FILED)  TABS 400MG,Pharmacy,TABLETS,JAR,,2500,,1,1
,folic acid(21 century),,FOLIC ACID(21 CENTURY) TABS 800MCG X 180,Pharmacy,TABLETS,JAR,,2500,megavox ltd,1,1
6011687.00,FOLIC ACID(MASON),,FOLIC ACID(MASON) TABS 800MCG X 100,Pharmacy,TABLETS,JAR,,2400,,1,1
311845000000.00,FOLIC ACID(MASON)*100,,FOLIC ACID(MASON)*100,Pharmacy,,JAR,,2200,,1,1
6012550.00,FOLIC ACID(NATURE MADE),,FOLIC ACID(NATURE MADE) TABS 400MCG X 250,Pharmacy,TABLETS,JAR,,1600,,1,1
6011252.00,folic acid(sundownnaturals),,FOLIC ACID(SUNDOWNNATURALS) TABS 400MCG X 350,Pharmacy,TABLETS,JAR,,1500,,1,1
6010552.00,FOLIMOP,,FOLIMOP SYR 100ML X 1,Pharmacy,SYRUP,BOTTLE,,265,,1,1
,FOLIMOP,,FOLIMOP TABS  X 1000,Pharmacy,TABLETS,JAR,,650,WWCVL (MOPSON),1,1
6013017.00,FORACHE,,FORACHE 10ML,Pharmacy,,JAR,,420,,1,1
10115.00,FORCEP,,FORCEP  BIG SIZE,Pharmacy,,PCS,,750,,1,1
1003018.00,FORTUM,Ceftazidime,FORTUM INJ 1G,Pharmacy,INJECTION (POWDER),VIALS,,2500,WWCVL (GSK),1,1
5766.00,FORTWIN,,FORTWIN INJ  1ML,Pharmacy,INJECTION (SOLUTION),AMPOULES,,170,,1,1ML
14810.00,FRESH ROYAL JELLY(DIANA)600MG,,FRESH ROYAL JELLY(DIANA)600MG CAPS,Pharmacy,CAPSULES,JAR,,5495,,1,1
18906100000000.00,FRUSEMIDE,Frusemide,FRUSEMIDE TABS 40MG X 1000 {LASIX},Pharmacy,TABLETS,PCS,,1000,,1,1
1008967.00,FULL STRENGHT (UNIQUE),,FULL STRENGHT (UNIQUE) INFUSION 500ML,Pharmacy,INFUSION,BOTTLE,,625,,1,1
7587.00,FULL STRENGHT( DANA),,FULL STRENGHT( DANA) INFUSION  500ML,Pharmacy,INFUSION,BOTTLE,,120,,1,500ML
6012997.00,full strength,,FULL STRENGTH (FIDSON)  INFUSION X 1,Pharmacy,INFUSION,JAR,,320,,1,1
8906010000000.00,FUNBACT-A,,FUNBACT-A CREAM 30GM,Pharmacy,CREAM,TUBE,,367,,1,1
6012961.00,fungiban,,FUNGIBAN CREAM X 1,Pharmacy,CREAM,TUBE,,180,,1,1
6011339.00,FUNGUSOL CREAM,,FUNGUSOL CREAM X 1,Pharmacy,,TUBE,,1100,,1,1
1000575.00,Fungusol,Miconazole,FUNGUSOL LOTION 2% 50ML,Pharmacy,LOTION,BOTTLE,,300,,1,50ML
1000220.00,Fungusol,Miconazole,FUNGUSOL POWDER  20G,Pharmacy,POWDER,BOTTLE,,315,,1,20G
6013094.00,FUNMIN,,FUNMIN SYR 100ML,Pharmacy,SYRUP,BOTTLE,,400,,1,1
1009177.00,FURANID,,FURANID SUSP 100/50MG/5ML 60ML,Pharmacy,SUSPENSION,BOTTLE,,170,,1,1
6885.00,FUROXETIL,,FUROXETIL SUSP 125MG 100ML,Pharmacy,SUSPENSION,BOTTLE,,2185,,1,100ML
1002106.00,Fynale,,FYNALE SUSP 60ML,Pharmacy,SUSPENSION,BOTTLE,,450,,1,1
8906010000000.00,G-DERM,,G-DERM CREAM  25G,Pharmacy,CREAM,TUBE,,330,GREENLIFE PHARMACEUTICALS LIMITED,1,25G
,GAINS CANDY,,GAINS CANDY CAPS X 60,Pharmacy,CAPSULES,JAR,,3600,UZORMARK GLOBAL SERVICE LTD,1,1
9163.00,GARLEY POT,,GALLIPOT  BIG SIZE,Pharmacy,,PCS,,855,,1,1
9039.00,GARLEY POT,,GALLIPOT  MEDIUM SIZE,Pharmacy,,PCS,,900,,1,1
9053.00,GARLEY POT,,GALLIPOT  SMALL SIZE,Pharmacy,,PCS,,665,,1,1
311845000000.00,garlic,,GARLIC (MASON)  CAPS  X 100,Pharmacy,CAPSULES,JAR,,1750,,1,1
8654.00,garlic oil,,GARLIC OIL (NATURE FIELD)  CAPS  X 100,Pharmacy,CAPSULES,JAR,,1515,,1,1
1007420.00,GARYMET X  1000,,GARYMET X  1000 TABS 200MG,Pharmacy,TABLETS,JAR,,500,,1,1
6034000000000.00,GaSCOL,,GASCOL SUSP  150ML,Pharmacy,SUSPENSION,BOTTLE,,490,,1,150ML
6011018.00,gascol,,GASCOL TABS  X 6,Pharmacy,TABLETS,TABS,,15,,1,1
6012890.00,gaviscon double action,,GAVISCON DOUBLE ACTION SUSP X 1,Pharmacy,SUSPENSION,JAR,,2730,,1,1
5000160000000.00,GAVISCON,,GAVISCON SUSP  250ML,Pharmacy,SUSPENSION,BOTTLE,,2350,,1,250ML
6013380.00,gbc hand sanitizer,,GBC HAND SANITIZER GEL 500ML X 1,Pharmacy,GEL,JAR,,2500,,1,1
6152110000000.00,GBOMORO TEETHING MIXTURE,,GBOMORO TEETHING MIXTURE SYR  120ML,Pharmacy,SYRUP,BOTTLE,,900,,1,120ML
,GECROL,,GECROL SUSP  100ML,Pharmacy,SUSPENSION,BOTTLE,,205,,1,100ml
1001770.00,GECROL,,GECROL SUSP  200ML,Pharmacy,SUSPENSION,BOTTLE,,340,,1,200ML
9367.00,Gelovit  X 30,,GELOVIT  X 30 SYR 200ML,Pharmacy,SYRUP,BOTTLE,,655,,1,1
6009274.00,geniderm,,GENIDERM CREAM X 1,Pharmacy,CREAM,TUBE,,220,,1,1
8906050000000.00,GENTALAB,,GENTALAB EYE/EAR DROPS 3MG 10ML,Pharmacy,EYE/EAR DROPS,BOTTLE,,155,EMBASSY PHARMCEUTICAL AND CHEM. LTD,1,10ML
4696.00,Gentalek,Gentamicin,GENTALEK EYE DROPS  5ML,Pharmacy,EYE DROPS,BOTTLE,,185,,1,5ML
5114.00,GENTAMICIN,Gentamicin,GENTAMICIN (DRUGFIELD ) OINTMENT  15G,Pharmacy,SKIN OINTMENT,TUBE,,200,,1,15G
6156000000000.00,GENTAMICIN ONITMENT(DRUGFIELD),,GENTAMICIN ONITMENT(DRUGFIELD)  15G X 1,Pharmacy,,BOTTLE,,340,DRUGFIELD PHARMACEUTICALS LIMITED,1,1
1007417.00,GENTAMYCIN,,GENTAMYCIN CREAM 15G,Pharmacy,CREAM,TUBE,,280,,1,1
4421.00,GENTAMYCIN,Gentamicin,GENTAMYCIN EYE/EAR DROPS  10ML(MULTI COY),Pharmacy,EYE/EAR DROPS,BOTTLE,,160,,1,10ML
1000183.00,GESTID,Alumina and Simethicone,GESTID SUSP  200ML,Pharmacy,SUSPENSION,BOTTLE,,620,,1,200ML
7610940000000.00,GINCOSAN,,GINCOSAN CAPLET  X 30,Pharmacy,CAPLET,JAR,,2935,,1,1
8888300000000.00,GINGER TEA POWDER x 24,,GINGER TEA POWDER X 24,Pharmacy,,SACHET,,1115,,1,1
1008826.00,GINGKO BILOBA (NATURE''S MEASURE),,GINGKO BILOBA (NATURE''S MEASURE) CAPS 150MG X 100,Pharmacy,CAPSULES,BOTTLE,,1870,,1,1
6013123.00,GINGKO BILOBA,,GINGKO BILOBA (P/P)  TABS X 60,Pharmacy,TABLETS,JAR,,1700,,1,1
6011636.00,GINGKO BILOBA,,GINGKO BILOBA CAPS  {MASON} X 60,Pharmacy,CAPSULES,JAR,,2950,,1,1
6011012.00,gingko biloba(n/f),,GINGKO BILOBA(N/F) X 90,Pharmacy,,JAR,,3300,,1,1
733739000000.00,GINKGO BILOBA X 30,,GINKGO BILOBA 60MG (NAT. FIELD) X 30 CAPS,Pharmacy,CAPSULES,BOTTLE,,2625,,1,1
,ginkgo BILOBA extract(21 century),,GINKGO BILOBA EXTRACT(21 CENTURY) CAPS X 60,Pharmacy,CAPSULES,JAR,,2500,megavox ltd,1,1
311845000000.00,GINKGO BILOBA(mason)500MG CAPS X 90,,GINKGO BILOBA(MASON)500MG CAPS X 90,Pharmacy,,JAR,,3400,,1,1
1008591.00,ginsaflex,,GINSAFLEX TABS  X 100,Pharmacy,TABLETS,JAR,,3350,,1,1
1008592.00,ginsana,,GINSANA CAPLET G115 X 30,Pharmacy,CAPLET,JAR,,2600,,1,1
1008594.00,ginsana,,GINSANA SYR G115 X 1,Pharmacy,SYRUP,BOTTLE,,1750,,1,1
6013042.00,ginseng complex,,GINSENG COMPLEX (P/P)  TABS  X 75,Pharmacy,TABLETS,JAR,,1900,,1,1
1008819.00,GINSENG TAB 250MG X 30(NATURE''S MEASURE),,GINSENG TAB 250MG X 30(NATURE''S MEASURE),Pharmacy,,BOTTLE,,450,,1,1
,GKD BALM,,GKD BALM  25G X 1,Pharmacy,,BOTTLE,,235,,1,1
,gloatem,,GLOATEM SUSP X 1,Pharmacy,SUSPENSION,BOTTLE,,450,GLOBAL HEALTHCARE LTD,1,1
6009089.00,GLOBAK,,GLOBAK SYR,Pharmacy,SYRUP,BOTTLE,,450,MIRAL PHARM LIMITED,1,1
8906040000000.00,gloderm,,GLODERM CREAM X 1,Pharmacy,CREAM,TUBE,,250,,1,1
6011968.00,GlOTHROX,Azithromycin,GLOTHROX SUSP 200MG X 1,Pharmacy,SUSPENSION,BOTTLE,,550,,1,1
,gluco-wel(biowell),,GLUCO-WEL(BIOWELL) CAPS X 60,Pharmacy,CAPSULES,JAR,,4000,CARE VANTAGE,1,1
1008.00,GLUCOSE D,,GLUCOSE D (MUNRO)   400G,Pharmacy,,TIN,,740,,1,1
6011580.00,GlUCOSE D(EVANS),,GLUCOSE D(EVANS)   175G,Pharmacy,,TIN,,700,,1,175G
8904030000000.00,glucose(greenlife)500g,,GLUCOSE(GREENLIFE)500G X 1,Pharmacy,,JAR,,910,,1,1
6890760000000.00,GLUCOSE-D 175G (MUNRO),,GLUCOSE-D 175G (MUNRO),Pharmacy,,TIN,,540,RAMSGATE CENTRAL STORE,1,1
6153400000000.00,glucose-d(evans),,GLUCOSE-D(EVANS)  400G,Pharmacy,,TIN,,850,,1,1
,glutathione,,GLUTATHIONE CAPS 500MG X 30,Pharmacy,CAPSULES,JAR,,3750,LIFEMEANS STANDARD LIMITED,1,1
733740000000.00,glutathione x 60,,GLUTATHIONE X 60 CAPS,Pharmacy,CAPSULES,JAR,,5200,,1,1
6013154.00,GLUTHAWHITE,,GLUTHAWHITE TABS  X 100,Pharmacy,TABLETS,JAR,,4200,,1,1
1000356.00,GLYCERIN BORAX,,GLYCERIN BORAX (MOKO) LOTION  50ML,Pharmacy,LOTION,BOTTLE,,220.14,,1,50ML
12198.00,GLYCERIN BORAX X 40,,GLYCERIN BORAX X 40 (OAKFAITH)   60ML,Pharmacy,,BOTTLE,,200,,1,60ML
5012620000000.00,GlYCERYL TRINITRATE 500MCG,,GLYCERYL TRINITRATE 500MCG TABS  X 100,Pharmacy,TABLETS,JAR,,2550,,1,1
6009650000000.00,GO WOMAN,,GO WOMAN TABS  X 60,Pharmacy,TABLETS,JAR,,1775,,1,60
41331011051.00,GOYA EXTRA VIRGIN OIL,,GOYA EXTRA VIRGIN OIL   250ML,Pharmacy,,BOTTLE,,930,,1,250ML
14997.00,greenlin child,,GREENLIN CHILD SYR 100ML,Pharmacy,SYRUP,BOTTLE,,250,,1,1
6009339.00,greensol,,GREENSOL CREAM 50GM X 1,Pharmacy,CREAM,TUBE,,310,GREENLIFE PHARMACEUTICALS LIMITED,1,1
1007821.00,GRIFULVIN B/S (CAMPHARM),,GRIFULVIN B/S (CAMPHARM) SYR,Pharmacy,SYRUP,BOTTLE,,250,,1,1
1007685.00,GRIFUVIN (CAMPHARM),,GRIFUVIN (CAMPHARM) SYR 100ML,Pharmacy,SYRUP,BOTTLE,,170,,1,1
1085.00,GRIPE WATER MAYER X 30,,GRIPE WATER MEYER X 30 200ML (FARMEX),Pharmacy,SYRUP,BOTTLE,,180,,1,200ML
1000354.00,GRIPE WATER,,GRIPE WATER SYR  {SKG} 148ML,Pharmacy,SYRUP,BOTTLE,,525,,1,1
1000087.00,Gripe Water,,GRIPE WATER SYR 100ML {SKG},Pharmacy,SYRUP,BOTTLE,,440,SKG PHARMA LTD,1,1
,GRIPE WATER(ERNEST),,GRIPE WATER(ERNEST) SOLUTION 150ML X 1,Pharmacy,SOLUTION,BOTTLE,,550,NESTCHEM PHARMACEUTICALS NIG LTD,1,1
6011288.00,griseofulvin cream,,GRISEOFULVIN CREAM X 1,Pharmacy,,TUBE,,530,,1,1
6012641.00,GRISEOVAL,,GRISEOVAL SUSP 125/5MG 100ML,Pharmacy,SUSPENSION,BOTTLE,,525,,1,100ML
6012923.00,GSUNATE,,GSUNATE INJ 120MG X 1,Pharmacy,INJECTION (POWDER),VIALS,,670,,1,1
6012924.00,GSUNATE,,GSUNATE INJ 60MG X 1,Pharmacy,INJECTION (POWDER),VIALS,,570,,1,1
1007803.00,GUAFENSIN,,GUAFENSIN SYR 100ML,Pharmacy,SYRUP,BOTTLE,,350,,1,1
15175.00,gummies multivitamin,,GUMMIES MULTIVITAMIN TABS X60,Pharmacy,TABLETS,JAR,,3100,,1,1
7916.00,GV  PAINT,,GV  PAINT SOLUTION 50ML {PACKMOORE},Pharmacy,SOLUTION,BOTTLE,,95,,1,1
8293.00,GV PAINT,,GV PAINT SOLUTION  15ML {MOKO},Pharmacy,SOLUTION,BOTTLE,,183,,1,15ML
6777.00,GYNO-DAKTARIN,,GYNO-DAKTARIN CREAM  40GM,Pharmacy,CREAM,TUBE,,2340,,1,40GM
1007596.00,H.D CREAM,,H.D CREAM,Pharmacy,,TUBE,,300,,1,1
5099190000000.00,H.S 12 TONIC,,H.S 12 TONIC SYR  200ML,Pharmacy,SYRUP,BOTTLE,,1900,,1,200ML
1008971.00,HAEM F,,HAEM F SYR 200ML,Pharmacy,SYRUP,BOTTLE,,90,,1,1
7249.00,HAEMARON,,HAEMARON SYR  200ML,Pharmacy,SYRUP,BOTTLE,,255,,1,200ML
8337.00,HAEMOGLOBIN SCALE,,HAEMOGLOBIN (HB) SCALE,Pharmacy,,PCS,,200,,1,1
6011606.00,HAEMOPLEX,,HAEMOPLEX SYR X 1,Pharmacy,SYRUP,BOTTLE,,815,,1,1
6156000000000.00,HAEPLER TONIC,,HAEPLER TONIC SYR  200ML,Pharmacy,SYRUP,BOTTLE,,480,,1,200ML
6012818.00,HAIR SKIN & NAILS MAX,,HAIR SKIN & NAILS MAX CAPS 5000MCG X 90,Pharmacy,CAPSULES,JAR,,5100,,1,1
6012819.00,HAIR SKIN & NAILS(ULTIMATE),,HAIR SKIN & NAILS(ULTIMATE) CAPS  X 120,Pharmacy,CAPSULES,JAR,,3600,,1,1
,HAIRWEL(BIOWELL),,HAIRWEL(BIOWELL) TABS 10000MCG X 60,Pharmacy,TABLETS,JAR,,3200,CARE VANTAGE,1,1
8904190000000.00,HALER,,HALER CREAM XG,Pharmacy,CREAM,TUBE,,300,,1,1
6013438.00,HALF STRENGHT DARROWS(fidson),,HALF STRENGHT DARROWS(FIDSON) SOLUTION 500ML X 1,Pharmacy,SOLUTION,BOTTLE,,320,,1,1
1008972.00,HALF STRENGHT DARROWS(UNIQUE),,HALF STRENGHT DARROWS(UNIQUE) INFUSION 500ML,Pharmacy,INFUSION,BOTTLE,,425,,1,1
3312585.00,HALFAN,Halofantrine,HALFAN SYR  30ML,Pharmacy,SYRUP,BOTTLE,,1550,WWCVL (GSK),1,30ML
,haliborange,,HALIBORANGE SYR 300ML X 1,Pharmacy,SYRUP,BOTTLE,,6500,ONYI-JEK GLOBAL RESOURCES,1,1
6012716.00,haliborange,,HALIBORANGE SYR X 1,Pharmacy,SYRUP,BOTTLE,,2950,,1,1
,haloperidol (excel),,HALOPERIDOL (EXCEL) TABS 5MG X 500,Pharmacy,TABLETS,JAR,,1850,EXCEL CHARIS PHARM CHEMICAL LTD,1,1
6013139.00,hand sanitizer,,HAND SANITIZER   1L,Pharmacy,,JAR,,2500,,1,1L
6013344.00,HAND SANITZER,,HAND SANITZER  120ML X 1,Pharmacy,,JAR,,380,,1,1
6013343.00,HAND SANITZER,,HAND SANITZER  70ML X 1,Pharmacy,,JAR,,500,,1,1
5827.00,HARTMANS,,HARTMANS (UNIQUE)  INFUSION 500ML X 20,Pharmacy,INFUSION,BOTTLE,,12500,,20,500ML
6012575.00,HB 12 KID BABY & INFANT,,HB 12 KID BABY & INFANT SYR  125ML,Pharmacy,SYRUP,BOTTLE,,1300,,1,125ML
6010804.00,HB 12 PLUS,,HB 12 PLUS SYR 200ML X 1,Pharmacy,SYRUP,BOTTLE,,1300,,1,1
1000405.00,HB 12 TONIC,,HB 12 TONIC SYR  200ML,Pharmacy,SYRUP,BOTTLE,,1000,,1,200ML
5099190000000.00,HB FORTE,,HB FORTE SYR 200ML,Pharmacy,SYRUP,BOTTLE,,1850,,1,1
6012376.00,HEALBATIC,,HEALBATIC TABS X 30,Pharmacy,TABLETS,JAR,,3010,,1,1
,healthy eyes(21 century),,HEALTHY EYES(21 CENTURY) TABS X 36,Pharmacy,TABLETS,JAR,,3200,megavox ltd,1,1
6011057.00,HEALTHY KID (BABY&INFANT),,HEALTHY KID (BABY&INFANT) SYR  100ML,Pharmacy,SYRUP,BOTTLE,,1600,,1,100ML
6009096.00,healthy you kids x 30,,HEALTHY YOU KIDS X 30 TABS,Pharmacy,TABLETS,JAR,,3400,,1,1
713757000000.00,HEALTHY YOU MEN`S FORMULAR 50+,,HEALTHY YOU MEN`S FORMULAR 50+ TABS  X 30,Pharmacy,TABLETS,JAR,,3000,,1,1
1007706.00,HEALTHY YOU MEN`S FORMULAR X 30,,HEALTHY YOU MEN`S FORMULAR X 30 TABS,Pharmacy,TABLETS,JAR,,3350,,1,1
1007709.00,HEALTHY YOU WOMEN`S FORMULAR 50+,,HEALTHY YOU WOMEN`S FORMULAR 50+ TABS X 30,Pharmacy,TABLETS,JAR,,3650,,1,1
713757000000.00,HEALTHY YOU WOMEN`SFORMULAR X 30,,HEALTHY YOU WOMEN`SFORMULAR X 30 TABS,Pharmacy,TABLETS,JAR,,3350,,1,1
8901140000000.00,HEEL,,HEEL CREAM 50G,Pharmacy,CREAM,TUBE,,260,,1,1
11733.00,HEMAFOLIN TONIC,,HEMAFOLIN TONIC   200ML,Pharmacy,,BOTTLE,,450,,1,200ML
6012445.00,HEMOFORCE FORTE,,HEMOFORCE FORTE SYR 200ML X 1,Pharmacy,SYRUP,BOTTLE,,490,,1,1
8902290000000.00,HEMOFORCE PLUS (SHALINA),,HEMOFORCE PLUS (SHALINA) SYR 200ML,Pharmacy,SYRUP,BOTTLE,,740,SHALINA HEALTHCARE NIGERIA LTD,1,1
,HEMOPLUS,,HEMOPLUS CREAM 20G X 1,Pharmacy,CREAM,TUBE,,810,DRUGFIELD PHARMACEUTICALS LIMITED,1,1
1003630.00,HEPANTIVIR (securinine ) x 60,,HEPANTIVIR (SECURININE ) X 60 CAPS 200MG,Pharmacy,CAPSULES,JAR,,7000,,1,1
6760.00,HEPARIN,Heparin,HEPARIN (ALPHA)  INJ X 1,Pharmacy,INJECTION (SOLUTION),VIALS,,3350,,1,1
6013188.00,HEPARIN,,HEPARIN (EXCEL)  INJ X 1,Pharmacy,INJECTION (POWDER),VIALS,,3500,,1,1
15071.00,HEPARIN,,HEPARIN (ROTEX)  INJ 5000I.U,Pharmacy,INJECTION (SOLUTION),VIALS,,2695,,1,1
6013313.00,HEPATITIS B IMMUNOGLOBIN(CHILD),,HEPATITIS B IMMUNOGLOBIN(CHILD) INJ 100IU X 1,Pharmacy,INJECTION (SOLUTION),VIALS,,43000,,1,1
1007539.00,HER BABY COUGH,,HER BABY COUGH SYR 100ML,Pharmacy,SYRUP,BOTTLE,,100,,1,1
6009210.00,herbex slimmers,,HERBEX SLIMMERS SYR X 1,Pharmacy,SYRUP,BOTTLE,,2700,,1,1
8014.00,HEX-ORANGE X 30,,HEX-ORANGE SYR 300ML,Pharmacy,SYRUP,BOTTLE,,450,,1,1
1000363.00,HEXEDINE,Artesunate,HEXEDINE MOUTHWASH  100ML,Pharmacy,MOUTHWASH,BOTTLE,,380,,1,100ML
,HISTIN,,HISTIN SYR  100ML,Pharmacy,SYRUP,BOTTLE,,180,,1,100ML
15231.00,HMG IVF-M (MENOTROPINE),,HMG IVF-M (MENOTROPINE) INJ 75IU,Pharmacy,INJECTION (SOLUTION),VIALS,,4900,,1,1
6013099.00,HONEY(BROOKS),,HONEY(BROOKS) 35CL,Pharmacy,,JAR,,900,,1,1
1007418.00,HOSPIMOX,,HOSPIMOX SUSP 125ML/5ML,Pharmacy,SUSPENSION,BOTTLE,,445,,1,1
6795.00,HUMULIN,,HUMULIN INJ 70/30 10ML,Pharmacy,INJECTION (SOLUTION),VIALS,,6050,,1,10ML
9778.00,HUMULIN,,HUMULIN INJ 70/30 4ML,Pharmacy,INJECTION (SOLUTION),VIALS,,1300,,1,4ML
7023.00,HUMULIN N,Insulin Susp Isophane Recombinant Human,HUMULIN N INJ  10ML,Pharmacy,INJECTION (SOLUTION),BOTTLE,,1,,1,10ML
6796.00,HUMULIN R,Insulin Recombinant Human,HUMULIN R INJ 100IU 10ML,Pharmacy,INJECTION (SOLUTION),BOTTLE,,2550,,1,10ML
6156000000000.00,HYDROCORTISONE,Hydrocortisone,HYDROCORTISONE  CREAM  15G,Pharmacy,CREAM,TUBE,,460,DRUGFIELD PHARMACEUTICALS LIMITED,1,15G
4543.00,HYDROCORTISONE (AL-TINEZ),Hydrocortisone,HYDROCORTISONE (AL-TINEZ) CREAM,Pharmacy,CREAM,TUBE,,200,,1,1
1008975.00,HYDROGEN  PEROXIDE 2L(LA ONYX),,HYDROGEN  PEROXIDE 2L(LA ONYX),Pharmacy,,JAR,,1040,,1,1
1008976.00,Hydrogen (PACEK MOORE),,HYDROGEN (PACEK MOORE) 200ML,Pharmacy,,BOTTLE,,110,,1,1
8135.00,Hydrogen Peroxide (LA ONYX),,HYDROGEN PEROXIDE (LA ONYX)  200ML {APPA},Pharmacy,,BOTTLE,,140,,1,1
6009845.00,hydrogen peroxide(multicoy),,HYDROGEN PEROXIDE(MULTICOY)  100ML X 1,Pharmacy,,BOTTLE,,110,,1,1
21540.00,HYOSCINE INJ,,HYOSCINE INJ 2ML,Pharmacy,,AMPOULES,,80,THINE FOREVER PHARMACEUTIAL,1,1
1007529.00,HYOSCINE x 500,,HYOSCINE X 500 TABS,Pharmacy,TABLETS,JAR,,2550,,1,1
,hyper-wel(biowell),,HYPER-WEL(BIOWELL) TABS X 60,Pharmacy,TABLETS,JAR,,4350,CARE VANTAGE,1,1
1007666.00,HYPOMELLOSE,,HYPOMELLOSE EYE DROPS 3%,Pharmacy,EYE DROPS,BOTTLE,,600,,1,1
,hypromellose(alpha),,HYPROMELLOSE(ALPHA) EYE DROPS 0.3% 10ML,Pharmacy,EYE DROPS,BOTTLE,,1550,,1,10ml
8906010000000.00,I-GESIC,,I-GESIC EYE DROPS,Pharmacy,EYE DROPS,BOTTLE,,815,,1,1
6011978.00,IBUCAP COLD AND FLU,,IBUCAP COLD AND FLU SYR  100ML,Pharmacy,SYRUP,BOTTLE,,344,,1,100ML
6012559.00,IBUGA H3,,IBUGA H3 SYR  200ML,Pharmacy,SYRUP,BOTTLE,,495,,1,200ML
1007881.00,IBUMED,,IBUMED SYR,Pharmacy,SYRUP,BOTTLE,,240,STERLING DRUGS,1,1
6008638.00,IBUPROFEN,,IBUPROFEN (AFRAB)  SYR,Pharmacy,SYRUP,BOTTLE,,280,,1,1
6013112.00,IBUPROFEN,,IBUPROFEN (AXEL)  SYR X 1,Pharmacy,SYRUP,BOTTLE,,270,,1,1
6012637.00,IBUPROFEN,,IBUPROFEN (M&B) SYR  100ML,Pharmacy,SYRUP,BOTTLE,,240,,1,100ML
,ibuprofen (NHP),,IBUPROFEN (NHP) SYR 100MG/5ML X 1,Pharmacy,SYRUP,BOTTLE,,1500,"NEW HEIGHTS PHARMA, LTD.",1,1
6012939.00,IBUPROFEN,,IBUPROFEN (PEACE) SYR  60ML,Pharmacy,SYRUP,BOTTLE,,120,,1,60ML
6008734.00,IBUPROFEN,,IBUPROFEN SYR 100MG X 60 {DRUGFIELD},Pharmacy,SYRUP,BOTTLE,,155,DRUGFIELD PHARMACEUTICALS LIMITED,1,1
6008958.00,IBUPROFEN x 1000,,IBUPROFEN X 1000 (MULTICOY)  TABS 200MG,Pharmacy,TABLETS,JAR,,4400,,1,1
6010348.00,IBUPROFEN x 1000,,IBUPROFEN X 1000 TABS 400MG,Pharmacy,TABLETS,JAR,,2545,,1,1
,ILERA HERBAL BALM(RED CAP),,ILERA HERBAL BALM(RED CAP)  35G X 1,Pharmacy,,JAR,,100,KUREGBE ANIMASHAUN VENTURES,1,1
,ILERA HERBAL BALM(YELLOW CAP),,ILERA HERBAL BALM(YELLOW CAP)  45G X 1,Pharmacy,,JAR,,200,KUREGBE ANIMASHAUN VENTURES,1,1
6009306.00,IMIPRAMINE,,IMIPRAMINE (MULTICOY)  TABS  X 1000,Pharmacy,TABLETS,JAR,,1,,1,1
,IMMUN-ACTIV,,IMMUN-ACTIV TABS 1000MG X 100,Pharmacy,TABLETS,JAR,,5600,DAVMOLA ENTERPRISES,1,1
,IMMUN-ACTIV,,IMMUN-ACTIV TABS 500MG X 60,Pharmacy,TABLETS,JAR,,3900,DAVMOLA ENTERPRISES,1,1
6012902.00,IMMUNBOOST,,IMMUNBOOST (GUMMIES)  TABS  X 90,Pharmacy,TABLETS,JAR,,5000,,1,1
6013181.00,IMMUNBOOST PUS,,IMMUNBOOST PUS TABS X 10,Pharmacy,TABLETS,JAR,,1600,,1,1
6012056.00,IMMUNBOOST(VIT C),,IMMUNBOOST(VIT C) TABS 1000MG X 100,Pharmacy,TABLETS,JAR,,3900,,1,1
6011284.00,IMMUNBOOST(VIT.C),,IMMUNBOOST(VIT.C) TABS 1000MG X 20,Pharmacy,TABLETS,JAR,,1600,,1,1
6152110000000.00,immuncare vitamin c,,IMMUNCARE VITAMIN C TABS X 10,Pharmacy,TABLETS,JAR,,1205,,1,1
,IMMUNE BOOSTER ECHINACEA(BIOWELL),,IMMUNE BOOSTER ECHINACEA(BIOWELL) CAPS 550MG X 60,Pharmacy,CAPSULES,JAR,,4300,CARE VANTAGE,1,1
6008914.00,IMMUNE DEFENCE,,IMMUNE DEFENCE TABS  X 90,Pharmacy,TABLETS,JAR,,3900,,1,1
713757000000.00,IMMUNE DEFENCE,,IMMUNE DEFENCE TABS X 60,Pharmacy,TABLETS,JAR,,5600,,1,1
733739000000.00,IMMUNE POWER,,IMMUNE POWER CAPS,Pharmacy,CAPSULES,JAR,,1890,,1,1
,IMMUNE-EEZE,,IMMUNE-EEZE TABS X 100,Pharmacy,TABLETS,JAR,,4100,H20 PHARMACEUTICALS LTD,1,1
,IMMUNECARE (MULTI + INULIN),,IMMUNECARE (MULTI + INULIN) TABS X 20,Pharmacy,TABLETS,JAR,,2800,BIOFEM PHAMACEUTICAL (NIGERIA) LIMITED,1,1
6008738.00,IMMUNECARE D-CAL C 600,,IMMUNECARE D-CAL C 600 TABS  X 20,Pharmacy,TABLETS,JAR,,2050,,1,1
,IMMUNECARE D-CAL C 600(BIOFEM),,IMMUNECARE D-CAL C 600(BIOFEM) TABS X 20,Pharmacy,TABLETS,JAR,,2500,BIOFEM PHAMACEUTICAL (NIGERIA) LIMITED,1,1
1007870.00,IMMUNECARE D-CAL C,,IMMUNECARE D-CAL C TABS 600MG,Pharmacy,TABLETS,JAR,,1150,BIOFEM PHAMACEUTICAL (NIGERIA) LIMITED,1,1
6012305.00,IMMUNECARE MULT.+ INULIN,,IMMUNECARE MULT.+ INULIN TABS  X 10,Pharmacy,TABLETS,JAR,,1200,,1,1
,IMMUNECARE VITAMIN C(BIOFEM),,IMMUNECARE VITAMIN C(BIOFEM) TABS 1000MG X 20,Pharmacy,TABLETS,JAR,,2150,BIOFEM PHAMACEUTICAL (NIGERIA) LIMITED,1,20
6012032.00,immunoforte,,IMMUNOFORTE CAPS X 60,Pharmacy,CAPSULES,JAR,,2650,,1,1
1008585.00,indirab (anti-rabies),,INDIRAB (ANTI-RABIES) INJ 0.5ML,Pharmacy,INJECTION (SOLUTION),VIALS,,4770,,1,1
5810.00,INDOCID,Indomethacin,INDOCID CAPS 250MG X 1000,Pharmacy,CAPSULES,JAR,,2070,CHRIS & CHRIS INVESTEMENT LTD.,1,1
5014400000000.00,INFACOL DROP,,INFACOL DROP,Pharmacy,,BOTTLE,,3800,,1,1
1007946.00,infusion set,,INFUSION SET,Pharmacy,,PCS,,4000,AGARY PHARMACEUTICALS LIMITED,1,1
6240.00,Insulatard HM,,INSULATARD HM INJ 100UNIT 10ML,Pharmacy,INJECTION (SOLUTION),AMPOULES,,3950,WWCVL (NOVO),1,10ML
6241.00,INSULATARD HM,,INSULATARD HM INJ 40UNIT 10MLS,Pharmacy,INJECTION (SOLUTION),VIALS,,2200,WWCVL (NOVO),1,10MLS
1008781.00,INSUMAN COMBO  30,,INSUMAN COMBO  30 INJ 100I.U,Pharmacy,INJECTION (SOLUTION),VIALS,,3250,,1,1
1000579.00,IODINE,Iodine,IODINE (MOKO)   20ML,Pharmacy,,BOTTLE,,203,,1,20ML
9795.00,IODINE,,IODINE SOLUTION  {UNBRANDED} 10ML,Pharmacy,SOLUTION,BOTTLE,,120,,1,1
8365.00,IODINE,,IODINE SOLUTION  100ML {APPACO},Pharmacy,SOLUTION,BOTTLE,,80,,1,100ML
5396.00,IRON DEXTRAN,Iron Dextran,IRON DEXTRAN (LABETA)  INJ 250MG X 100,Pharmacy,INJECTION (SOLUTION),AMPOULES,,45000,,100,1
6012548.00,IRON(NATURE MADE),,IRON(NATURE MADE) TABS 65MG X 180,Pharmacy,TABLETS,JAR,,1795,,1,1
1306400000000.00,IRONDEX,,IRONDEX SYR,Pharmacy,SYRUP,BOTTLE,,485,GENEITH PHARM. LIMITED,1,1
,IRONGLOBIN,,IRONGLOBIN SYR 200ML X 1,Pharmacy,SYRUP,BOTTLE,,550,THERAPEUTIC LABORATORIES(NIGERIA) LTD.,1,1
15343.00,ISOMIL BABY MILK STAGE 2,,ISOMIL BABY MILK STAGE 2  400G X 1,Pharmacy,,TIN,,1350,,1,1
8699520000000.00,ISORDIL,,ISORDIL TABS 10MG X 50,Pharmacy,TABLETS,JAR,,1200,,1,1
8699520000000.00,ISORDIL,Isosorbide Dinitrate,ISORDIL TABS 5MG X 50,Pharmacy,TABLETS,JAR,,1000,,1,1
6905.00,IVYBETANEOCIN,,IVYBETANEOCIN EYE/EAR DROPS  10ML,Pharmacy,EYE/EAR DROPS,BOTTLE,,360,,1,10ML
1001191.00,IVYCROM,,IVYCROM EYE DROPS  10ML,Pharmacy,EYE DROPS,BOTTLE,,800,,1,10ML
1001320.00,IVYDEXGENT ,,IVYDEXGENT EYE DROPS 5ML,Pharmacy,EYE DROPS,BOTTLE,,730,,1,5ML
1001328.00,IVYDEXNEOCIN,,IVYDEXNEOCIN EYE DROPS  10ML,Pharmacy,EYE DROPS,BOTTLE,,430,,1,10ML
6904.00,IVYDEXONE,,IVYDEXONE EYE DROPS  5ML,Pharmacy,EYE DROPS,BOTTLE,,416,,1,5ML
1001190.00,IVYFLUR,,IVYFLUR EYE DROPS 5ML,Pharmacy,EYE DROPS,BOTTLE,,800,,1,5ML
6908.00,IVYGENTACIN,,IVYGENTACIN EYE/EAR DROPS  10ML,Pharmacy,EYE/EAR DROPS,BOTTLE,,70,,1,10ML
1001148.00,IVYMOICELL,,IVYMOICELL EYE DROPS  10ML,Pharmacy,EYE DROPS,BOTTLE,,765,,1,10ML
1000582.00,IVYPHENICOL,Chloramphenicol,IVYPHENICOL EYE DROPS 10ML,Pharmacy,EYE DROPS,BOTTLE,,150,,1,10ML
7768.00,IVYSINE,,IVYSINE EYE DROPS  10ML,Pharmacy,EYE DROPS,BOTTLE,,695,,1,10ML
1001303.00,IVYSOLONE,,IVYSOLONE EYE DROPS  5ML,Pharmacy,EYE DROPS,BOTTLE,,655,,1,5ML
1001192.00,IVYTIMOLOL,,IVYTIMOL EYE DROPS 0.5% 5ML,Pharmacy,EYE DROPS,BOTTLE,,658,,1,5ML
1001145.00,IVYXOLOL,,IVYXOLOL EYE DROPS  5ML,Pharmacy,EYE DROPS,BOTTLE,,925,,1,5ML
7456.00,IVYZINC,,IVYZINC EYE DROPS 10ML,Pharmacy,EYE DROPS,BOTTLE,,504,,1,10ML
6907.00,IVYZOXAN,,IVYZOXAN EYE/EAR DROPS  5ML,Pharmacy,EYE/EAR DROPS,BOTTLE,,598,,1,5ML
5671.00,Jawaclox,,JAWACLOX DROPS  90mg/0.6ml,Pharmacy,ORAL DROPS,BOTTLE,,400,,1,90mg/0.6ml
1000555.00,Jawaclox,,JAWACLOX SUSP  100ML,Pharmacy,SUSPENSION,BOTTLE,,525,,1,100ML
1000448.00,JAWAMOX 125mg/5ML,Amoxicillin,JAWAMOX 125MG/5ML SUSP,Pharmacy,SUSPENSION,BOTTLE,,520,,1,1
1000589.00,JAWARON,Ferrous Gluconate,JAWARON SYR 200ML,Pharmacy,SYRUP,BOTTLE,,465,,1,1
1008619.00,jawasil plus,,JAWASIL PLUS SYR 100ML,Pharmacy,SYRUP,BOTTLE,,325,,1,1
5746.00,JAWASIL,Alumina and Magnesium Trisilicate,JAWASIL SUSP  100ML,Pharmacy,SUSPENSION,BOTTLE,,430,,1,100ml
1508.00,JAWASIL,Magnesium Trisilicate,JAWASIL SUSP  200ML,Pharmacy,SUSPENSION,BOTTLE,,510,,1,200ML
6012838.00,JIGSIMUR PLUS,,JIGSIMUR PLUS SYR X 1,Pharmacy,SYRUP,JAR,,12000,,1,1
859561000000.00,JoBELYN,,JOBELYN SYR  100ML,Pharmacy,SYRUP,BOTTLE,,1600,,1,100ML
799873000000.00,JOINT RENEW X 30,,JOINT RENEW X 30 TABS,Pharmacy,TABLETS,JAR,,4755,,1,1
6013397.00,joint renew(nature field),,JOINT RENEW(NATURE FIELD) CAPLET  X 30,Pharmacy,CAPLET,JAR,,4035,,1,1
6013398.00,joint renew(nature field),,JOINT RENEW(NATURE FIELD) CAPLET  X 90,Pharmacy,CAPLET,JAR,,6650,,1,1
8850010000000.00,K-Y GEL,,K-Y GEL   42G,Pharmacy,,TUBE,,600,,1,42G
5000480000000.00,KALMS x 100,,KALMS TABS  X 100,Pharmacy,TABLETS,JAR,,2270,,1,1
1007556.00,KAM RHO-D(ANTI-D),,KAM RHO-D(ANTI-D) INJ 2ML,Pharmacy,INJECTION (SOLUTION),VIALS,,1,,1,1
11472.00,KAMAL SYRING( SINGLE)  IPAS,,KAMAL SYRING( SINGLE)  IPAS,Pharmacy,,PCS,,3970,,1,1
7999.00,KAMAL SYRINGE,,KAMAL SYRINGE   {DOUBLE VALVE},Pharmacy,,PCS,,6110,,1,1
,KCLAVIN,Amoxicillin and Clavulanate,KCLAVIN SUSP 457MG/5ML X 1,Pharmacy,SUSPENSION,BOTTLE,,1100,KAYHELT PHARMA LTD,1,1
,KELP(MASON),,KELP(MASON) TABS  X 250,Pharmacy,TABLETS,JAR,,2400,,1,1
1000681.00,KENACOMB,,KENACOMB CREAM  10G,Pharmacy,CREAM,TUBE,,1100,WWCVL (GSK),1,10G
1008778.00,kenalog,Triamcinolone,KENALOG CREAM,Pharmacy,CREAM,TUBE,,900,ONYI-JEK GLOBAL RESOURCES,1,1
1009004.00,KENALOG IN ORAL BASE,,KENALOG IN ORAL BASE GEL 5G,Pharmacy,GEL,TUBE,,750,WWCVL (GSK),1,1
,KEROB,,KEROB EYE DROPS X 1,Pharmacy,EYE DROPS,BOTTLE,,1000,,1,1
6011432.00,KETACON,,KETACON CREAM 20G X 1,Pharmacy,CREAM,TUBE,,180,,1,1
10159.00,ketamine,,KETAMINE  INJ 250MG 10ML (ROTEX),Pharmacy,INJECTION (SOLUTION),VIALS,,1215,,1,10ML
4577.00,ketamine,Ketamine Hydrochloride,KETAMINE INJ  10ML  (MULTI COY),Pharmacy,INJECTION (SOLUTION),VIALS,,1430,,1,10ml
8902290000000.00,KETAZOL,,KETAZOL GEL 30G,Pharmacy,GEL,TUBE,,270,SHALINA HEALTHCARE NIGERIA LTD,1,1
6010975.00,ketineal,,KETINEAL CREAM 20G X 1,Pharmacy,CREAM,TUBE,,340,,1,1
6156000000000.00,KETOFUNG,Ketoconazole,KETOFUNG CREAM,Pharmacy,CREAM,TUBE,,530,DRUGFIELD PHARMACEUTICALS LIMITED,1,1
6008776.00,KETORAL,,KETORAL CREAM 20MG 30GMS,Pharmacy,CREAM,TUBE,,180,DRUGFIELD PHARMACEUTICALS LIMITED,1,30GMS
11010.00,KETOVID,Ketoconazole,KETOVID CREAM  15G,Pharmacy,CREAM,TUBE,,820,,1,15G
,KIDIPROFEN,Ibuprofen,KIDIPROFEN SUSP 100ML X 1,Pharmacy,SUSPENSION,BOTTLE,,175,VITABIOTICS (NIGERIA) LTD.,1,1
6010598.00,KIDIQUIN,,KIDIQUIN SYR 100ML X 1,Pharmacy,SYRUP,BOTTLE,,190,,1,1
15275.00,KIDIRON,,KIDIRON SYR 100ML,Pharmacy,SYRUP,BOTTLE,,155,,1,1
6009947.00,kidiron,,KIDIRON SYR 200ML X 1,Pharmacy,SYRUP,BOTTLE,,360,,1,1
9236.00,KIDNEY - DISH,,KIDNEY - DISH  SMALL SIZE,Pharmacy,,PCS,,670,,1,1
8367.00,KIDNEY - DISH [M/S],,KIDNEY - DISH MEDIUM SIZE,Pharmacy,,PCS,,750,,1,1
6011426.00,KINATEL,,KINATEL SUSP 125MG 100ML,Pharmacy,SUSPENSION,BOTTLE,,250,,1,100ML
6012299.00,89,,KINDER MULTIVITAMIN SYR 150ML X 1,Pharmacy,SYRUP,BOTTLE,,2100,,1,1
1000940.00,KING TONIC,,KING TONIC SYR  200ML,Pharmacy,SYRUP,BOTTLE,,385,SKG PHARMA LTD,1,200ml
,kiss lube,,KISS LUBE GEL 120ML X 1,Pharmacy,GEL,TUBE,,1350,DKT INTERNATIONAL NIG.,1,1
1007888.00,KLARIMAX,,KLARIMAX SUSP,Pharmacy,SUSPENSION,BOTTLE,,800,LINTAK ENT.LTD,1,1
,KOALA MULTI KID,,KOALA MULTI KID TABS  X 30,Pharmacy,TABLETS,JAR,,2200,ZIFAM PINNACLE NIG.LTD,1,1
8906010000000.00,KOFAREST EXPECTORANT,,KOFAREST EXPECTORANT,Pharmacy,,BOTTLE,,345,,1,1
8906010000000.00,KOFAREST-PD 60ML SYR,,KOFAREST-PD 60ML SYR,Pharmacy,,BOTTLE,,295,,1,1
4852.00,KOFGO,,KOFGO SYR  100ML,Pharmacy,SYRUP,BOTTLE,,120,,1,100ML
8901080000000.00,KOFOL SYRUP 100MLS,,KOFOL SYRUP 100MLS,Pharmacy,,BOTTLE,,550,,1,1
14925.00,KOFREST,,KOFREST SYR 100ML,Pharmacy,SYRUP,BOTTLE,,345,,1,1
8906050000000.00,KOLD TIME,,KOLD TIME SYR,Pharmacy,SYRUP,BOTTLE,,250,,1,1
6011462.00,KONGO BALM,,KONGO BALM   30G,Pharmacy,,BOTTLE,,135,,1,30G
713757000000.00,KOREA GINSENG(NATURES FIELD),,KOREA GINSENG(NATURES FIELD) TABS 1000MG,Pharmacy,TABLETS,JAR,,3680,,1,1
6010933.00,korean ginseng(mason),,KOREAN GINSENG(MASON) CAPS X 60,Pharmacy,CAPSULES,JAR,,3000,,1,1
6013283.00,KOSYLN ADULT,,KOSYLN ADULT SYR 2L X 1,Pharmacy,SYRUP,JAR,,870,,1,1
6011553.00,l-arginine(mason),,L-ARGININE(MASON) X 50,Pharmacy,,JAR,,2120,,1,1
15393.00,0,Labetalol,LABET INJ 50MG X 1,Pharmacy,INJECTION (SOLUTION),AMPOULES,,950,,1,1
6009228.00,labetalol,,LABETALOL (LABET)  INJ 5MG 10ML,Pharmacy,INJECTION (POWDER),AMPOULES,,950,,1,1
6008640.00,laclox,Ampicillin and Cloxacillin,LACLOX SYR 100ML,Pharmacy,SYRUP,BOTTLE,,200,,1,1
1008767.00,lactober,,LACTOBER SUSP 120ML,Pharmacy,SUSPENSION,BOTTLE,,850,,1,1
5017010000000.00,LACTULOSE,Lactulose,LACTULOSE SYR  500ML,Pharmacy,SYRUP,BOTTLE,,2700,,1,500ML
1003163.00,LADY'S OWN TONIC,,LADY'S OWN TONIC SYR 200ML,Pharmacy,SYRUP,BOTTLE,,425,,1,1
1002966.00,LAMISIL,,LAMISIL CREAM,Pharmacy,CREAM,TUBE,,1850,WWCVL (GSK-CX),1,1
8904090000000.00,lamivudine comb x 60,,LAMIVUDINE COMB X 60 TABS,Pharmacy,TABLETS,JAR,,800,,1,1
9518.00,LAMIVUDINE PLAIN,,LAMIVUDINE PLAIN TABS,Pharmacy,TABLETS,JAR,,3000,,1,1
1007503.00,LAMONTE-BG (Clotrimazole+ beclomathasone +gent),,LAMONTE-BG (CLOTRIMAZOLE+ BECLOMATHASONE +GENT) CREAM,Pharmacy,CREAM,TUBE,,150,,1,1
6008923.00,LAMOX,,LAMOX SYR X 1,Pharmacy,SYRUP,BOTTLE,,180,,1,1
1007664.00,LANSOGARD,,LANSOGARD SYR,Pharmacy,SYRUP,BOTTLE,,550,,1,1
,LANZOTEC,Lansoprazole,LANZOTEC CAPS 30MG X 15,Pharmacy,CAPSULES,JAR,,650,AFRAB-CHEM LTD.,1,1
8806450000000.00,LAXAT,,LAXAT EYE DROPS,Pharmacy,EYE DROPS,BOTTLE,,4500,,1,1
8806450000000.00,LAXAT PLUS,,LAXAT PLUS EYE DROPS,Pharmacy,EYE DROPS,BOTTLE,,5450,,1,1
6008676.00,LAYWASH,,LAYWASH SYR 100ML,Pharmacy,SYRUP,BOTTLE,,550,,1,1
311845000000.00,LECITHIN 1200MG CAPS,,LECITHIN 1200MG CAPS   X 1,Pharmacy,,JAR,,3350,,1,100
1007966.00,LEORUB,,LEORUB LINIMENT X 12,Pharmacy,LINIMENT,TUBE,,200,,1,1
6012994.00,LEUCOVORIN,,LEUCOVORIN (EXCEL)  INJ X 1,Pharmacy,INJECTION (POWDER),VIALS,,1900,,1,1
11736.00,LEVOFLOXACIN,,LEVOFLOXACIN (MULTICOY) INFUSION 500MG 100ML,Pharmacy,INFUSION,BOTTLE,,390,,1,100ML
8906010000000.00,L-FLOX-500 INFUSION,levofloxacin,LEVOFLOXACIN-500MLS INFUSION (MULTICOY),Pharmacy,,BOTTLE,,400,,1,1
,LEVOMARK,levofloxacin,LEVOMARK INFUSION 5MG/ML X 1,Pharmacy,INFUSION,BOTTLE,,400,MARK PHARM LTD.,1,1
15409.00,LIDOCAIN,,LIDOCAIN INJ 50ML,Pharmacy,INJECTION (SOLUTION),VIALS,,225,,1,1
6012053.00,LIDOCANE & ADRENALIN,,LIDOCANE & ADRENALIN INJ  50ML,Pharmacy,INJECTION (SOLUTION),VIALS,,195,,1,50ML
1007786.00,LIPROTEIN,,LIPROTEIN SYR 200ML,Pharmacy,SYRUP,BOTTLE,,430,,1,1
1001461.00,LIQUID IRON,,LIQUID IRON SYR 100ML,Pharmacy,SYRUP,BOTTLE,,270,,1,1
1000142.00,LIQUID IRON,Iron,LIQUID IRON SYR 200ML,Pharmacy,SYRUP,BOTTLE,,440,,1,1
6156000000000.00,LIQUID PARAFFIN,,LIQUID PARAFFIN (MOKO) SYR  200ML,Pharmacy,SYRUP,BOTTLE,,522,,1,200ml
,LIQUID PARAFFIN(MOPSON),,LIQUID PARAFFIN(MOPSON) SYR 100ML X 1,Pharmacy,SYRUP,BOTTLE,,280,WWCVL (MOPSON),1,1
11576.00,LIQUID PARAFFIN(MOPSON),,LIQUID PARAFFIN(MOPSON) SYR 200ML,Pharmacy,SYRUP,BOTTLE,,330,,1,1
1007820.00,LIQUID QUINE (CAMPHARM),,LIQUID QUINE (CAMPHARM) SYR 200ML,Pharmacy,SYRUP,BOTTLE,,580,,1,1
,LIQUID QUNINE(MOKO),,LIQUID QUNINE(MOKO) SYR 200ML X 1,Pharmacy,SYRUP,BOTTLE,,750,NEW HEALTHWAY COMPANY LTD.,1,1
6010604.00,LITHUM CELL BATTERY,,LITHUM CELL BATTERY X 1,Pharmacy,,BLOCK,,250,,1,1
5715.00,LIV.52,,LIV 52 SYR  100ML,Pharmacy,SYRUP,BOTTLE,,2240,,1,100ML
8901140000000.00,Liv.52(JAR) X 100,,LIV.52(JAR) X 100 TABS,Pharmacy,TABLETS,JAR,,1800,,1,1
713757000000.00,LIVER & KIDNEY(N/F),,LIVER & KIDNEY(N/F) X 1,Pharmacy,,JAR,,5350,,1,1
9818.00,LIVING BITTERS BIG SIZE SYR,,LIVING BITTERS BIG SIZE SYR  400ML,Pharmacy,,BOTTLE,,3450,,1,1
1000675.00,LIVING BITTERS,,LIVING BITTERS SYR  200ML,Pharmacy,SYRUP,BOTTLE,,1490,,1,200ML
6034000000000.00,LIVING BITTERS x 30,,LIVING BITTERS X 30 CAPS,Pharmacy,CAPSULES,JAR,,1780,,1,1
8981.00,LIXYPED LINCTUS,,LIXYPED LINCTUS SYR  100ML,Pharmacy,SYRUP,BOTTLE,,160,,1,100ML
8906010000000.00,LOFNAC GEL,,LOFNAC GEL,Pharmacy,,TUBE,,300,GREENLIFE PHARMACEUTICALS LIMITED,1,1
154000000000.00,LOKMAL,,LOKMAL SUSP  60ML,Pharmacy,SUSPENSION,BOTTLE,,500,,1,60ML
8906010000000.00,LONART,,LONART SUSP  60ML,Pharmacy,SUSPENSION,BOTTLE,,1085,GREENLIFE PHARMACEUTICALS LIMITED,1,60ML
1008710.00,LORATIDIN,,LORATIDIN TABS 10MG X 10,Pharmacy,TABLETS,BLISTER,,1,E-GLOBA PHARMACEUTICAL LTD (GMBH),1,10
1002659.00,LORATYDINE,,LORATIDINE SYR 100ML X 1,Pharmacy,SYRUP,BOTTLE,,395,,1,1
,LORATIDINE(AFRAB),,LORATIDINE(AFRAB) SYR 60ML X 1,Pharmacy,SYRUP,BOTTLE,,320,AFRAB-CHEM LTD.,1,1
1008578.00,lorax,,LORAX SYR 100ML,Pharmacy,SYRUP,BOTTLE,,400,,1,1
1007661.00,LOSODIUM,,LOSODIUM  500MG 500G,Pharmacy,,JAR,,1350,,1,1
1007660.00,LOSODIUM,,LOSODIUM 200MG,Pharmacy,,JAR,,550,,1,1
7409.00,LOTEMP x 1000,Paracetamol,LOTEMP X 1000 TABS 500MG,Pharmacy,TABLETS,JAR,,4000,,1,1
6034000000000.00,LOXAGYL,,LOXAGYL SUSP 125MG/5ML 100ML,Pharmacy,SUSPENSION,BOTTLE,,190,MAY & BAKER NIGERIA PLC,1,60ML
6034000000000.00,Loxaprim,,LOXAPRIM  SUSP  100ML,Pharmacy,SUSPENSION,BOTTLE,,190,MAY & BAKER NIGERIA PLC,1,100ML
14920.00,LUMIGAN,,LUMIGAN EYE DROPS 0.3MG/ML,Pharmacy,EYE DROPS,BOTTLE,,4750,,1,1
6012928.00,LUTEIN,,LUTEIN (N/F)  CAPS 20MG X 30,Pharmacy,CAPSULES,JAR,,5030,,1,1
6012782.00,luzit herbal supplement,,LUZIT HERBAL SUPPLEMENT CAPS  X 60,Pharmacy,CAPSULES,JAR,,5300,,1,1
15281.00,LYCOFER,,LYCOFER SYR 200ML,Pharmacy,SYRUP,BOTTLE,,900,,1,1
1003584.00,LYCOSET,,LYCOSET SYR 200ML,Pharmacy,SYRUP,BOTTLE,,1450,,1,1
,lynmoxil,,LYNMOXIL TABS 250MG X 20,Pharmacy,TABLETS,JAR,,1000,LYN-EDGE PHARMACEUTICALS LTD,1,1
,LYNSUNATE,,LYNSUNATE SUSP 20/120MG X 1,Pharmacy,SUSPENSION,BOTTLE,,1100,LYN-EDGE PHARMACEUTICALS LTD,1,1
,lysobact,,LYSOBACT SYR X 1,Pharmacy,SYRUP,BOTTLE,,2800,TOM HABEEB NIG.ENTERPRISES,1,1
6012699.00,LYSODERM,,LYSODERM CREAM 30G,Pharmacy,CREAM,TUBE,,415,,1,1
14957.00,MAALOX 100ml,,MAALOX 100ML SUSP,Pharmacy,SUSPENSION,BOTTLE,,800,,1,1
6012926.00,MACA,,MACA (N/F)  TABS 500MG X 60,Pharmacy,TABLETS,JAR,,5585,,1,1
6011999.00,MACA(MASON),,MACA(MASON) CAPS 500MG X 60,Pharmacy,CAPSULES,JAR,,4200,,1,1
6011342.00,MACA(NOW),,MACA(NOW) CAPS 750MG X 90,Pharmacy,CAPSULES,JAR,,4800,,1,1
8103.00,MACLEA,,MACLEA SYR  200ML,Pharmacy,SYRUP,BOTTLE,,650,,1,200ML
1007412.00,MACLEAN INTENSE WHITING,,MACLEAN INTENSE WHITING 125ML,Pharmacy,,TUBE,,200,WWCVL (GSK-CX),1,1
1007413.00,MACLEAN MILK TEETH,,MACLEAN MILK TEETH 125ML,Pharmacy,,TUBE,,200,WWCVL (GSK-CX),1,1
8902290000000.00,MAGNAVIT,,MAGNAVIT SYR 200ML X 36,Pharmacy,SYRUP,BOTTLE,,680,,1,1
12140.00,MAGNESIUM SULPHATE(MAGPHATE),,MAGNESIUM SULPHATE(MAGPHATE) INJ 10MLS X 5,Pharmacy,INJECTION (SOLUTION),AMPOULES,,320,,1,1
,magnesium(21 century),,MAGNESIUM(21 CENTURY) TABS 250MG X 110,Pharmacy,TABLETS,JAR,,2000,megavox ltd,1,1
311845000000.00,MAGNESIUM(MASON),,MAGNESIUM(MASON) TABS 200MG X 100,Pharmacy,TABLETS,JAR,,3300,,1,1
9161.00,MALAGON,,MALAGON SYR  10ML,Pharmacy,SYRUP,BOTTLE,,120,THERAPEUTIC LABORATORIES(NIGERIA) LTD.,1,10ML
,malastop,,MALASTOP SUSP 20/120 60ML,Pharmacy,SUSPENSION,BOTTLE,,405,,1,60ml
6154000000000.00,MALDOX,Sulfadoxine and Pyrimethamine,MALDOX SUSP,Pharmacy,SUSPENSION,BOTTLE,,250,EMZOR PHARMACEUTICAL INDUSTRIES,1,1
6013322.00,MAMALAIT GRANULES,,MAMALAIT GRANULES CAPS  X 1,Pharmacy,CAPSULES,JAR,,950,,1,1
8138.00,MANITOL,,MANITOL INFUSION 10% 500ML (UNIQUE),Pharmacy,INFUSION,BOTTLE,,11200,,20,500ML
6585.00,MANITOL,,MANITOL INFUSION 20%,Pharmacy,INFUSION,BOTTLE,,780,,1,1
,marcrish,Amino Acids,MARCRISH SYR 200ML X 1,Pharmacy,SYRUP,BOTTLE,,1600,MARCSON HEALTHCARE LIMITED,1,1
6013468.00,MASEDYL HERBAL,,MASEDYL HERBAL SYR  X 1,Pharmacy,SYRUP,BOTTLE,,550,MAY & BAKER NIGERIA PLC,1,1
6296.00,MATHEW WORM ELIXIR,,MATHEW WORM ELIXIR SYR,Pharmacy,SYRUP,BOTTLE,,110,,1,1
6000.00,MATHEWQUINE,,MATHEWQUINE SYR,Pharmacy,SYRUP,BOTTLE,,135,,1,1
6009206.00,maxiclav,,MAXICLAV SUSP X 1,Pharmacy,SUSPENSION,BOTTLE,,770,MIRAL PHARM LIMITED,1,1
5413900000000.00,MAXIDEX,Dexamethasone Sodium Phosphate,MAXIDEX EYE DROPS 5ML X 1,Pharmacy,EYE DROPS,BOTTLE,,1200,,1,1
1000058.00,MAXIQUINE,Chloroquine,MAXIQUINE SYR 60ML/5ML,Pharmacy,SYRUP,BOTTLE,,280,,1,1
9224.00,MAXIRON,,MAXIRON SYR  200ML,Pharmacy,SYRUP,BOTTLE,,790,,1,1
5413900000000.00,MAXITROL,Dexamethasone\ Neomycin Sulfate\ Polymyxin B Sulfate,MAXITROL EYE DROPS  5ML,Pharmacy,EYE DROPS,BOTTLE,,1470,,1,5ML
5413900000000.00,MAXITROL,,MAXITROL EYE OINTMENT  X 1,Pharmacy,EYE OINTMENT,TUBE,,1368,,1,1
1007785.00,MAXIVISION,,MAXIVISION CAPLET  X 120 [USA],Pharmacy,CAPLET,JAR,,13250,,1,1
1000133.00,MAXIVISION,,MAXIVISION CAPS  X 30,Pharmacy,CAPSULES,JAR,,5050,,1,1
1001500.00,MAXIVISION,,MAXIVISION CAPS  X 60,Pharmacy,CAPSULES,JAR,,10310,,1,1
9534.00,maysedyl cough linctus,,MAYSEDYL COUGH LINCTUS SYR 100ML,Pharmacy,SYRUP,BOTTLE,,380,,1,100ML
6013462.00,maysedyl HERBAL,,MAYSEDYL HERBAL SYR 100ML X 1,Pharmacy,SYRUP,BOTTLE,,800,,1,1
6012287.00,MECTIZAN,,MECTIZAN TABS 3MG X 500,Pharmacy,TABLETS,JAR,,25000,,1,1
6009138.00,medamin,,MEDAMIN SYR 200ML X 1,Pharmacy,SYRUP,BOTTLE,,745,,1,1
,MEDICLAV,Amoxicillin and Clavulanate,MEDICLAV SYR 228.5 100ML X 1,Pharmacy,SYRUP,BOTTLE,,850,SK MEDICINES  LTD,1,1
6009307.00,medipine retard,,MEDIPINE RETARD TABS  X 100,Pharmacy,TABLETS,BLISTER,,14000,,100,10
4046680000000.00,MEDITEST COMBI 2,,MEDITEST COMBI 2,Pharmacy,,BOTTLE,,1150,,1,1
6009105.00,mega c (n/f) x 60,,MEGA C (N/F) X 60  1000MG,Pharmacy,,JAR,,3810,,1,1
1007704.00,MEGA C X 100,,MEGA C X 100 TABS 1000MG,Pharmacy,TABLETS,JAR,,4050,,1,1
6010290.00,mega calcium(n/f) x 100,,MEGA CALCIUM(N/F) X 100,Pharmacy,,JAR,,6500,,1,1
10785.00,mega Garlic(NATURE FIELD) X 100,,MEGA GARLIC(NATURE FIELD) X 100 TABS,Pharmacy,TABLETS,JAR,,2000,,1,1
,mega gel,,MEGA GEL  500ML X 1,Pharmacy,,JAR,,1200,KENIS MOORE ENTERPRISES,1,1
1007770.00,MEGACID,,MEGACID SUSP 200ML,Pharmacy,SUSPENSION,BOTTLE,,400,,1,1
6009857.00,MEGAFIT,,MEGAFIT CAPS  X 36,Pharmacy,CAPSULES,PACK,,46800,,36,1
6008779.00,MEGAFIT,,MEGAFIT SYR  200ML,Pharmacy,SYRUP,BOTTLE,,850,,1,200ML
1008651.00,megonix,,MEGONIX SYR 100ML X 1,Pharmacy,SYRUP,BOTTLE,,90,,1,1
1008649.00,megron,,MEGRON SYR 1L X 1,Pharmacy,SYRUP,BOTTLE,,620,,1,1
1008650.00,megron,,MEGRON SYR 200ML X 1,Pharmacy,SYRUP,BOTTLE,,250,,1,1
8934570000000.00,MEKOAMIN,,MEKOAMIN SYR  200ML,Pharmacy,SYRUP,BOTTLE,,440,,1,200ML
1007688.00,MEKOZORAL,,MEKOZORAL CREAM 15G,Pharmacy,CREAM,TUBE,,240,,1,1
,MELATONIN (EARTH'S CREATION),,MELATONIN (EARTH'S CREATION) TABS 5MG X 60,Pharmacy,TABLETS,JAR,,3500,UZORMARK GLOBAL SERVICE LTD,1,1
6011297.00,melatonin,,MELATONIN (PURITAN PRIDE)  TABS 30MG X 120,Pharmacy,TABLETS,JAR,,1790,,1,1
6011889.00,MELATONIN,,MELATONIN TABS 3MG X 60 {MASON},Pharmacy,TABLETS,JAR,,2800,,1,1
6011895.00,MELATONIN,,MELATONIN TABS 5MG X 60 {MASON},Pharmacy,TABLETS,JAR,,3450,,1,1
,melatonin(21 century),,MELATONIN(21 CENTURY) TABS 3MG X 90,Pharmacy,TABLETS,JAR,,2600,megavox ltd,1,1
,melatonin(21 century),,MELATONIN(21 CENTURY) TABS 5MG X 120,Pharmacy,TABLETS,JAR,,3800,megavox ltd,1,1
6011248.00,melatonin(sundownnatural),,MELATONIN(SUNDOWNNATURAL) TABS 300MCG X 120,Pharmacy,TABLETS,JAR,,900,,1,1
,MELATONIN-WEL(biowell),,MELATONIN-WEL(BIOWELL) CAPS 30MG X 60,Pharmacy,CAPSULES,JAR,,3800,CARE VANTAGE,1,1
15418.00,MELOCAP,Meloxicam,MELOCAP INJ 15MG X 1,Pharmacy,INJECTION (SOLUTION),AMPOULES,,750,,1,1
713757000000.00,MEMORY CODE X 60,,MEMORY CODE X 60,Pharmacy,,JAR,,5790,,1,1
6012713.00,men's potent,,MEN'S POTENT (MASON)  TABS  X 60,Pharmacy,TABLETS,JAR,,5000,,1,1
713757000000.00,men's zone,,MEN'S ZONE CAPS  X 60,Pharmacy,CAPSULES,JAR,,9000,,1,1
6012783.00,mengility,,MENGILITY CAPS  X 60,Pharmacy,CAPSULES,JAR,,6250,,1,1
5017850000000.00,MENTHODEX,,MENTHODEX SYR  100ML,Pharmacy,SYRUP,BOTTLE,,800,,1,100ML
6010117.00,MEPISAN,,MEPISAN CREAM 20G X 1,Pharmacy,CREAM,TUBE,,450,,1,1
6010798.00,METFORMIN,,METFORMIN (MULTICOY)  TABS 500MG X 1000,Pharmacy,TABLETS,JAR,,3980,,1,1
6012993.00,METHOTREX,,METHOTREX INJ 50MG X 1,Pharmacy,INJECTION (POWDER),VIALS,,900,,1,1
7660.00,METHOTREXATE,Methotrexate,METHOTREXATE   2ML {INJECTION},Pharmacy,,VIALS,,780,,1,2ML
5749.00,METHYLATED SPIRIT,Alcohol,METHYLATED SPIRIT   2LITER {MOPS},Pharmacy,,JAR,,1280,,1,2liter
9531.00,METHYLATED SPIRIT,,METHYLATED SPIRIT (FAITH) 200ML,Pharmacy,,BOTTLE,,120,,1,1
6156000000000.00,METHYLATED SPIRIT,Alcohol,METHYLATED SPIRIT (MOKO)   200ML,Pharmacy,,BOTTLE,,445,,1,200ML
4538.00,METHYLATED SPIRIT,Alcohol,METHYLATED SPIRIT (MOPSON) 2L,Pharmacy,,JAR,,650,,1,1
6013420.00,METHYLATED SPIRIT(GAUZE),,METHYLATED SPIRIT(GAUZE) SOLUTION 100ML X 1,Pharmacy,SOLUTION,BOTTLE,,160,,1,1
6013419.00,METHYLATED SPIRIT(GAUZE),,METHYLATED SPIRIT(GAUZE) SOLUTION 200ML X 1,Pharmacy,SOLUTION,BOTTLE,,250,,1,1
6013421.00,METHYLATED SPIRIT(GAUZE),,METHYLATED SPIRIT(GAUZE) SOLUTION 2L X 1,Pharmacy,SOLUTION,JAR,,1500,,1,1
6011135.00,methylated spirit(la onyi),,METHYLATED SPIRIT(LA ONYI)  200ML X 1,Pharmacy,,BOTTLE,,170,,1,1
6009542.00,METHYLATED SPIRIT(MULTICOY),,METHYLATED SPIRIT(MULTICOY)  100ML X 24,Pharmacy,,BOTTLE,,2880,,24,1
6011136.00,METHYLATED SPIRIT(MULTICOY),,METHYLATED SPIRIT(MULTICOY)  2L X 1,Pharmacy,,JAR,,1450,,1,1
7993.00,METHYLSALICYLATE,,METHYLSALICYLATE OINTMENT  1KG {LEADY},Pharmacy,SKIN OINTMENT,JAR,,3050,,1,1KG
6012002.00,METHYLSALICYLATE,,METHYLSALICYLATE OINTMENT  500G {LEADY},Pharmacy,SKIN OINTMENT,JAR,,1650,,1,500G
6323.00,metoclopramide,Metoclopramide,METOCLOPRAMIDE (UNBRANDED)  INJ 10MG/2ML X 1,Pharmacy,INJECTION (SOLUTION),AMPOULES,,25,,1,1
6012998.00,metrone,,METRONE (FIDSON)  INFUSION X 1,Pharmacy,INFUSION,JAR,,250,,1,1
,metrone (FIDSON),,METRONE (FIDSON) SYR  60ML,Pharmacy,SYRUP,BOTTLE,,180,,1,60ML
6153400000000.00,METRONIDAZOLE,Metronidazole,METRONIDAZOLE (EVANS)  SUSP,Pharmacy,SUSPENSION,BOTTLE,,175,,1,1
8146.00,METRONIDAZOLE,,METRONIDAZOLE (MOPSON)  SYR 60ML,Pharmacy,SYRUP,BOTTLE,,160,,1,1
11107.00,METRONIDAZOLE (TRIMETRO) IV,,METRONIDAZOLE (TRIMETRO) IV INFUSION 100ML,Pharmacy,INFUSION,BOTTLE,,120,,1,1
1007686.00,METRONIDAZOLE WHITE X 1000,,METRONIDAZOLE WHITE X 1000 TABS 200MG {JUHEL},Pharmacy,TABLETS,JAR,,1695,,1,1
1007715.00,METRONIDAZOLE X 1000,,METRONIDAZOLE X 1000 (SAM)  TABS 200MG,Pharmacy,TABLETS,JAR,,1615,,1,1
1009112.00,METRONIDAZOLE( UNIQUE) INFUSION,,METRONIDAZOLE( UNIQUE) INFUSION 100ML,Pharmacy,,BOTTLE,,250,,1,1
,METRONIDAZOLE(MOPSON),,METRONIDAZOLE(MOPSON) TABS  X 1000,Pharmacy,TABLETS,JAR,,1900,MOPSON PHARMACEUTICAL LIMITED,1,1
9358.00,METRONIDAZOLE,,METRONIDAZOLE(MULTICOY) INF 100ML,Pharmacy,INFUSION,BOTTLE,,11500,,50,1
6010166.00,METRONIDAZOLE(skg) X 1000,,METRONIDAZOLE(SKG) X 1000 TABS 200MG,Pharmacy,TABLETS,JAR,,1620,,1,1
1009111.00,METRONIDAZOLE(UNIQUE),,METRONIDAZOLE(UNIQUE) TABS 200MG X 1000,Pharmacy,TABLETS,JAR,,2400,,1,1
6011055.00,METRONIDAZOLE(VITABIOTICS),,METRONIDAZOLE(VITABIOTICS) SUSP X 1,Pharmacy,SUSPENSION,BOTTLE,,170,,1,1
7777.00,METROSAM,Metronidazole,METROSAM TABS 200MG X 1000,Pharmacy,TABLETS,JAR,,560,,1,1
7876.00,Micpol - Y,,MICPOL - Y CAPLET 500MG X 1000,Pharmacy,CAPLET,JAR,,900,,1,1
7859.00,Micpol Paracetamol,,MICPOL PARACETAMOL SYR 2L,Pharmacy,SYRUP,JAR,,1500,,1,1
5993.00,MICPOL WHITE x 1000,Paracetamol,MICPOL WHITE X 1000 (MOP)  CAPLET 500MG X 1,Pharmacy,CAPLET,JAR,,720,,1,1
,micromox,,MICROMOX EYE DROPS  10ML,Pharmacy,EYE DROPS,BOTTLE,,1150,,1,10ml
6009188.00,MICRONAC SR,,MICRONAC SR TABS  X 30,Pharmacy,TABLETS,TABS,,2760,,30,10
1007749.00,MILK CALCIUM X 100,,MILK CALCIUM X 100 TABS,Pharmacy,TABLETS,JAR,,2050,,1,1
312844000000.00,milk of magnesia,,MILK OF MAGNESIA  355ML X 1,Pharmacy,,JAR,,2850,,1,1
639277000000.00,MILK OF MAGNESIA,,MILK OF MAGNESIA (PHILLIPS) SUSP  200ML,Pharmacy,SUSPENSION,BOTTLE,,2650,,1,200ml
639277000000.00,milk of magnesia(assured) 200ml,,MILK OF MAGNESIA(ASSURED) 200ML X 1,Pharmacy,,JAR,,1350,,1,1
6958810000000.00,MILK TEETH TOOTH BRUSH,,MILK TEETH TOOTH BRUSH   X 1,Pharmacy,,FOIL STRIP,,85,,1,1
6012484.00,MILK THISTLE(MASON),,MILK THISTLE(MASON) X 1,Pharmacy,,JAR,,2775,,1,1
6012543.00,MILK THISTLE(P/P),,MILK THISTLE(P/P) SOFTGEL 100MG X 90,Pharmacy,SOFTGEL,JAR,,2600,,1,1
15192.00,MILK THISTLE(SUNDOWN)X60,,MILK THISTLE(SUNDOWN)X60 CAPS 240MG,Pharmacy,CAPSULES,JAR,,1500,,1,1
8904010000000.00,MIM,,MIM DROPS,Pharmacy,ORAL DROPS,BOTTLE,,410,ADLER PRODUCTS LTD,1,1
7937.00,MIM,,MIM SYR 100ML X 1,Pharmacy,SYRUP,BOTTLE,,251,,1,1
1000591.00,MIM,,MIM SYR 300ML,Pharmacy,SYRUP,BOTTLE,,467,,1,1
1008801.00,mimglobin,,MIMGLOBIN SYR 200ML,Pharmacy,SYRUP,BOTTLE,,1315,,1,1
5012340000000.00,MINADEX TONIC,,MINADEX TONIC SYR  X 1,Pharmacy,SYRUP,BOTTLE,,4900,,1,200ML
7942.00,MINIPLUS,,MINIPLUS TABS  X 60,Pharmacy,TABLETS,BOTTLE,,1100,NEIMETH INT'L PHARMACEUTICAL PLC,1,1
9057.00,MIRACLOX,,MIRACLOX DROPS 9MG/0.6ML 12ML,Pharmacy,ORAL DROPS,BOTTLE,,130,,1,12ML
6510.00,MIRACLOX,,MIRACLOX SUSP 250MG/5ML 100ML,Pharmacy,SUSPENSION,BOTTLE,,160,DRUGFIELD PHARMACEUTICALS LIMITED,1,100ML
6009229.00,mirafix,,MIRAFIX SUSP 50MG/5ML,Pharmacy,SUSPENSION,BOTTLE,,850,,1,1
1007853.00,MIRAMALT,,MIRAMALT SYR,Pharmacy,SYRUP,BOTTLE,,625,,1,1
6453.00,Miramox,Amoxicillin,MIRAMOX SUSP  100ML,Pharmacy,SUSPENSION,BOTTLE,,140,MIRAFLASH NIG. LIMITED,1,100ml
6009130.00,misopt,,MISOPT EYE DROPS X 1,Pharmacy,EYE DROPS,BOTTLE,,3700,,1,1
6156000000000.00,MIST ALBA,,MIST ALBA (MOKO) SUSP  200ML,Pharmacy,SUSPENSION,BOTTLE,,337.08,,1,200ml
1550.00,MIST KAOLIN,Kaolin,MIST KAOLIN (MOKO) SUSP  200ML,Pharmacy,SUSPENSION,BOTTLE,,185,,1,200ML
4592.00,MIST MAG,Magnesium Trisilicate,MIST MAG SUSP (MULTI COY) 2L,Pharmacy,SUSPENSION,BOTTLE,,1020,,1,2LIT
6265.00,MIST MAG X 20,Magnesium Trisilicate,MIST MAG X 20 SUSP  {CHAMPHAM} 200ML,Pharmacy,SUSPENSION,BOTTLE,,120,,1,1
6156000000000.00,MIST MAG X 48,Magnesium Trisilicate,MIST MAG X 48 (MOKO) SUSP  200ML,Pharmacy,SUSPENSION,BOTTLE,,300,,1,200ML
6011698.00,MIST MAG(FIDSON),,MIST MAG(FIDSON)  200ML X 50,Pharmacy,,BOTTLE,,225,,1,1
6013485.00,MIST MAG(GAUZE),,MIST MAG(GAUZE) SUSP 200ML X 1,Pharmacy,SUSPENSION,BOTTLE,,200,,1,1
6156000000000.00,MIST POT. CIT.,Potassium Citrate,MIST POT. CIT. (MOKO) SYR  200ML,Pharmacy,SYRUP,BOTTLE,,406.25,,1,200ML
6366.00,MIST POT. CIT.,Potassium Citrate,MIST POT. CIT. (MOPSON) SYR  200ML,Pharmacy,SYRUP,BOTTLE,,3500,,10,200ml
9822.00,MIST POT. CIT. SUS  CAMPHAN X 20,,MIST POT. CIT. SUS  CAMPHAN X 20 SUSP  200ML,Pharmacy,SUSPENSION,BOTTLE,,200,,1,200ML
6243.00,MIXTARD 30 HM,,MIXTARD 30 HM INJ 100UNIT 10ML,Pharmacy,INJECTION (SOLUTION),VIALS,,3950,WWCVL (NOVO),1,1
6234.00,mixtard,,MIXTARD INJ 40 IU,Pharmacy,INJECTION (SOLUTION),VIALS,,2200,WWCVL (NOVO),1,1
14827.00,MODICATE,,MODICATE INJ 25MG,Pharmacy,INJECTION (SOLUTION),AMPOULES,,170,,1,1
6008926.00,MODURETIC,,MODURETIC TABS 250MG X 100,Pharmacy,TABLETS,TABS,,8000,,100,10
6011471.00,MOFENAC,,MOFENAC EYE DROPS  10ML,Pharmacy,EYE DROPS,BOTTLE,,890,,1,10ML
6008683.00,momento,,MOMENTO SYR 60ML,Pharmacy,SYRUP,BOTTLE,,350,,1,1
6008814.00,MONOMIN  PLUS,,MONOMIN  PLUS SYR  100ML,Pharmacy,SYRUP,BOTTLE,,265,,1,100ML
14984.00,monomin plus,,MONOMIN PLUS SYR,Pharmacy,SYRUP,BOTTLE,,470,,1,1
6008813.00,monomin plus,,MONOMIN PLUS SYR  200ML,Pharmacy,SYRUP,BOTTLE,,415,TUYIL PHARMACEUTICAL INDUSTRIES LTD.,1,200ML
6012709.00,monover,,MONOVER SYR  200ML,Pharmacy,SYRUP,BOTTLE,,365,,1,200ml
,MONOVER,,MONOVER SYR 100ML X 1,Pharmacy,SYRUP,BOTTLE,,290,TUYIL PHARMACEUTICAL INDUSTRIES LTD.,1,1
15342.00,MORINGA,,MORINGA POWDER,Pharmacy,POWDER,JAR,,290,,1,1
6009100.00,MoRINGA(N/F) X 100,,MORINGA(N/F) X 100,Pharmacy,,JAR,,4680,,1,1
1000320.00,MOSEGOR,,MOSEGOR SYR 100ML,Pharmacy,SYRUP,BOTTLE,,2995,,1,1
6012805.00,MOSPODOX,,MOSPODOX SYR 50MG/5ML 100ML,Pharmacy,SYRUP,BOTTLE,,1500,,1,100ML
6012194.00,MOTILITY BOOST,,MOTILITY BOOST CAPS  X 60,Pharmacy,CAPSULES,JAR,,11100,,1,1
8806450000000.00,MoXIFLOXACIN(HESS),,MOXIFLOXACIN(HESS) EYE DROPS 5ML,Pharmacy,EYE DROPS,BOTTLE,,2680,,1,1
1009170.00,MoXIFLOXACIN(MULTI COY),,MOXIFLOXACIN(MULTI COY) EYE DROPS 5ML,Pharmacy,EYE DROPS,BOTTLE,,2500,,1,1
7875.00,MOXITIN,,MOXITIN INJ 500MG,Pharmacy,INJECTION (POWDER),VIALS,,150,,1,1
1007553.00,MuLTAMIN 200ML,,MULTAMIN 200ML SYR,Pharmacy,SYRUP,BOTTLE,,470,,1,1
6012781.00,multimushroom defence formula,,MULTIMUSHROOM DEFENCE FORMULA CAPS  X 60,Pharmacy,CAPSULES,JAR,,5300,,1,1
6013077.00,MuLTIVITAMIN,,MULTIVITAMIN (SAM)  SYR 200ML,Pharmacy,SYRUP,BOTTLE,,670,,1,1
6011699.00,MuLTIVITAMIN(FIDSON),,MULTIVITAMIN(FIDSON) SYR 100ML X 48,Pharmacy,SYRUP,BOTTLE,,180,,1,1
,multivitamin(prolife),,MULTIVITAMIN(PROLIFE) TABS 102G X 17,Pharmacy,TABLETS,JAR,,1250,GLAMAZONE GLOBAL CONCEPT,1,1
6009600.00,multivite (banbiz),,MULTIVITE (BANBIZ)  2L X 1,Pharmacy,,JAR,,935,,1,1
1088.00,Multivite,,MULTIVITE (EVANS)  DROPS,Pharmacy,ORAL DROPS,BOTTLE,,195,,1,1
6013210.00,Multivite,,MULTIVITE (GAUZE) 2L,Pharmacy,,JAR,,750,,1,1
7885.00,Multivite,,MULTIVITE SYR (MOPSON) 2 LIT,Pharmacy,SYRUP,BOTTLE,,10800,,6,1
7976.00,Multivite,,MULTIVITE SYR 100ML X 1 {KP} X 1,Pharmacy,SYRUP,BOTTLE,,90,,1,1
8002.00,Multivite,,MULTIVITE SYR 125/5ML {ARCHY},Pharmacy,SYRUP,BOTTLE,,90,,1,1
6152110000000.00,Multivite X 20,,MULTIVITE X 20 (EVANS)  SYR 100ML,Pharmacy,SYRUP,BOTTLE,,260,,1,1
11760.00,Multivite( LEADY) 2L,,MULTIVITE( LEADY) 2L SYR  X 1,Pharmacy,SYRUP,BOTTLE,,700,,1,1
1002347.00,MULTIVITE(mopson),,MULTIVITE(MOPSON) SYR 100ML X 1,Pharmacy,SYRUP,BOTTLE,,185,,1,1
6013405.00,munachi  pure honey,,MUNACHI  PURE HONEY   500ML,Pharmacy,,JAR,,1400,,1,500ml
10735.00,MUPIDERN OINTMENT,,MUPIDERN OINTMENT   15G,Pharmacy,,TUBE,,2050,,1,15G
9765.00,mus-l blast,,MUS-L BLAST POWDER 1.33KG X 1,Pharmacy,POWDER,CAN,,8500,,1,1
,mustif,,MUSTIF CAPS  X 30,,CAPSULES,JAR,,1700,,1,1
15259.00,MYCOGEN,,MYCOGEN CREAM 15G,Pharmacy,CREAM,TUBE,,800,,1,1
1007607.00,MYCORAL,Ketoconazole,MYCORAL CREAM,Pharmacy,CREAM,TUBE,,170,,1,1
14856.00,MYCOSTATINE 24ML,,MYCOSTATINE 24ML DROPS,Pharmacy,ORAL DROPS,BOTTLE,,495,,1,1
6221160000000.00,MYCOSTOP( NYSTATIN),,MYCOSTOP( NYSTATIN) DROPS,Pharmacy,ORAL DROPS,BOTTLE,,500,ALPHA PHARMACY & STORES NIG.,1,1
6209.00,Mycota,,MYCOTA CREAM  25G,Pharmacy,CREAM,TUBE,,1760,,1,25G
1609.00,Mycota,,MYCOTA POWDER,Pharmacy,POWDER,BOTTLE,,2080,,1,1
6156000000000.00,Mycoten (Vaginal),Clotrimazole,MYCOTEN (VAGINAL) CREAM  35G,Pharmacy,CREAM,TUBE,,1010,DRUGFIELD PHARMACEUTICALS LIMITED,1,35G
,mycoten BABY,,MYCOTEN BABY CREAM 20G X 1,Pharmacy,CREAM,TUBE,,520,DRUGFIELD PHARMACEUTICALS LIMITED,1,1
6156000000000.00,MYCOTEN,Clotrimazole,MYCOTEN CREAM  20G,Pharmacy,CREAM,TUBE,,430,DRUGFIELD PHARMACEUTICALS LIMITED,1,20G
9127.00,MYCOTEN,,MYCOTEN SOLUTION 75ML,Pharmacy,SOLUTION,BOTTLE,,1000,,1,1
5413900000000.00,Mydriacyl,,MYDRIACYL EYE DROPS 1%,Pharmacy,EYE DROPS,BOTTLE,,3625,,1,1
6012909.00,MyMIN,,MYMIN SYR X 1,Pharmacy,SYRUP,BOTTLE,,560,,1,1
,NaICIN p/p,,NAICIN P/P TABS 100MG X 100,Pharmacy,TABLETS,JAR,,2000,,1,1
6013414.00,NALOLYN EXPECTORANT,,NALOLYN EXPECTORANT SYR  100ML,Pharmacy,SYRUP,BOTTLE,,350,,1,100ML
6013415.00,NALOVITE,,NALOVITE SYR  200ML,Pharmacy,SYRUP,BOTTLE,,550,,1,200ML
,NASODYN WITH PROMETHAZINE,,NASODYN WITH PROMETHAZINE SYR 125ML X 1,Pharmacy,SYRUP,BOTTLE,,650,MAY & BAKER NIGERIA PLC,1,1
8259.00,NG-TUBE,,NASOGASTRIC TUBE (NG)  SIZE 8,Pharmacy,,PCS,,50,,1,1
6304.00,NG-TUBE,,NASOGASTRIC TUBE (NG) SIZE 18,Pharmacy,,PCS,,1250,,25,1
9414.00,N-G TUBE,,NASOGASTRIC TUBE (NG) SIZE 18,Pharmacy,,PCS,,1250,,25,1
8262.00,Nasogastric tube(NG) TUBE,,NASOGASTRIC TUBE(NG) TUBE  SIZE 6,Pharmacy,,PCS,,50,,1,1
8906050000000.00,NAT-E  X 30,,NAT-E  X 30 CAPS 400I.U,Pharmacy,CAPSULES,JAR,,1560,,1,1
8806040000000.00,NATURE CARE VITAMIN E x 50,,NATURE CARE VITAMIN E X 50 CAPS,Pharmacy,CAPSULES,JAR,,3500,,1,1
,NaTZIN,,NATZIN SUSP 125MG/5ML 70ML,Pharmacy,SUSPENSION,BOTTLE,,950,,1,70ML
6012739.00,nazaneen,,NAZANEEN SUSP  200ML,Pharmacy,SUSPENSION,BOTTLE,,410,,1,200ml
6156000000000.00,NCP,,NCP (NEIMETH)  LOTION 200ML,Pharmacy,LOTION,BOTTLE,,685,,1,1
6156000000000.00,NCP,,NCP LOTION 100ML,Pharmacy,LOTION,BOTTLE,,560,,1,1
6156000000000.00,NCP,,NCP LOTION 25ML X 1,Pharmacy,LOTION,BOTTLE,,125,,1,1
1008006.00,NCP,,NCP LOTION 50ML X 1,Pharmacy,LOTION,BOTTLE,,410,,1,1
1008005.00,NCP,,NCP OINTMENT,Pharmacy,SKIN OINTMENT,TUBE,,500,,1,1
6013337.00,NECTAFER Z,,NECTAFER Z SYR 200ML X 1,Pharmacy,SYRUP,BOTTLE,,850,,1,1
6012107.00,NECTALLIN,,NECTALLIN SYR  100ML,Pharmacy,SYRUP,BOTTLE,,450,,1,100ML
6011066.00,NECTAMIN,,NECTAMIN SYR 200ML X 1,Pharmacy,SYRUP,BOTTLE,,850,,1,1
2011010000000.00,NEEDLE (AGARY),,NEEDLE (AGARY)  23G X 100,Pharmacy,,SYRINGE,,800,,100,1
10146.00,NEEDLE HOLDER,,NEEDLE HOLDER  SIZE 4,Pharmacy,,PCS,,400,,1,1
10619.00,NEEDLE HOLDER,,NEEDLE HOLDER  SIZE 6,Pharmacy,,PCS,,450,,1,1
10112.00,NEEDLE HOLDER,,NEEDLE HOLDER  SIZE 7,Pharmacy,,PCS,,450,,1,1
11035.00,NEEDLE HOLDER,,NEEDLE HOLDER  SIZE 8,Pharmacy,,PCS,,450,,1,1
6013302.00,NEMOXIL,,NEMOXIL SYR  X 1,Pharmacy,SYRUP,BOTTLE,,195,,1,1
1569.00,NEO-BETASONE,,NEO-BETASONE CREAM,Pharmacy,CREAM,TUBE,,775,,1,1
1000206.00,NEO-MEDROL,Methylprednisolone\ Neomycin Sulfate,NEO-MEDROL LOTION  25ML,Pharmacy,LOTION,BOTTLE,,2100,WWCVL (PFIZER),1,25ML
5060060000000.00,NEO-MERCAZOLE X 100,,NEO-MERCAZOLE  5MG TAB X 100,Pharmacy,TABLETS,JAR,,7500,,1,1
6156000000000.00,NEO-PRESOL,,NEO-PRESOL LOTION  25ML,Pharmacy,LOTION,BOTTLE,,1500,DRUGFIELD PHARMACEUTICALS LIMITED,1,25ML
1000739.00,NEOBACIN,,NEOBACIN (DRUGFIELD) POWDER  5G,Pharmacy,POWDER,BOTTLE,,400,,1,5G
,neocell collagen,,NEOCELL COLLAGEN CAPS X 120,Pharmacy,CAPSULES,JAR,,8700,UZORMARK GLOBAL SERVICE LTD,1,1
1007766.00,NEOCLAV,,NEOCLAV SYR 156.75MG/5ML,Pharmacy,SYRUP,BOTTLE,,600,,1,1
1007765.00,NEOCLAV,,NEOCLAV SYR 228.5MG/5ML,Pharmacy,SYRUP,BOTTLE,,650,,1,1
1007764.00,NEOCLAV,,NEOCLAV SYR 457MG/5 ML,Pharmacy,SYRUP,BOTTLE,,950,,1,1
7843.00,NEOFYLIN,,NEOFYLIN SYR 2 LIT {MOPSON},Pharmacy,SYRUP,BOTTLE,,2800,MOPSON PHARMACEUTICAL LIMITED,1,1
1000374.00,NEOFYLIN,,NEOFYLIN SYR X 1,Pharmacy,SYRUP,BOTTLE,,285,,1,1
1003669.00,neofylin with codeine,,NEOFYLIN WITH CODEINE SYR,Pharmacy,SYRUP,BOTTLE,,360,,1,1
,NEOMYCIN,,NEOMYCIN TABS 500MG X 100 [JAR],Pharmacy,TABLETS,JAR,,4500,,1,1
1007667.00,NEOSTIGMINE,,NEOSTIGMINE (ALPHA PHARMACY)  INJ 2.5MG,Pharmacy,INJECTION (SOLUTION),AMPOULES,,2050,,1,1
1007730.00,NEROCID GEL,,NEROCID GEL,Pharmacy,,BOTTLE,,220,,1,1
1007548.00,NERODEX COUGH,,NERODEX COUGH SYR,Pharmacy,SYRUP,BOTTLE,,260,,1,1
6156000000000.00,NERVE AND BONE LINT X 48,,NERVE AND BONE LINT(MOKO) X 48 200ML,Pharmacy,,BOTTLE,,430,,1,200ML
11227.00,NERVE AND BONE( LEADY),,NERVE AND BONE( LEADY) LINIMENT  180ML,Pharmacy,LINIMENT,BOTTLE,,310,,1,180ML
,NETAZOX,Nitazoxanide,NETAZOX SUSP 100MG/5ML X 1,Pharmacy,SUSPENSION,BOTTLE,,1850,SJS LIFE SCIENCES LIMITED,1,1
6156000000000.00,NEUROGESIC  EXTRA,,NEUROGESIC  EXTRA CREAM 35GM,Pharmacy,CREAM,TUBE,,700,DRUGFIELD PHARMACEUTICALS LIMITED,1,1
,NEUROGESIC  EXTRA,,NEUROGESIC  EXTRA CREAM 85GM X 1,Pharmacy,CREAM,TUBE,,1150,DRUGFIELD PHARMACEUTICALS LIMITED,1,1
6156000000000.00,NEUROGESIC,,NEUROGESIC CREAM 85GM,Pharmacy,CREAM,TUBE,,1030,,1,1
6156000000000.00,NEUROGESIC,,NEUROGESIC OINTMENT 35G,Pharmacy,SKIN OINTMENT,TUBE,,630,DRUGFIELD PHARMACEUTICALS LIMITED,1,1
6011348.00,NeVAN,,NEVAN EYE DROPS 0.1% X 1,Pharmacy,EYE DROPS,BOTTLE,,1450,,1,1
6010702.00,NGC COUGH EXPECTORANT,,NGC COUGH EXPECTORANT X 1,Pharmacy,,BOTTLE,,305,,1,1
6156000000000.00,NGC COUGH(CHILD),,NGC COUGH(CHILD) SYR X 1,Pharmacy,SYRUP,BOTTLE,,265,,1,1
1008618.00,nise plus,,NISE PLUS SYR 100ML,Pharmacy,SYRUP,BOTTLE,,240,,1,1
,NISE,,NISE SYR 60ML X 1,Pharmacy,SYRUP,BOTTLE,,195,JAWA INTERNATIONAL,1,1
,nitaxim,,NITAXIM INJ 2GM 5MLS,Pharmacy,INJECTION (POWDER),VIALS,,450,,1,5mls
1007645.00,NITRAZEPAM X 250,,NITRAZEPAM X 250 TABS 5MG,Pharmacy,TABLETS,JAR,,6600,,1,1
5010180000000.00,NIXODERM,,NIXODERM OINTMENT  15G [TUBE],Pharmacy,SKIN OINTMENT,TUBE,,9360,,24,15G
5010180000000.00,NIXODERM x 24,,NIXODERM X 24 OINTMENT  17.7G [TIN],Pharmacy,SKIN OINTMENT,TIN,,8400,,24,17.7G
1000205.00,NIZORAL,Ketoconazole,NIZORAL CREAM 2% 15G,Pharmacy,CREAM,TUBE,,1265,,1,15G
1001114.00,NIZORAL SHAMPOO,,NIZORAL SHAMPOO   60ML,Pharmacy,,BOTTLE,,2110,,1,60ML
1002444.00,NO-COF DROP X 60,,NO-COF DROP X 60   15ML,Pharmacy,,BOTTLE,,215,,1,15ML
6012578.00,noni (N/F),,NONI (N/F) CAPS 500MG X 100,Pharmacy,CAPSULES,JAR,,4700,,1,1
9747.00,noni,,NONI SYR 1 LITRE,Pharmacy,SYRUP,BOTTLE,,17125,,1,1
6012995.00,normal  saline 0.9%,,NORMAL  SALINE 0.9% (FIDSON)  INFUSION X 1,Pharmacy,INFUSION,JAR,,625,,1,1
9084.00,normal saline 0.9%,,NORMAL SALINE 0.9%   {DANA} 500ML,Pharmacy,,BOTTLE,,150,,1,1
4448.00,normal saline 0.9% (unique),Sodium Chloride,NORMAL SALINE 0.9% (UNIQUE) INFUSION,Pharmacy,INFUSION,BOTTLE,,625,,1,1
6012985.00,normal saline,,NORMAL SALINE EYE DROPS X 1,Pharmacy,EYE DROPS,BOTTLE,,550,,1,1
15257.00,NOSAK BABY COUGH,,NOSAK BABY COUGH SYR 100ML,Pharmacy,SYRUP,BOTTLE,,230,,1,1
1000172.00,NOSPAMIN,,NOSPAMIN DROPS  15ML,Pharmacy,ORAL DROPS,BOTTLE,,240,AFRAB-CHEM LTD.,1,15ML
1007824.00,NOVALYN ( CHLID),,NOVALYN ( CHLID) SYR 100ML,Pharmacy,SYRUP,BOTTLE,,285,SKG PHARMA LTD,1,1
6013500.00,NOVALYN DRY COUGH(CHILDREN FORMULA),,NOVALYN DRY COUGH(CHILDREN FORMULA) SYR 100ML X 1,Pharmacy,SYRUP,BOTTLE,,365,SKG PHARMA LTD,1,1
,novalyn linctus,,NOVALYN LINCTUS SYR 100ML X 1,Pharmacy,SYRUP,BOTTLE,,354,SKG PHARMA LTD,1,1
1007893.00,NOVALYN WITH CODINE,,NOVALYN WITH CODINE SYR,Pharmacy,SYRUP,BOTTLE,,670,,1,1
11765.00,NOVALYN(ADULT),,NOVALYN(ADULT) SYR  100ML,Pharmacy,SYRUP,BOTTLE,,310,,1,100ML
6013291.00,novavite,,NOVAVITE SYR  100ML,Pharmacy,SYRUP,BOTTLE,,180,,1,100ml
6013021.00,NOVOVITE,,NOVOVITE SYR 100ML,Pharmacy,SYRUP,BOTTLE,,180,,1,1
108904000000000.00,-,,NUGEL SUSP 200ML,Pharmacy,SUSPENSION,BOTTLE,,867,,1,1
6009141.00,nugel-o,,NUGEL-O SUSP X 1,Pharmacy,SUSPENSION,BOTTLE,,900,,1,1
6009700000000.00,nurofen,,NUROFEN SYR 100ML X 1,Pharmacy,SYRUP,BOTTLE,,1956.25,,1,1
8036.00,NURSES CAP,,NURSES CAP  BIG SIZE,Pharmacy,,PCS,,280,,1,1
8200.00,NURSES CAP,,NURSES CAP  SAMLL SIZE,Pharmacy,,PCS,,125,,1,1
8589.00,nurses watch,,NURSES WATCH,Pharmacy,,PCS,,715,,1,1
,NUTRACID,,NUTRACID SUSP 200ML X 1,Pharmacy,SUSPENSION,BOTTLE,,570,GBGL PHARMA LTD.,1,1
6012725.00,Nutravit,,NUTRAVIT SYR  100ML,Pharmacy,SYRUP,BOTTLE,,1255,,1,100ML
9556100000000.00,Nutravit,,NUTRAVIT SYR 60ML,Pharmacy,SYRUP,BOTTLE,,800,,1,1
,NUTRIGEN BABYTAMIN,,NUTRIGEN BABYTAMIN DROPS X 1,Pharmacy,ORAL DROPS,BOTTLE,,1850,PDRUGS PHARMACY LIMITED,1,1
,NUTRIGEN IMMUNO,,NUTRIGEN IMMUNO SYR X 1,Pharmacy,SYRUP,BOTTLE,,2850,PDRUGS PHARMACY LIMITED,1,1
,NUTRIGEN SUPRA,,NUTRIGEN SUPRA SYR 200ML X 1,Pharmacy,SYRUP,BOTTLE,,2350,PDRUGS PHARMACY LIMITED,1,1
7889.00,NUTRIVIN,,NUTRIVIN SYR  100ML,Pharmacy,SYRUP,BOTTLE,,200,,1,100ML
3353532.00,NYLOL,Timolol,NYLOL EYE DROPS 0.5% 5ML,Pharmacy,EYE DROPS,BOTTLE,,1000,,1,5ML
7680550000000.00,NYOLOL,Timolol,NYOLOL GEL 0.1% 5G,Pharmacy,GEL,TUBE,,800,,1,5G
1007611.00,NYSTATIN ORAL DROP,,NYSTATIN ORAL DROP,Pharmacy,,BOTTLE,,450,,1,1
1007559.00,OBIFEN,,OBIFEN SYR 100ML/5ML,Pharmacy,SYRUP,BOTTLE,,200,,1,1
8906040000000.00,OCEFIX,Cefixime,OCEFIX SYR  100ML,Pharmacy,SYRUP,BOTTLE,,1040,,1,100ML
1007527.00,OCEFIX,,OCEFIX SYR 60ML,Pharmacy,SYRUP,BOTTLE,,785,,1,1
,ocexone i.m,,OCEXONE I.M INJ 1G X 1,Pharmacy,INJECTION (SOLUTION),VIALS,,1300,,1,1
,ocexone i.v,,OCEXONE I.V INJ 1G X 1,Pharmacy,INJECTION (POWDER),VIALS,,1410,,1,1
6013410.00,OCEXONE INJ,,OCEXONE INJ   2G I.V.,Pharmacy,,VIALS,,2100,,1,2g i.v.
,ocufresh(hypromellose),,OCUFRESH(HYPROMELLOSE) EYE DROPS 0.3% 10ML,Pharmacy,EYE DROPS,BOTTLE,,850,,1,10ml
8904150000000.00,OCULERGE,,OCULERGE EYE DROPS  X 1,Pharmacy,EYE DROPS,BOTTLE,,720,,1,1
324208000000.00,OCUVITE,,OCUVITE TABS  X 120,Pharmacy,TABLETS,JAR,,9600,,1,1
7073.00,odomos,,ODOMOS CREAM  50G,Pharmacy,CREAM,TUBE,,317,,1,50G
8901210000000.00,odomos,,ODOMOS CREAM 25G,Pharmacy,CREAM,TUBE,,230,,1,1
8935050000000.00,OFLOXACIN,,OFLOXACIN  EYE DROPS 10ML,Pharmacy,EYE DROPS,BOTTLE,,250,,1,1
6012096.00,OFLOXACIN,,OFLOXACIN INFUSION 500MG 100ML {MULTICOY},Pharmacy,INFUSION,BOTTLE,,355,,1,100ML
17424.00,OGAMAL SUSPENSION 180MG/60ML,,OGAMAL SUSPENSION 180MG/60ML,Pharmacy,SUSPENSION,BOTTLE,,400,,1,1
,OJULOBA ARA HERBAL,,OJULOBA ARA HERBAL CAPS X 30,Pharmacy,CAPSULES,JAR,,1250,AUTHENTIC CLEAR VISION,1,1
8699760000000.00,OKACIN,,OKACIN EYE DROPS  5ML,Pharmacy,EYE DROPS,BOTTLE,,850,,1,5ML
7640150000000.00,olfen,,OLFEN GEL  50G,Pharmacy,GEL,TUBE,,2115,,1,50G
8904150000000.00,OLICEF,,OLICEF SYR 125MG 100ML,Pharmacy,SYRUP,BOTTLE,,2150,,1,1
8806450000000.00,OLOPATADINE,,OLOPATADINE (HESS)  EYE DROPS 5ML X 1,Pharmacy,EYE DROPS,BOTTLE,,2700,,1,1
,OMEGA 3 (DAYLONG NUTRITION),,OMEGA 3 (DAYLONG NUTRITION) SOFTGEL  X 180,Pharmacy,SOFTGEL,JAR,,4500,,1,1
1008791.00,OMEGA 3 (NATURES FIELD)X100,,OMEGA 3 (NATURES FIELD)X100 CAPS,Pharmacy,CAPSULES,JAR,,1950,,1,1
6008820.00,OMEGA 3,,OMEGA 3 CAPS  X 100,Pharmacy,CAPSULES,JAR,,2300,,1,1
6012483.00,OMEGA 3 CAPS(US VITAMIN),,OMEGA 3 CAPS(US VITAMIN) X 100,Pharmacy,,JAR,,2300,,1,1
6013137.00,OMEGA 3 FISH OIL,,OMEGA 3 FISH OIL (HILLS NATURAL)  CAPS  X 100,Pharmacy,CAPSULES,JAR,,2110,,1,1
311845000000.00,OMEGA 3 FISH OIL x 100,,OMEGA 3 FISH OIL X 100 (MASON)  TABS,Pharmacy,TABLETS,JAR,,2125,,1,60
74312138324.00,OMEGA 3 FISH OIL x 100,,OMEGA 3 FISH OIL X 100 CAPS,Pharmacy,CAPSULES,JAR,,1830,,1,1
,omega 3 fish oil(alfa),,OMEGA 3 FISH OIL(ALFA) SOFTGEL 1000MG X 200,Pharmacy,SOFTGEL,JAR,,7000,MARK PHARM LTD.,1,1
,omega 3 fish oil(alfa),,OMEGA 3 FISH OIL(ALFA) SOFTGEL 1000MG X 60,Pharmacy,SOFTGEL,JAR,,4000,MARK PHARM LTD.,1,1
,omega 3 fish oil(earth's creation),,OMEGA 3 FISH OIL(EARTH'S CREATION) SOFTGEL 1000MG X 100,Pharmacy,SOFTGEL,JAR,,3500,,1,1
311845000000.00,OMEGA 3 FISH OIL(MASON),,OMEGA 3 FISH OIL(MASON) X 60,Pharmacy,,JAR,,2400,,1,1
6012298.00,omega 3(dopel herz) multivitamin,,OMEGA 3(DOPEL HERZ) MULTIVITAMIN SYR X 1,Pharmacy,SYRUP,BOTTLE,,2905,,1,1
,OMEGA 3(NOW),,OMEGA 3(NOW) SOFTGEL 1000MG X 30,Pharmacy,SOFTGEL,JAR,,2550,ALPHA PHARMACY & STORES NIG.,1,1
6012482.00,OMEGA 3(NOW),,OMEGA 3(NOW) X 100,Pharmacy,,JAR,,2480,,1,1
,omega 3-6-9,,OMEGA 3-6-9 (NATSUREMIN)  CAPS  X 100,Pharmacy,CAPSULES,JAR,,4200,,1,1
6011168.00,OMEGA 3-6-9(PIPING ROCK),,OMEGA 3-6-9(PIPING ROCK) SOFTGEL X 240,Pharmacy,SOFTGEL,JAR,,4725,,1,1
,OMEGA 3-6-9(VIXA PHARM),,OMEGA 3-6-9(VIXA PHARM) SOFTGEL 1000MG X 60,Pharmacy,SOFTGEL,JAR,,2700,VIXA PHARMACEUTICAL CO. LTD.,1,1
6013461.00,OMEGA 3.6.9 (MASON),,OMEGA 3.6.9 (MASON) SOFTGEL 1200MG X 60,Pharmacy,SOFTGEL,JAR,,5000,,1,1
9812.00,OMEGA 3.6.9,,OMEGA 3.6.9 CAPS X 100,Pharmacy,CAPSULES,BOTTLE,,3650,,1,1
25077185207.00,omega 3.6.9(p/p) x 120,,OMEGA 3.6.9(P/P) X 120 SOFTGEL,Pharmacy,SOFTGEL,JAR,,4750,,1,1
311845000000.00,omega 3.6.9(p/p) x 60,,OMEGA 3.6.9(P/P) X 60 CAPS,Pharmacy,CAPSULES,JAR,,1885,,1,1
,OMEGA-3 FiSH Oil,,OMEGA-3 FISH OIL (NATSUREMIN)  CAPS 1000MG X 100,Pharmacy,CAPSULES,JAR,,4000,,1,1
6011672.00,OMEGA-3 FiSH OIL(MASON),,OMEGA-3 FISH OIL(MASON) X 120,Pharmacy,,JAR,,5145,,1,1
5021270000000.00,OMEGA-H3,,OMEGA-H3 SYR 200ML,Pharmacy,SYRUP,BOTTLE,,2550,,1,1
733739000000.00,OMEGO 1000MG CAPS X 100,,OMEGO 1000MG CAPS X 100   X 1,Pharmacy,,BOTTLE,,1750,,1,1
74312171307.00,OMEGO PLUS (OMEGA 3-6-9) X 100,,OMEGO PLUS (OMEGA 3-6-9) X 100 TABS 1000MG,Pharmacy,TABLETS,JAR,,3050,,1,1
799873000000.00,omegol plus 3.6.9(nature field),,OMEGOL PLUS 3.6.9(NATURE FIELD) CAPS,Pharmacy,CAPSULES,JAR,,4120,,1,1
6013501.00,omegol with dha,,OMEGOL WITH DHA SOFTGEL 300MG X 60,Pharmacy,SOFTGEL,JAR,,2540,SYLKEN LIMITED,1,1
,omeplosec,Omeprazole,OMEPLOSEC INJ 40MG X 10,Pharmacy,INJECTION (SOLUTION),VIALS,,2300,MARK PHARM LTD.,10,1
8901150000000.00,OMEPRAZOLE,,OMEPRAZOLE (UNBRANDED)  INJ 2ML X 1,Pharmacy,INJECTION (SOLUTION),AMPOULES,,305,,1,1
11864.00,ON-CALL MACHINE,,ON-CALL MACHINE,Pharmacy,,PCS,,7300,,1,1
6012701.00,ondansetron,,ONDANSETRON (EXCEL)  INJ X 1,Pharmacy,INJECTION (POWDER),VIALS,,1800,,1,1
16500080121.00,ONE A DAY MAN X 100,,ONE A DAY MAN X 100 TABS,Pharmacy,TABLETS,JAR,,4265,,1,1
,ONE A DAY MEN 50+,,ONE A DAY MEN 50+ TABS X 65,Pharmacy,TABLETS,JAR,,7500,LIFEMEANS STANDARD LIMITED,1,1
,ONE A DAY WOMAN,,ONE A DAY WOMAN TABS  X 160,Pharmacy,TABLETS,JAR,,8700,,1,1
11787.00,ONE A DAY WOMAN X 100,,ONE A DAY WOMAN X 100 TABS,Pharmacy,TABLETS,JAR,,4800,,1,1
10618.00,ONE TOUCH ULTRA MACHINE,,ONE TOUCH ULTRA MACHINE,Pharmacy,,PCS,,3600,,1,1
5413900000000.00,opatanol,,OPATANOL EYE DROPS 5ML,Pharmacy,EYE DROPS,BOTTLE,,2400,,1,1
9588800000000.00,OPTIMOL,,OPTIMOL EYE DROPS  5ML,Pharmacy,EYE DROPS,BOTTLE,,880,,1,5ML
9588800000000.00,OPTODEXINE,,OPTODEXINE EYE DROPS 5ML,Pharmacy,EYE DROPS,BOTTLE,,870,,1,1
1700.00,OPTREX EYE WASH,,OPTREX EYE WASH LOTION  110ML,Pharmacy,LOTION,BOTTLE,,4000,,1,110ML
15008.00,ORAXIN 100ML,,ORAXIN 100ML SYR,Pharmacy,SYRUP,BOTTLE,,445,,1,1
8906010000000.00,ORAXIN,,ORAXIN SYR  200ML,Pharmacy,SYRUP,BOTTLE,,2050,,1,200ML
3582910000000.00,ORELOX PED,,ORELOX PED SYR 80MG/5ML 100ML,Pharmacy,SYRUP,BOTTLE,,2740,,1,100ML
1008912.00,orelox,Cefpodoxime,ORELOX SUSP 40MG/5ML 50ML,Pharmacy,SUSPENSION,BOTTLE,Prophylactic drugs,2265,,1,1
1106.00,Orheptal,,ORHEPTAL SYR  165ML,Pharmacy,SYRUP,BOTTLE,,200,,1,165ml
1000102.00,Orheptal,,ORHEPTAL SYR  1L,Pharmacy,SYRUP,BOTTLE,,1235,,1,1l
1007804.00,Orheptal,,ORHEPTAL SYR 100ML,Pharmacy,SYRUP,BOTTLE,,210,,1,1
1000103.00,Orheptal,,ORHEPTAL SYR 300ML X 1,Pharmacy,SYRUP,BOTTLE,,556.27,,1,1
10105.00,OROFER,,OROFER SYR  450ML,Pharmacy,SYRUP,BOTTLE,,1130,,1,450ML
8902320000000.00,OROFER,,OROFER SYR 200ML,Pharmacy,SYRUP,BOTTLE,,1200,,1,1
6512.00,OSTEO BALM (BOTTLE),,OSTEO BALM (BOTTLE)   X 1,Pharmacy,,JAR,,300,,1,1
,osteo deep spray,,OSTEO DEEP SPRAY SPRAY 150ML X 1,Pharmacy,SPRAY,SPRAY BOTTLE,,1800,GOLD MOORE INTERNATIONAL LTD.,1,1
5021270000000.00,OSTEOCARE,,OSTEOCARE SYR 200ML,Pharmacy,SYRUP,BOTTLE,,2400,,1,200ML
6010818.00,ostofer,,OSTOFER SYR 200ML X 1,Pharmacy,SYRUP,BOTTLE,,995,,1,1
15501.00,OTIPAX,,OTIPAX EAR DROPS 16G,Pharmacy,EAR DROPS,BOTTLE,,750,,1,1
1000275.00,OTO-MED,,OTO-MED EAR DROPS,Pharmacy,EAR DROPS,BOTTLE,,420,,1,1
1000261.00,d,,OTRIVIN ADULT NASAL DROPS 1%10ML,Pharmacy,NASAL DROPS,BOTTLE,,920,WWCVL (GSK-CX),1,10ML
1001239.00,otrivin child nasal drops 0.5,,OTRIVIN CHILD NASAL DROPS 0.5 DROPS  10ML [ENGLD]  {PAEDRIATIC},Pharmacy,ORAL DROPS,BOTTLE,,900,WWCVL (GSK-CX),1,10ML
11284.00,OXCLAV FORTE,,OXCLAV FORTE SUSP  100ML,Pharmacy,SUSPENSION,BOTTLE,,700,,1,100ML
,OXYBUTININ,,OXYBUTININ TABS 2.5MG X 56,Pharmacy,TABLETS,BLISTER,,9200,,56,14
5124.00,OXYCORTRIL-B,,OXYCORTRIL-B EYE/EAR DROPS  5ML,Pharmacy,EYE/EAR DROPS,BOTTLE,,440,,1,5ML
6378.00,Oxytocin,Oxytocin,OXYTOCIN INJ 10UNITS {ROTEXMEDICA},Pharmacy,INJECTION (SOLUTION),AMPOULES,,2560,,1,1
8906010000000.00,P-ALAXIN,,P-ALAXIN SYR  80ML,Pharmacy,SYRUP,BOTTLE,,890,,1,80ML
1000599.00,PAINKIL,,PAINKIL SYR 60ML,Pharmacy,SYRUP,BOTTLE,,120,,1,1
10995.00,PANADOL COLD DROPS,,PANADOL COLD DROPS   15ML,Pharmacy,,BOTTLE,,140,,1,15ML
6161110000000.00,PANADOL,,PANADOL SUSP 60ML,Pharmacy,SUSPENSION,BOTTLE,,220,WWCVL (GSK-CX),1,1
6009068.00,PANDA COLD DROP,,PANDA COLD DROP X 1,Pharmacy,,BOTTLE,,300,,1,1
6012442.00,PANDA COLD,,PANDA COLD SYR 60ML X 1,Pharmacy,SYRUP,BOTTLE,,380,,1,1
1000437.00,PANDA,Paracetamol,PANDA SYR  X 1,Pharmacy,SYRUP,BOTTLE,,250,,1,60ML
1000420.00,PANDA X 60,Paracetamol,PANDA X 60 DROPS 15ML,Pharmacy,ORAL DROPS,BOTTLE,,205,AFRAB-CHEM LTD.,1,1
24586934.00,PARACETAMOL  2L,,PARACETAMOL  2L SYR,Pharmacy,SYRUP,JAR,,955,BESPHA PHARM NIGERIA LTD,1,1
5064.00,PARACETAMOL,Paracetamol,PARACETAMOL (EMZOR )  TABS 500MG X 1000,Pharmacy,TABLETS,JAR,,4050,,1,1
6154000000000.00,PARACETAMOL,Paracetamol,PARACETAMOL (EMZOR ) SYR  60ML,Pharmacy,SYRUP,BOTTLE,,180,,1,60ML
6154000000000.00,PARACETAMOL (EMZOR) DROP,,PARACETAMOL (EMZOR) DROP,Pharmacy,,BOTTLE,,210,EMZOR PHARMACEUTICAL INDUSTRIES,1,1
11110.00,PARACETAMOL,,PARACETAMOL (FIDSON) SYR  100ML,Pharmacy,SYRUP,BOTTLE,,175,,1,100ml
6180.00,PARACETAMOL,Paracetamol,PARACETAMOL (LEADY-P) SYR  2L,Pharmacy,SYRUP,JAR,,900,,1,2L
6034000000000.00,paracetamol (m & B),,PARACETAMOL (M & B) SYR 60ML,Pharmacy,SYRUP,BOTTLE,,180,,1,1
6012784.00,PARACETAMOL,,PARACETAMOL (MOXIE) SYR  100ML,Pharmacy,SYRUP,BOTTLE,,650,,1,100ML
9806.00,PARACETAMOL INJ,,PARACETAMOL INJ  15ML,Pharmacy,,VIALS,,342,,1,1
9061.00,PARACETAMOL,,PARACETAMOL TABS 500MG {ARCHY} X 1000,Pharmacy,TABLETS,JAR,,1255,,1,1
5642.00,PARACETAMOL,Paracetamol,PARACETAMOL TABS 500MG {BOND} X 1000,Pharmacy,TABLETS,JAR,,2500,,1,1
6011241.00,PARACETAMOL(AgARY),,PARACETAMOL(AGARY) CAPLET 500MG X 1000,Pharmacy,CAPLET,JAR,,1200,,1,1
1009023.00,PARACETAMOL(gauze),,PARACETAMOL(GAUZE) TABS 500MG X 1000,Pharmacy,TABLETS,JAR,,2500,,1,1
6011032.00,PARACETAMOL(VINCO),,PARACETAMOL(VINCO) TABS 500MG X 1000,Pharmacy,TABLETS,JAR,,1700,,1,1
5385.00,PARALDEHYDE-I,,PARALDEHYDE-I INJ 0.01%W/V 15ML,Pharmacy,INJECTION (SOLUTION),AMPOULES,,420,,1,1
,paramark,Paracetamol,PARAMARK INFUSION 100ML X 1,Pharmacy,INFUSION,BOTTLE,,500,MARK PHARM LTD.,1,1
7470.00,PARASAM,,PARASAM CAPLET 500MG X 1000,Pharmacy,CAPLET,JAR,,550,,1,1
1009027.00,PARKALIN FOR  DRY COUGH,,PARKALIN FOR  DRY COUGH SYR 100ML,Pharmacy,SYRUP,BOTTLE,,350,,1,1
1007941.00,PARKALIN FOR CHESTY COUGH,,PARKALIN FOR CHESTY COUGH SYR 100ML,Pharmacy,SYRUP,BOTTLE,,120,,1,1
1009028.00,PARKALIN PAEDIATRIC COUGH,,PARKALIN PAEDIATRIC COUGH SYR 100ML,Pharmacy,SYRUP,BOTTLE,,120,,1,1
1000047.00,PARKALIN WITH CODIN,,PARKALIN WITH CODIN SYR  100ML,Pharmacy,SYRUP,BOTTLE,,590,,1,100ML
1007819.00,PARKAPRIM,,PARKAPRIM SUSP 50ML,Pharmacy,SUSPENSION,BOTTLE,,90,,1,1
9288.00,PEACE BLOOD TONIC 200ml,,PEACE BLOOD TONIC 200ML SYR,Pharmacy,SYRUP,BOTTLE,,240,,1,1
8985.00,PEACETONE BLOOD TONIC,,PEACETONE BLOOD TONIC  200ML X 1,Pharmacy,,BOTTLE,,310,,1,1
8716200000000.00,PEAK BABY(TIN)400G,,PEAK BABY(TIN)400G,Pharmacy,,TIN,,1750,,1,1
6011965.00,pecmentin,,PECMENTIN INJ 1.2G X 1,Pharmacy,INJECTION (POWDER),VIALS,,700,,1,1
,PELROZE CHEWABLE,,PELROZE CHEWABLE TABS 500MG X 30,Pharmacy,TABLETS,JAR,,1500,LYN-EDGE PHARMACEUTICALS LTD,1,1
1697.00,PENICILLIN,Penicillin V Potassium,PENICILLIN EYE OINTMENT  5G,Pharmacy,EYE OINTMENT,TUBE,,250,DRUGFIELD PHARMACEUTICALS LIMITED,1,5G
1002261.00,PENICILLIN SKIN 20G,,PENICILLIN SKIN 20G (DRUGFIELD)  OINTMENT,Pharmacy,SKIN OINTMENT,TUBE,,230,,1,20
1007504.00,PEPTICA (alumina + mag +sim),,PEPTICA (ALUMINA + MAG +SIM) GEL 200ML,Pharmacy,GEL,BOTTLE,,300,,1,1
1541.00,PEPTO BISMOL,,PEPTO BISMOL SUSP  120ML,Pharmacy,SUSPENSION,BOTTLE,,1550,,1,120ML
863902000000.00,PERFORMANCE WHEY PROTEIN,,PERFORMANCE WHEY PROTEIN POWDER  X1.01KG,Pharmacy,POWDER,JAR,,0,,1,X1.01KG
10716.00,PERMANENT NET,,PERMANENT NET  3.5 X 6 (STUDENT NET),Pharmacy,,PCS,,800,,1,1
10788.00,PERMANENT NET,,PERMANENT NET  6 X 6,Pharmacy,,PCS,,1100,,1,1
10698.00,PERMANENT NET,,PERMANENT NET  SIZE 7 X 7,Pharmacy,,PCS,,1150,,1,1
8524.00,PERMANENT NET (family size),,PERMANENT NET (FAMILY SIZE)  4X6,Pharmacy,,PCS,,1100,,1,1
11001.00,PERMANENT NET (king size),,PERMANENT NET (KING SIZE)  7 X 6,Pharmacy,,PCS,,1100,,1,1
6013032.00,PERMETHRIN,,PERMETHRIN (MULTICOY)  CREAM X 1,Pharmacy,CREAM,TUBE,,1250,,1,1
5012820000000.00,PERSANTIN,,PERSANTIN TABS 100MG X 100,Pharmacy,TABLETS,BLISTER,,55000,,100,10
1007779.00,PHARMADEC,,PHARMADEC DROPS 15ML,Pharmacy,ORAL DROPS,BOTTLE,,130,,1,1
5353.00,PhARMADEC,,PhARMADEC SYR  100ML [BOTTLE],Pharmacy,SYRUP,BOTTLE,,100,,1,100ML
1007409.00,PHARMADOL x18,,PHARMADOL X18 NASAL DROPS 60ML,Pharmacy,NASAL DROPS,BOTTLE,,80,,1,1
7610940000000.00,PHARMATON KIDDI X 1,,PHARMATON KIDDI X 1,Pharmacy,,BOTTLE,,3065,,1,1
7610940000000.00,PHARMATON PRONATAL,,PHARMATON PRONATAL TABS,Pharmacy,TABLETS,JAR,,1000,,1,1
1000141.00,PHARMATON X 30,,PHARMATON X 30 CAPS,Pharmacy,CAPSULES,JAR,,2310,,1,1
6596.00,PHENOBARBITONE,Phenobarbitone,PHENOBARBITONE INJ  5ML,Pharmacy,INJECTION (SOLUTION),AMPOULES,,600,,1,5ML
6008803.00,PHENOBARBITONE,,PHENOBARBITONE X 1000 {VITABIOTICS},Pharmacy,TABLETS,JAR,,4000,,1,1
6013497.00,PHENOBARBITONE(MULTICOY),,PHENOBARBITONE(MULTICOY) TABS 30MG X 1000,Pharmacy,TABLETS,JAR,,14000,,1,1
9194.00,PiCAGOLD,,PICAGOLD SYR 100ML X 1,Pharmacy,SYRUP,BOTTLE,,240,,1,1
6012167.00,PICCAN IBUPROFEN,,PICCAN IBUPROFEN SYR 100ML,Pharmacy,SYRUP,BOTTLE,,1680,,1,1
1000088.00,Piccan X 72,,PICCAN SYR  100ML,Pharmacy,SYRUP,BOTTLE,,5400,,1,100ML
6012660.00,pilicon,,PILICON GEL 30G X 1,Pharmacy,GEL,TUBE,,280,,1,1
5026470000000.00,PILOCARPINE,Pilocarpine,PILOCARPINE  EYE DROPS 2% 10ML,Pharmacy,EYE DROPS,BOTTLE,,2080,,1,10ML
5026470000000.00,PILOCARPINE,Pilocarpine,PILOCARPINE EYE DROPS 4% 10ML,Pharmacy,EYE DROPS,BOTTLE,,3950,,1,10ML
1008694.00,PILOTRIM,,PILOTRIM SYR 60ML,Pharmacy,SYRUP,BOTTLE,,170,,1,1
6008965.00,PIRITON,,PIRITON (DANA)  SUSP X 1,Pharmacy,SUSPENSION,BOTTLE,,140,,1,1
6012181.00,PIRITON (EMZOR),,PIRITON (EMZOR) SYR  60ML,Pharmacy,SYRUP,BOTTLE,,180,,1,60ML
6153400000000.00,Piriton,Chlorpheniramine,PIRITON (EVANS) SYR  60ML,Pharmacy,SYRUP,BOTTLE,,330,,1,60ML
6012718.00,PIRITON,,PIRITON (GSK) SYR  150ML,Pharmacy,SYRUP,BOTTLE,,2100,,1,150ml
6152110000000.00,PIRITON CHILD EXPECTORANT,,PIRITON CHILD EXPECTORANT,Pharmacy,,BOTTLE,,400,,1,1
6152110000000.00,PIRITON,Chlorpheniramine,PIRITON SYR  100ML { EXPECTORANT},Pharmacy,SYRUP,BOTTLE,,480,,1,100ML
6008805.00,Piriton,,PIRITON TABS 4MG X 1000,Pharmacy,TABLETS,JAR,,470,,1,1
1007713.00,Piriton X 1000 (DANA),,PIRITON X 1000 (DANA) TABS 4MG,Pharmacy,TABLETS,JAR,,600,DANA DRUGS LTD,1,1
,PIRITON( mopson),,PIRITON( MOPSON) SYR  100ML,Pharmacy,SYRUP,BOTTLE,,130,,1,100ml
15177.00,PIRSEC,,PIRSEC CAPS 20/1100MG,Pharmacy,CAPSULES,JAR,,1450,WWCVL (GSK),1,1
15211.00,PIRSEC,,PIRSEC CAPS 40MG/1100MG,Pharmacy,CAPSULES,JAR,,1700,WWCVL (GSK),1,1
1001405.00,\\\\\\\\\\\\\\\,Phenobarbitone,PITROFIN (PHENONOBABITONE) (MOPSON) SYR  60ML,Pharmacy,SYRUP,BOTTLE,,350,,1,60ML
10464.00,PLASTI  BELL,,PLASTI  BELL  1.6,Pharmacy,,PCS,,150,,1,1
8263.00,PLASTI  BELL,,PLASTI  BELL  SIZE 1.5,Pharmacy,,PCS,,200,,1,1
9014.00,PLASTI BELL,,PLASTI BELL  1.1,Pharmacy,,PCS,,200,,1,1
9015.00,PLASTI BELL,,PLASTI BELL  1.2,Pharmacy,,PCS,,200,,1,1
8339.00,PLASTI BELL,,PLASTI BELL  1.3,Pharmacy,,PCS,,200,,1,1
8340.00,PLASTI BELL,,PLASTI BELL  1.4,Pharmacy,,PCS,,200,,1,1
10465.00,PLASTI BELL,,PLASTI BELL  1.7,Pharmacy,,PCS,,500,,1,1
10362.00,PLASTI BELL,,PLASTI BELL  2.5,Pharmacy,,PCS,,500,,1,1
7321840000000.00,PLENDIL,,PLENDIL CAPS 5MG X 30,Pharmacy,CAPSULES,JAR,,2945,,1,1
7321840000000.00,PLENDIL,Felodipine,PLENDIL TABS 10MG X 30,Pharmacy,TABLETS,JAR,,3950,,1,1
1008804.00,PODOPHYLIN CREAM,,PODOPHYLIN CREAM,Pharmacy,,TUBE,,1350,,1,1
1008803.00,PODOPHYLIN PAINT,,PODOPHYLIN PAINT  10ML,Pharmacy,,BOTTLE,,2600,,1,1
6008697.00,PODOPHYLIN PAINT,,PODOPHYLIN PAINT  80ML,Pharmacy,,BOTTLE,,2500,,1,1
1003649.00,podowart paint,,PODOWART PAINT,Pharmacy,,BOTTLE,,3500,,1,1
11207.00,POLYCIL GEL,,POLYCIL GEL   200ML,Pharmacy,,BOTTLE,,350,,1,200ML
8585.00,POLYFORTE GEL,,POLYFORTE GEL   100ML,Pharmacy,,BOTTLE,,550,,1,100ML
6010966.00,POLYFORTE GEL,,POLYFORTE GEL  200ML X 1,Pharmacy,,BOTTLE,,570,,1,1
8902290000000.00,POLYGEL,,POLYGEL SUSP 100ML,Pharmacy,SUSPENSION,BOTTLE,,400,,1,1
8902290000000.00,POLYGEL SUSP,,POLYGEL SUSP 200ML,Pharmacy,,BOTTLE,,630,,1,1
6911.00,POP,,POP  3 INCHES,Pharmacy,,PCS,,170,,1,1
6221.00,POP,,POP 4INCH,Pharmacy,,PCS,,260,,1,1
6222.00,POP,,POP 6 INCH,Pharmacy,,PCS,,400,,1,1
5781.00,POTASSIUM  PERMANGANATE,,POTASSIUM  PERMANGANATE POWDER  15G,Pharmacy,POWDER,BOTTLE,,0,,1,15G
7649.00,POTASSIUM CHLORIDE,Potassium Chloride,POTASSIUM CHLORIDE (ALPHA) INJ  10ML,Pharmacy,INJECTION (SOLUTION),AMPOULES,,415,,1,10ML
6011128.00,power heat cream,,POWER HEAT CREAM  25G X 1,Pharmacy,,TUBE,,220,,1,1
6011387.00,pre-seed fertility friendly lubricant,,PRE-SEED FERTILITY FRIENDLY LUBRICANT X 1,Pharmacy,,TUBE,,7800,,1,1
6354.00,PREDNISOLONE,Prednisolone,PREDNISOLONE TABS 5MG {UNBRANDED} X 1000,Pharmacy,TABLETS,JAR,,1915,,1,1
6009098.00,PREGMUM(NATURE FIELD) X 30,,PREGMUM(NATURE FIELD) X 30,Pharmacy,,JAR,,4950,,1,1
15446.00,PRENATAL,,PRENATAL TABS X 100,Pharmacy,TABLETS,JAR,,3650,,1,1
,PRENATAL(21 CENTURY),,PRENATAL(21 CENTURY) TABS X 60,Pharmacy,TABLETS,JAR,,3900,megavox ltd,1,1
1008825.00,PREPARATION H OINTMENT,,PREPARATION H OINTMENT,Pharmacy,,TUBE,,1750,,1,1
,prexidim,,PREXIDIM INJ X 1,Pharmacy,INJECTION (SOLUTION),VIALS,,700,PRECIOUS TRUST LIMITED,1,1
1009036.00,PRIMERON,,PRIMERON SYR 1L,Pharmacy,SYRUP,BOTTLE,,700,,1,1
11957.00,PRIMERON,,PRIMERON SYR 200ML,Pharmacy,SYRUP,BOTTLE,,185,,1,1
1000377.00,Primpex,Cotrimoxazole,PRIMPEX SYR  60ML,Pharmacy,SYRUP,BOTTLE,,340,SKG PHARMA LTD,1,60ML
,PROBIOTIC ACIDOPHILUS(MASON),,PROBIOTIC ACIDOPHILUS(MASON) TABS X 100,Pharmacy,TABLETS,JAR,,3675,megavox ltd,1,1
6012386.00,PrOBIOTIC ACIDOPHILUS(P/P),,PROBIOTIC ACIDOPHILUS(P/P) TABS  X 100,Pharmacy,TABLETS,JAR,,3000,,1,1
,probiotic formula,,PROBIOTIC FORMULA CAPS X 30,Pharmacy,CAPSULES,JAR,,3500,UZORMARK GLOBAL SERVICE LTD,1,1
1000328.00,PROCAINE PENICILLIN,,PROCAINE PENICILLIN INJ 5GM,Pharmacy,INJECTION (POWDER),VIALS,,170,,1,1
,PROCARE ACNE SERUM(BIOWELL),,PROCARE ACNE SERUM(BIOWELL) SPRAY 48.19G X 1,Pharmacy,SPRAY,SPRAY BOTTLE,,4500,CARE VANTAGE,1,1
,PROCARE SKIN BRIGHTENING SERUM,,PROCARE SKIN BRIGHTENING SERUM SPRAY 113.4G X 1,Pharmacy,SPRAY,SPRAY BOTTLE,,2800,CARE VANTAGE,1,1
6009199.00,proguanil x 500,,PROGUANIL X 500 (MULTICOY),Pharmacy,,JAR,,650,,1,1
8241.00,Promethazine,,PROMETHAZINE 25MG TAB  X 1000(MULTI COY),Pharmacy,TABLETS,JAR,,90,,1,1
9520.00,Promethazine,,PROMETHAZINE 25MG TAB X 500 {MULTI COY},Pharmacy,TABLETS,JAR,,90,,1,1
6008789.00,Promethazine,,PROMETHAZINE SYR  X 60 {DRUGFIELD},Pharmacy,SYRUP,BOTTLE,,100,,1,1
1009039.00,Promethazine(MEYER),,PROMETHAZINE(MEYER) SYR 60ML,Pharmacy,SYRUP,BOTTLE,,110,,1,1
1009040.00,PROMETHAZINE(MOPSON),,PROMETHAZINE(MOPSON) SYR 60ML,Pharmacy,SYRUP,BOTTLE,,150,,1,1
6010509.00,PrOMETHAZINE(UNIQUE),,PROMETHAZINE(UNIQUE) SYR X 1,Pharmacy,SYRUP,BOTTLE,,233,UNIQUE PHARMACEUTICALS LIMITED,1,1
7610940000000.00,PRONATAL X 30,,PRONATAL X 30 CAPS,Pharmacy,CAPSULES,JAR,,3600,,1,1
5820.00,PROPANOLOL,,PROPANOLOL TABS  X 1000 {UNBRANDED},Pharmacy,TABLETS,JAR,,4600,,1,1
1001754.00,PROSTAN,,PROSTAN EYE DROPS 2.5ML,Pharmacy,EYE DROPS,BOTTLE,,4250,,1,1
,PROSTATE SUPPORT,,PROSTATE SUPPORT CAPS  X 90,Pharmacy,CAPSULES,JAR,,3200,,1,1
,PROSTATE SUPPORT(ECN NUTRITION),,PROSTATE SUPPORT(ECN NUTRITION) CAPS X 60,Pharmacy,CAPSULES,JAR,,3000,UZORMARK GLOBAL SERVICE LTD,1,1
7610940000000.00,PROSTATONIN x 30,,PROSTATONIN  CAPS  X 30,Pharmacy,CAPSULES,BOTTLE,,5500,,1,1
,PROSTOTAL(TAYLEK),,PROSTOTAL(TAYLEK) CAPS X 30,Pharmacy,CAPSULES,JAR,,3500,TAYLEK DRUGS COMPANY LTD,1,1
6012901.00,prostrate therapy,,PROSTRATE THERAPY (MASON)  SOFTGEL  X 60,Pharmacy,SOFTGEL,JAR,,5500,,1,1
8906010000000.00,PROTOBEX,,PROTOBEX SYR 200ML,Pharmacy,SYRUP,BOTTLE,,1150,,1,1
1003635.00,PROXIMEXA,,PROXIMEXA SUSP 125MG/5ML 70ML,Pharmacy,SUSPENSION,BOTTLE,,1210,WWCVL (GSK),1,1
6013413.00,PRYTUNE EXPECTORANT LINTUS,,PRYTUNE EXPECTORANT LINTUS SYR  100ML,Pharmacy,SYRUP,BOTTLE,,350,,1,100ML
6013412.00,PRYTUNE SYRUP LINCTUS CHILDREN,,PRYTUNE SYRUP LINCTUS CHILDREN SYR  100ML,Pharmacy,SYRUP,BOTTLE,,350,,1,100ML
,PuLMOCEF,,PULMOCEF SUSP  100ML,Pharmacy,SUSPENSION,BOTTLE,,1350,,1,100ML
6012387.00,PUMPKIN SEED OIL(P/P),,PUMPKIN SEED OIL(P/P) SOFTGEL 1000MG X 100,Pharmacy,SOFTGEL,JAR,,3150,,1,1
,PURE CLEANSE,,PURE CLEANSE CAPS X 30,Pharmacy,CAPSULES,JAR,,4400,PUREGEN AFRICAN NIG. LTD,1,1
15200.00,PURE HONEY 1000ml(cameroon),,PURE HONEY 1000ML(CAMEROON),Pharmacy,,BOTTLE,,1510,,1,1
8129.00,PURITEX BLOOD PURIFICATION,,PURITEX BLOOD PURIFICATION SYR,Pharmacy,SYRUP,BOTTLE,,140,,1,1
6156000000000.00,PYRANTRIN,,PYRANTRIN SUSP 250MG/5ML,Pharmacy,SUSPENSION,BOTTLE,,460,,1,1
6011531.00,PYTHROCIN,Azithromycin,PYTHROCIN SUSP 200MG 30ML,Pharmacy,SUSPENSION,BOTTLE,,700,,1,30ML
6012033.00,q-slep,,Q-SLEP CAPS  X 60,Pharmacy,CAPSULES,JAR,,138600,,60,1
9556100000000.00,Q10 PLUS,,Q10 PLUS(HOVID) CAP X 60,Pharmacy,,BOTTLE,,2500,,1,1
6011119.00,QUADRICLEAR,,QUADRICLEAR CREAM 30GM X 12,Pharmacy,CREAM,TUBE,,680,,1,1
1007775.00,QuINCEF,,QUINCEF SYR 125MG/5ML,Pharmacy,SYRUP,BOTTLE,,800,,1,1
5833.00,quinine,,QUININE SYR  200ML,Pharmacy,SYRUP,BOTTLE,,590,,1,200ML
,rabies vaccine,,RABIES VACCINE INJ  1ML,Pharmacy,INJECTION (SOLUTION),VIALS,,4500,,1,1ml
11835.00,RABIPUR (ANTIRABIES),,RABIPUR (ANTIRABIES) INJ  X 1,Pharmacy,INJECTION (SOLUTION),VIALS,,4860,,1,1
6009323.00,rams para jar,,RAMS PARA JAR TABS 500MG X 1000,Pharmacy,TABLETS,JAR,,970,,1,1
1009057.00,RANFERON 12,,RANFERON 12 SYR 200ML,Pharmacy,SYRUP,BOTTLE,,320,,1,1
14819.00,RECTIN-A,,RECTIN-A CREAM,Pharmacy,CREAM,TUBE,,1900,,1,1
1000015.00,REFUCIL,Griseofulvin,REFUCIL SUSP 125MG/5ML 100ML,Pharmacy,SUSPENSION,BOTTLE,,485,,1,100ML
1008822.00,RELAX AND SLEEP TAB X 30(NATURE''S MEASURE),,RELAX AND SLEEP TAB X 30(NATURE''S MEASURE),Pharmacy,,BOTTLE,,450,,1,1
6009275.00,relaxo,,RELAXO GEL 30GM X 1,Pharmacy,GEL,TUBE,,320,,1,1
8904090000000.00,RELCER GEL,,RELCER GEL 180ML,Pharmacy,SUSPENSION,BOTTLE,,660,,1,180ML
6614.00,RELIEF,,RELIEF GEL  30G,Pharmacy,GEL,TUBE,,185,,1,30G
6012593.00,RELIPOIETIN,,RELIPOIETIN INJ 4000IU 0.4ML,Pharmacy,INJECTION (SOLUTION),AMPOULES,,4500,,1,0.4ML
6008725.00,RELOAD FOR KIDS,,RELOAD FOR KIDS SYR X 1,Pharmacy,SYRUP,BOTTLE,,4300,HESSPHARM LIMITED,1,1
1007833.00,RELOAD INFANT DROP,,RELOAD INFANT DROP,Pharmacy,,BOTTLE,,2850,,1,1
6008726.00,RELOAD MeN 50+,,RELOAD MEN 50+ TABS  X 100,Pharmacy,TABLETS,JAR,,2500,,1,1
615225000000.00,RELOAD MeN 50+,,RELOAD MEN 50+ TABS X 30,Pharmacy,TABLETS,JAR,,3500,ALPHA PHARMACY & STORES NIG.,1,1
615225000000.00,reload men 50+ X 90,,RELOAD MEN 50+ X 90 TABS,Pharmacy,TABLETS,JAR,,5800,,1,1
615225000000.00,reload men X 30,,RELOAD MEN X 30 TABS,Pharmacy,TABLETS,JAR,,3500,ALPHA PHARMACY & STORES NIG.,1,1
615225000000.00,reload men X 90,,RELOAD MEN X 90 TABS,Pharmacy,TABLETS,JAR,,5800,,1,1
615225000000.00,RELOAD tonic,,RELOAD TONIC X 1,Pharmacy,,BOTTLE,,3800,,1,1
615225000000.00,RELOAD WoMEN 50+ X 30,,RELOAD WOMEN 50+ X 30 TABS,Pharmacy,TABLETS,JAR,,3500,ALPHA PHARMACY & STORES NIG.,1,1
615225000000.00,RELOAD WoMEN 50+ X 90,,RELOAD WOMEN 50+ X 90 TABS,Pharmacy,TABLETS,JAR,,5800,,1,1
615225000000.00,RELOAD Women X 30,,RELOAD WOMEN X 30 TABS  {PHARMACYPLUS},Pharmacy,TABLETS,JAR,,3500,ALPHA PHARMACY & STORES NIG.,1,1
615225000000.00,reload women X 90,,RELOAD WOMEN X 90 TABS,Pharmacy,TABLETS,JAR,,5800,,1,1
6221040000000.00,REPARIL,,REPARIL GEL 40G X 1,Pharmacy,GEL,TUBE,,2500,,1,1
615225000000.00,REPROAID(MEN),,REPROAID(MEN) TABS  X 90,Pharmacy,TABLETS,JAR,,8300,,1,1
615225000000.00,REPROAID(WOMAN),,REPROAID(WOMAN) TABS  X 90,Pharmacy,TABLETS,JAR,,8300,,1,1
1001189.00,REPROFEN,,REPROFEN SYR  100ML,Pharmacy,SYRUP,BOTTLE,,220,,1,100ML
1532.00,RETIN-A,Tretinoin,RETIN-A CREAM  20G,Pharmacy,CREAM,TUBE,,3350,,1,20G
1000717.00,RETRAX,,RETRAX SYR  15ML,Pharmacy,SYRUP,BOTTLE,,165,,1,15ML
6009847.00,retrax x 500,,RETRAX X 500,Pharmacy,,JAR,,3000,,1,1
15064.00,REUMEX,,REUMEX LOTION 50ML,Pharmacy,LOTION,BOTTLE,,760,,1,1
7469.00,REVITONE,,REVITONE SYR  200ML,Pharmacy,SYRUP,BOTTLE,,160,,1,200ML
1009064.00,REVIVE,,REVIVE CAPS X 30,Pharmacy,CAPSULES,JAR,,13600,,1,1
3582910000000.00,RHINATHIOL,,RHINATHIOL (ADULT) 5% 125ML SYR,Pharmacy,SYRUP,BOTTLE,,1013,,1,125ML
3582910000000.00,RHINATHIOL PROMETHAZINE,,RHINATHIOL PROMETHAZINE SYR,Pharmacy,SYRUP,BOTTLE,,1048,,1,1
3582910000000.00,RHINATHIOL,,RHINATHIOL(CHILD)  2% 125ML SYR,Pharmacy,SYRUP,BOTTLE,,1018,,1,125ML
,RICHZOE,Folic Acid,RICHZOE TABS 800MCG+30MG X 100,Pharmacy,TABLETS,JAR,,4100,H20 PHARMACEUTICALS LTD,1,1
8630.00,RIFAMYCINE,,RIFAMYCINE  EYE DROPS,Pharmacy,EYE DROPS,BOTTLE,,1750,,1,1
,RINGERS LACTATE(FIDSON),,RINGERS LACTATE(FIDSON) INFUSION 500ML X 1,Pharmacy,INFUSION,BOTTLE,,600,FIDSON HEALTHCARE PLC,1,1
6013354.00,RIWOD,,RIWOD  200ML X 1,Pharmacy,,JAR,,450,,1,1
6033000000000.00,ROBB,,ROBB OINTMENT 25G [JAR],Pharmacy,SKIN OINTMENT,JAR,,260,,1,1
1002024.00,Robb(TIN),,ROBB(TIN)  4G,Pharmacy,,TIN,,35,,1,1
,robitussin chesty cough,,ROBITUSSIN CHESTY COUGH SYR  100ML,Pharmacy,SYRUP,BOTTLE,,2650,,1,100ml
7640130000000.00,rocephin I.M,,ROCEPHIN I.M INJ 1G,Pharmacy,INJECTION (POWDER),VIALS,,4100,,1,1
7640130000000.00,rocephin I.V,,ROCEPHIN I.V INJ 1GM,Pharmacy,INJECTION (POWDER),VIALS,,4500,,1,1
6034000000000.00,ROPHEGAN,,ROPHEGAN SYR 5MG/5ML  60ML,Pharmacy,SYRUP,BOTTLE,,195,MAY & BAKER NIGERIA PLC,1,60ML
6013350.00,ROSCILOX(SUN PHARM),,ROSCILOX(SUN PHARM) SYR 100ML X 1,Pharmacy,SYRUP,BOTTLE,,450,,1,1
,ROYAL JELLY (COSTAR),,ROYAL JELLY (COSTAR) CAPS 1450MG X 100,Pharmacy,CAPSULES,JAR,,8000,UZORMARK GLOBAL SERVICE LTD,1,1
5019090000000.00,RoYAL JELLY,,ROYAL JELLY CAPS  X 30,Pharmacy,CAPSULES,JAR,,8500,,1,1
6011567.00,ROYAL JELLY(MASON),,ROYAL JELLY(MASON) X 60,Pharmacy,,JAR,,2400,,1,1
,ROYAL JELLY(NOW),,ROYAL JELLY(NOW) CAPS 1500MG X 60,Pharmacy,CAPSULES,JAR,,8500,ALPHA PHARMACY & STORES NIG.,1,1
1001253.00,RuLOX,,RULOX SUSP  200ML,Pharmacy,SUSPENSION,BOTTLE,,630,,1,200ML
6012138.00,RUZU BITTER,,RUZU BITTER CAPS  X 60,Pharmacy,CAPSULES,JAR,,2400,,1,1
6156000000000.00,RUZU BITTER,,RUZU BITTER SYR 200ML X 1,Pharmacy,SYRUP,BOTTLE,,1500,,1,1
6012031.00,RUZU BLACK FOR MEN,,RUZU BLACK FOR MEN X 1,Pharmacy,,JAR,,3500,,1,1
6156000000000.00,ruzu herb,,RUZU HERB SYR 500ML,Pharmacy,SYRUP,BOTTLE,,2500,,1,1
7285.00,SABRESTEN (VAGINAL),,SABRESTEN (VAGINAL) CREAM 30G,Pharmacy,CREAM,TUBE,,380,,1,30G
1000174.00,SABRESTEN,Clotrimazole,SABRESTEN CREAM  20G,Pharmacy,CREAM,TUBE,,630,,1,20G
6009800000000.00,SAFE CUT LOTION,,SAFECUT 125ML,Pharmacy,LOTION,BOTTLE,,340,,1,1
6012767.00,SAFETELMI,,SAFETELMI TABS 40/12.5MG X 30,Pharmacy,TABLETS,BLISTER,,9030,,30,10
8901450000000.00,SAFI,,SAFI SYR  X 1,Pharmacy,SYRUP,BOTTLE,,2200,,1,1
15009.00,salin's,,SALIN'S LINIMENT,Pharmacy,LINIMENT,BOTTLE,,550,,1,1
7778.00,SAMTRIM,,SAMTRIM TABS 480G X 1000,Pharmacy,TABLETS,JAR,,1450,,1,1
6008902.00,saw palmento(mason) x 60,,SAW PALMENTO(MASON) X 60 CAPS,Pharmacy,CAPSULES,JAR,,2310,,1,1
,SAW PALMETTO(21ST CENTURY),,SAW PALMETTO(21ST CENTURY) CAPS 450MG X 60,Pharmacy,CAPSULES,JAR,,4500,megavox ltd,1,1
6009102.00,SAW PaLMETTO(N/F) X 100,,SAW PALMETTO(N/F) X 100,Pharmacy,,JAR,,4300,,1,1
17339035313.00,SAW PALMETTO(RADIANCE),,SAW PALMETTO(RADIANCE) CAPS 450MG X 100,Pharmacy,CAPSULES,JAR,Paracetamol overdosage ,1990,,1,1
9277.00,SCISSORS,,SCISSORS  BIG SIZE,Pharmacy,,PCS,,550,,1,1
9280.00,SCISSORS,,SCISSORS  MEDIUM SIZE,Pharmacy,,PCS,,585,,1,1
11479.00,SCISSORS CURVE,,SCISSORS CURVE,Pharmacy,,PCS,,395,,1,1
8638.00,SCISSORS [SMALL SIZE],,SCISSORS SMALL SIZE,Pharmacy,,PCS,,240,,1,1
8639.00,SCISSORS [STRAIGHT],,SCISSORS STRAIGHT,Pharmacy,,PCS,,380,,1,1
6008680.00,SEFZITIL,Cefuroxime,SEFZITIL SYR 100ML,Pharmacy,SYRUP,BOTTLE,,880,,1,1
1008864.00,selace,,SELACE TABS X 30,Pharmacy,TABLETS,JAR,,2270,,1,1
311845000000.00,SELENIUM,,SELENIUM (LIFE WORTH NATURAL)  TABS 200MG,Pharmacy,TABLETS,JAR,,1400,,1,1
311845000000.00,SELENIUM,,SELENIUM (MASON)  TABS,Pharmacy,TABLETS,JAR,,2500,,1,1
11620.00,SELENIUM,,SELENIUM (NATURE FIELD)  TABS,Pharmacy,TABLETS,JAR,,3180,,1,60
15103.00,SERESIS,,SERESIS CAPS,Pharmacy,CAPSULES,JAR,,2050,,1,1
5012340000000.00,Seven seas Cod Liver Oil,,SEVEN SEA COD LIVER OIL 170ML SYR,Pharmacy,SYRUP,BOTTLE,,3645,,1,170ml
152369.00,SEVEN SEAS CoD LIVER OIL 150ML,,SEVEN SEAS COD LIVER OIL 150ML,Pharmacy,,BOTTLE,,2800,,1,1
6012295.00,Seven seas Cod Liver Oil,,SEVEN SEAS COD LIVER OIL 300ML,Pharmacy,,BOTTLE,,4200,,1,1
5012340000000.00,Seven seas Cod Liver Oil(HIGH STRENGTH) X 120,,SEVEN SEAS COD LIVER OIL(HIGH STRENGTH) X 120 CAPS,Pharmacy,CAPSULES,JAR,,7200,,1,1
5012340000000.00,SEVEN SEAS Cod Liver Oil(HIGH STRENGTH) X 30,,SEVEN SEAS COD LIVER OIL(HIGH STRENGTH) X 30 CAPS,Pharmacy,CAPSULES,JAR,,2400,,1,1
5012340000000.00,SEVEN SEAS Cod Liver Oil(HIGH STRENGTH) X 60,,SEVEN SEAS COD LIVER OIL(HIGH STRENGTH) X 60 CAPS,Pharmacy,CAPSULES,JAR,,4800,,1,1
8902290000000.00,SHALARTEM,,SHALARTEM SUSP 60ML,Pharmacy,SUSPENSION,BOTTLE,,475,,1,1
1007898.00,SHALCIP (CIPRO),,SHALCIP (CIPRO) INFUSION 100ML,Pharmacy,INFUSION,BOTTLE,,90,SHALINA HEALTHCARE NIGERIA LTD,1,1
,SHALTOUX CHESTY COUGH,,SHALTOUX CHESTY COUGH SYR 100ML X 1,Pharmacy,SYRUP,BOTTLE,,450,SHALINA HEALTHCARE NIGERIA LTD,1,1
,SHALTOUX,,SHALTOUX TABS  X 100,Pharmacy,TABLETS,JAR,,1850,,1,1
6010986.00,sherovite,,SHEROVITE SYR 200ML X 1,Pharmacy,SYRUP,BOTTLE,,950,,1,1
5017850000000.00,SILVER BIRD X 12,,SILVER BIRD LOTION  30ML,Pharmacy,LOTION,BOTTLE,,1400,,1,30ML
6008995.00,silver shoe spray,,SILVER SHOE SPRAY X 1,Pharmacy,,JAR,,416.67,,1,1
1000050.00,Sinufed,,SINUFED  50ML SYR,Pharmacy,SYRUP,BOTTLE,,400,,1,50ML
6012378.00,SITEX,,SITEX SYR X 1,Pharmacy,SYRUP,BOTTLE,,2055,,1,1
6921470000000.00,SKINEAL,,SKINEAL CREAM 15G X 1,Pharmacy,CREAM,TUBE,,480,,1,1
,slimfit caps(agewell)men,,SLIMFIT CAPS(AGEWELL)MEN   X 1,Pharmacy,,JAR,,4700,AGEWELL HEALTHCARE LTD,1,1
,slimfit caps(agewell)women,,SLIMFIT CAPS(AGEWELL)WOMEN   X 1,Pharmacy,,JAR,,4700,AGEWELL HEALTHCARE LTD,1,1
1605.00,SLOAN'S,,SLOAN'S LINIMENT 75ML,Pharmacy,LINIMENT,BOTTLE,,300,,1,1
7329.00,SODAMINT,,SODAMINT TABS 300MG X 1000,Pharmacy,TABLETS,JAR,,720,JUHEL (NIGERIA) LIMITED,1,1
6008654.00,SODAMINT,,SODAMINT TABS 500MG X 1000,Pharmacy,TABLETS,JAR,,550,,1,1
5014120000000.00,SODIUM BICARBONATE,Sodium Bicarbonate,SODIUM BICARBONATE (MARTINDALE)  INJ 8.4%W/V,Pharmacy,INJECTION (SOLUTION),AMPOULES,,445,,1,1
1009081.00,SODIUM CHLORIDE EYE DROPS(MULTI COY),,SODIUM CHLORIDE EYE DROPS(MULTI COY) 10ML,Pharmacy,,BOTTLE,,1050,,1,1
,SOFT BAND,,SOFT BAND  4 INCHES X 1,Pharmacy,,PCS,,220,,1,1
14775.00,SOFT BAND,,SOFT BAND  6 INCHES,Pharmacy,,PCS,,300,,1,1
6012861.00,SoLIDMOX CLAV,,SOLIDMOX CLAV TABS 375MG X 1,Pharmacy,TABLETS,BOTTLE,,750,,1,1
6013022.00,SoLIDMOX,,SOLIDMOX SUSP X 1,Pharmacy,SUSPENSION,BOTTLE,,800,,1,1
11438.00,SOLO COUGH,,SOLO COUGH SYR  100ML,Pharmacy,SYRUP,BOTTLE,,150,,1,100ML
,solomega chewable,,SOLOMEGA CHEWABLE SOFTGEL  X 30,Pharmacy,SOFTGEL,JAR,,2150,ZIFAM PINNACLE NIG.LTD,1,1
6008655.00,SOLOTONE AMINO,,SOLOTONE AMINO SYR,Pharmacy,SYRUP,BOTTLE,,1000,,1,1
311845000000.00,SOYA LECITHIN X 100,,SOYA LECITHIN X 100,Pharmacy,,JAR,,2600,,1,1
11950.00,SPECIMEN  BOTTLE,,SPECIMEN  BOTTLE   X 1,Pharmacy,,PCS,,50,,1,1
6011317.00,SPECMIN,,SPECMIN SYR  200ML,Pharmacy,SYRUP,BOTTLE,,300,,1,200ML
6011318.00,SPECTRACLUVENIC,,SPECTRACLUVENIC SUSP  100ML,Pharmacy,SUSPENSION,BOTTLE,,630,,1,100ML
,sperman,,SPERMAN TABS  X 60,Pharmacy,TABLETS,JAR,,2800,,1,1
4787.00,SPERSADEX COMP,,SPERSADEX COMP EYE DROPS  5ML,Pharmacy,EYE DROPS,BOTTLE,,600,,1,5ML
1688.00,SPERSADEX,,SPERSADEX EYE DROPS 0.1%,Pharmacy,EYE DROPS,BOTTLE,,610,,1,1
4609.00,spersadexoline,,SPERSADEXOLINE EYE DROPS,Pharmacy,EYE DROPS,BOTTLE,,750,,1,1
8901300000000.00,Sporidex,Cephalexin,SPORIDEX  SUSP 250MG/5ML 100ML,Pharmacy,SUSPENSION,BOTTLE,,650,,1,100ML
8901300000000.00,Sporidex,Cephalexin,SPORIDEX SUSP 125MG/5ML 100ML,Pharmacy,SUSPENSION,BOTTLE,,750,,1,1
12349.00,SPORTGESIC,,SPORTGESIC OINTMENT 35G,Pharmacy,SKIN OINTMENT,TUBE,,440,,1,1
8443.00,STADEX PLUS,,STADEX PLUS EYE DROPS 5ML,Pharmacy,EYE DROPS,BOTTLE,,950,,1,5ML
1001476.00,STETHOSCOPE,,STETHOSCOPE,Pharmacy,,PCS,,1200,,1,1
8994390000000.00,STIMUNO,,STIMUNO SYR 100ML,Pharmacy,SYRUP,BOTTLE,,1100,,1,1
11407.00,STRESS B,,STRESS B TABS  X 30,Pharmacy,TABLETS,JAR,,1,,1,1
,stress b with zinc(21 century),,STRESS B WITH ZINC(21 CENTURY) TABS X 66,Pharmacy,TABLETS,JAR,,3000,megavox ltd,1,1
311845000000.00,STRESS FOMULAR,,STRESS FOMULAR TABS  X 30,Pharmacy,TABLETS,PCS,,2185,,1,1
348132000000.00,STUD-100,,STUD-100 SPRAY  X 1,Pharmacy,SPRAY,SPRAY CAN,,3700,,1,1
6013353.00,SUBCEF,Ceftriaxone,SUBCEF INJ 1.5G X 1,Pharmacy,INJECTION (SOLUTION),VIALS,,450,,1,1
6010985.00,suclamin,,SUCLAMIN SYR 200ML X 1,Pharmacy,SYRUP,BOTTLE,,955,,1,1
6011017.00,SUCLAVIT,,SUCLAVIT SYR 200ML X 1,Pharmacy,SYRUP,BOTTLE,,850,,1,1
5011030000000.00,SUDOCREAM,,SUDOCREAM  250G,Pharmacy,,JAR,,4145,,1,1
5011030000000.00,SUDOCREAM,,SUDOCREAM CREAM  125G,Pharmacy,CREAM,JAR,,1650,,1,125G
50953349.00,SUDOCREAM,,SUDOCREAM CREAM  60G,Pharmacy,CREAM,JAR,,1600,,1,60G
5944710000000.00,SUITROX,,SUITROX SUSP 200MG/5ML 100ML,Pharmacy,SUSPENSION,BOTTLE,,2620,,1,1
6011430.00,SULPHUR SKIN OINTMENT(DGF),,SULPHUR SKIN OINTMENT(DGF) 25G,Pharmacy,,TUBE,,315,,1,1
,SULPHUR SKIN OINTMENT(FIDSON),,SULPHUR SKIN OINTMENT(FIDSON) CREAM X 1,Pharmacy,CREAM,TUBE,,260,FIDSON HEALTHCARE PLC,1,1
,SULPHUR SKIN OINTMENT(GREENLIFE),,SULPHUR SKIN OINTMENT(GREENLIFE) CREAM  X 1,Pharmacy,CREAM,TUBE,,250,GREENLIFE PHARMACEUTICALS LIMITED,1,1
6011668.00,SUPACEF,,SUPACEF INJ X 1,Pharmacy,INJECTION (POWDER),VIALS,,350,,1,1
6010116.00,SUPER AmINO,,SUPER AMINO TABS 6000,Pharmacy,TABLETS,JAR,,5000,,1,1
6009622.00,SUPER APETI PLUS,,SUPER APETI PLUS SYR 200ML,Pharmacy,SYRUP,BOTTLE,,640,,1,1
8902290000000.00,SUPER APETI,,SUPER APETI SYR 200ML X 1,Pharmacy,SYRUP,BOTTLE,,355,,1,1
6195.00,SUPER B(BLOOD PURIFIER),,SUPER B(BLOOD PURIFIER) SYR  200ML,Pharmacy,SYRUP,BOTTLE,,350,,1,200ML
6012949.00,SUPER B(BLOOD PURIFIER)FEMALE,,SUPER B(BLOOD PURIFIER)FEMALE SYR X 24,Pharmacy,SYRUP,BOTTLE,,300,,1,1
,SUPER C IMMUNE(VIT C ZINC VIT D3),,SUPER C IMMUNE(VIT C ZINC VIT D3) CAPS  X 100,Pharmacy,CAPSULES,JAR,,5800,,1,1
6012448.00,SUPER CaLCIUM (H/n),,SUPER CALCIUM (H/N) X 60,Pharmacy,,JAR,,2300,,1,1
6011870.00,SUPER CALCIUM (N/F),,SUPER CALCIUM (N/F)   X 30,Pharmacy,,JAR,,2000,,1,30
713757000000.00,SuPER CALCIUM 600+ D3 400 X 100,,SUPER CALCIUM 600+ D3 400 X 100 TABS,Pharmacy,TABLETS,JAR,,3050,,1,1
6013243.00,SUPER CALCIUM(KBC)600+D3,Calcium Carbonate,SUPER CALCIUM(KBC)600+D3 TABS 600MG X 100,Pharmacy,TABLETS,JAR,,1700,,1,1
6009285.00,super calcium(nature field) x 60,,SUPER CALCIUM(NATURE FIELD) X 60 CAPS,Pharmacy,CAPSULES,JAR,,1,,1,1
,super collagen+Vit.C(21 century),,SUPER COLLAGEN+VIT.C(21 CENTURY) TABS 6000MG X 180,Pharmacy,TABLETS,JAR,,7200,megavox ltd,1,1
311845000000.00,SUPER FAT BURNER,,SUPER FAT BURNER (MASON)  TABS,Pharmacy,TABLETS,JAR,,2650,,1,60
,SUPER OMEGA 3.6.9(SEA KING),,SUPER OMEGA 3.6.9(SEA KING) SOFTGEL 1000MG X 200,Pharmacy,SOFTGEL,JAR,,6500,,1,1
1247900000000.00,SUPERMAG ANTACID 200ML,Magnesium Trisilicate,SUPERMAG ANTACID 200ML SUSP,Pharmacy,SUSPENSION,BOTTLE,,370,,1,1
1000166.00,SUPERMAG ANTACID,Magnesium Trisilicate,SUPERMAG ANTACID SUSP  100ML,Pharmacy,SUSPENSION,BOTTLE,,275,,1,100ML
7411.00,SUPERMAG,,SUPERMAG SUSP 2L,Pharmacy,SUSPENSION,JAR,,2365,,1,1
6010984.00,supermentin,,SUPERMENTIN SUSP 228MG/5ML X 1,Pharmacy,SUSPENSION,BOTTLE,,1000,,1,1
4835.00,SUPHTRIM,Sulfamethoxazole and Trimethoprim,SUPHTRIM SUSP  60ML,Pharmacy,SUSPENSION,BOTTLE,,185,,1,60ML
8561.00,supirocin,,SUPIROCIN OINTMENT  X 1,Pharmacy,SKIN OINTMENT,TUBE,,1600,,1,15MG
1007794.00,SUPRA C CHEWABLE X  100,,SUPRA C CHEWABLE X  100 TABS,Pharmacy,TABLETS,JAR,,1100,,1,1
1007797.00,SUPRAFIT X 60,,SUPRAFIT X 60 CAPS,Pharmacy,CAPSULES,JAR,,1250,,1,1
1007796.00,SUPRAKIDS X 100 CHEWABLE,,SUPRAKIDS X 100 CHEWABLE TABS,Pharmacy,TABLETS,JAR,,1200,,1,1
1007795.00,SUPRAKIDS X 30 CHEWABLE,,SUPRAKIDS X 30 CHEWABLE TABS,Pharmacy,TABLETS,JAR,,700,,1,1
8806040000000.00,SUPRAMULT,,SUPRAMULT SYR  100ML {BRANDED},Pharmacy,SYRUP,BOTTLE,,330,,1,100ML
1000708.00,Sustanon,,SUSTANON 250MG INJ 1ML {EGYPT},Pharmacy,INJECTION (SOLUTION),AMPOULES,,750,,1,1
7972.00,Sustanon,,SUSTANON INJ 250MG 1ML {HOLAND},Pharmacy,INJECTION (SOLUTION),AMPOULES,,2500,,1,1ML
7609.00,SUTURING  NEEDLE,,SUTURING  NEEDLE   X 1 {SIZE 7},Pharmacy,,PCS,,105,,1,1
9348.00,SUTURING  NEEDLE,,SUTURING  NEEDLE  SIZE 10 X 1,Pharmacy,,PCS,,60,,1,1
8266.00,SUTURING  NEEDLE,,SUTURING  NEEDLE  SIZE 40 X 1,Pharmacy,,PCS,,150,,1,1
8267.00,SUTURING  NEEDLE,,SUTURING  NEEDLE  SIZE 50 X 1,Pharmacy,,PCS,,290,,1,1
8264.00,SUTURING  NEEDLE,,SUTURING  NEEDLE  SIZE 60 X 1,Pharmacy,,PCS,,50,,1,1
8265.00,SUTURING NEEDLE,,SUTURING NEEDLE  SIZE 45 X 1,Pharmacy,,PCS,,50,,1,1
11775.00,SWARB GAUZE BIG SIZE,,SWAB GAUZE BIG SIZE,Pharmacy,,PCS,,100,,1,1
1000125.00,SWEDISH BITTERS,,SWEDISH BITTERS  100ML,Pharmacy,SYRUP,BOTTLE,,6500,,1,100ML
5011420000000.00,SWEETEX,,SWEETEX TABS  X 60,Pharmacy,TABLETS,JAR,,950,,1,1
6013408.00,SWIFEN,,SWIFEN SYR  100ML,Pharmacy,SYRUP,BOTTLE,,260,,1,100ML
1007458.00,SWIFEN,,SWIFEN SYR 5ML 60ML,Pharmacy,SYRUP,BOTTLE,,150,,1,1
1009085.00,SYNOCLAV,,SYNOCLAV SUSP 125/5MG 70ML,Pharmacy,SUSPENSION,BOTTLE,,550,,1,1
6405.00,T. B. C (TINCTURE BENZ COMP),,T. B. C (TINCTURE BENZ COMP)   100ML,Pharmacy,,BOTTLE,,1205,,1,100ML
6013038.00,TABASIL,,TABASIL CREAM X 1,Pharmacy,CREAM,TUBE,,330,,1,1
8315.00,TACORANGE VIT C,,TACORANGE VIT C SYR 100ML,Pharmacy,SYRUP,BOTTLE,,220,,1,100ML
6011605.00,tancidak,,TANCIDAK SUSP X 1,Pharmacy,SUSPENSION,BOTTLE,,795,,1,1
,tandak,Ceftriaxone,TANDAK INJ 1.5G X 1,Pharmacy,INJECTION (SOLUTION),VIALS,,2000,MARCSON HEALTHCARE LIMITED,1,1
8902290000000.00,TANZOL,,TANZOL SYR 400MG 50ML,Pharmacy,SYRUP,BOTTLE,,140,,1,50ML
,TAVANIC,,TAVANIC INFUSION 500MG 100ML,Pharmacy,INFUSION,BOTTLE,,5014,,1,100ML
5413900000000.00,TEARS NATURALE,,TEARS NATURALE EYE DROPS  15ML,Pharmacy,EYE DROPS,BOTTLE,,1850,,1,15ML
6008932.00,TEGRETOL,,TEGRETOL SYR 2% X 1,Pharmacy,SYRUP,BOTTLE,,3215,,1,1
6012626.00,TELUFAN,Artemether+Lumefantrine,TELUFAN SUSP 240MG/1440MG 60ML,Pharmacy,SUSPENSION,BOTTLE,,450,,1,60ML
7030.00,TERBIMAX,,TERBIMAX CREAM  10G,Pharmacy,CREAM,TUBE,,950,,1,10G
1007535.00,TERETINE,,TERETINE INJ 150MG/2ML X 3,Pharmacy,INJECTION (SOLUTION),AMPOULES,,1100,,1,1
,testo-wel(biowell),,TESTO-WEL(BIOWELL) CAPS X 60,Pharmacy,CAPSULES,JAR,,4900,CARE VANTAGE,1,1
,TESTOSTERONE booster,,TESTOSTERONE BOOSTER CAPLET 386+100MG X 72,Pharmacy,CAPLET,JAR,,12000,LIFEMEANS STANDARD LIMITED,1,1
1000590.00,TESTOSTERONE,Testosterone,TESTOSTERONE INJ  2ML,Pharmacy,INJECTION (SOLUTION),AMPOULES,,75,,1,2ML
6013175.00,TESTYFER,,TESTYFER SYR  200ML,Pharmacy,SYRUP,BOTTLE,,570,,1,200ML
8132.00,tetanus antitoxin,,TETANUS ANTITOXIN 5000I.U INJ,Pharmacy,INJECTION (SOLUTION),AMPOULES,,100,,1,1
6115.00,tetanus vaccine,,TETANUS TOXOID 5ML INJ (T.T),Pharmacy,INJECTION (SOLUTION),VIALS,,315,,1,5ML
7881.00,TETRACYCLINE,,TETRACYCLINE CAPS 250MG {UNBRANDED} X 1000,Pharmacy,CAPSULES,TIN,,5630,,1,1
8127.00,TETRACYCLINE EYE OINTMENT,,TETRACYCLINE EYE OINTMENT 15GM,Pharmacy,,TUBE,,100,,1,1
,THERAMIN,Amino Acids,THERAMIN SYR 200ML X 1,Pharmacy,SYRUP,BOTTLE,,1500,EVANS THERAPEUTICS,1,1
1007403.00,THERMAL PAPER,,THERMAL PAPER 18MM,Pharmacy,,PCS,,100,,1,1
1007404.00,THERMAL PAPER,,THERMAL PAPER 80MM,Pharmacy,,PCS,,200,,1,1
9954.00,THIOCAL 12 1L,,THIOCAL 12 1L SYR,Pharmacy,SYRUP,BOTTLE,,1050,,1,1
6009087.00,THIOCAL 12 KIDI (RED),,THIOCAL 12 KIDI (RED) SYR  100ML,Pharmacy,SYRUP,BOTTLE,,170,,1,100ML
6009088.00,THIOCAL 12 KIDI (RED),,THIOCAL 12 KIDI (RED) SYR 200ML,Pharmacy,SYRUP,BOTTLE,,300,,1,1
1090.00,THIOCAL 12,,THIOCAL 12 SYR  100ML {WHITE},Pharmacy,SYRUP,BOTTLE,,140,,1,100ML
4553.00,THIOCAL 12,,THIOCAL 12 SYR  200ML {WHITE},Pharmacy,SYRUP,BOTTLE,,190,,1,200ML
1000874.00,THROTAL,Erythromycin,THROTAL SUSP  100ML,Pharmacy,SUSPENSION,BOTTLE,,415,MOPSON PHARMACEUTICAL LIMITED,1,100ML
6011185.00,TIMOLOL,Timolol,TIMOLOL EYE DROPS  10ML [ALPHA],Pharmacy,EYE DROPS,BOTTLE,,1100,,1,10ML
5026470000000.00,TIMOLOL,Timolol,TIMOLOL EYE DROPS  5ML,Pharmacy,EYE DROPS,BOTTLE,,215,,1,5ML
,TIMOLOL(MEKS),,TIMOLOL(MEKS) EYE DROPS 0.5% 5ML X 1,Pharmacy,EYE DROPS,BOTTLE,,500,KORLYNS PHARMACEUTICALS,1,1
6011114.00,TIMOMED,,TIMOMED EYE DROPS 10ML X 1,Pharmacy,EYE DROPS,BOTTLE,,360,,1,1
1001611.00,TIMOPTOL,,TIMOPTOL EYE DROPS 0.5% 3ML {FRANCE},Pharmacy,EYE DROPS,BOTTLE,,1440,,1,3ML
1000669.00,TIMOPTOL,,TIMOPTOL EYE DROPS 0.5% 5ML [U.K],Pharmacy,EYE DROPS,BOTTLE,,2330,,1,5ML
1002617.00,TIOCOSID,,TIOCOSID CREAM  X 1,Pharmacy,CREAM,TUBE,,1465,NEIMETH INT'L PHARMACEUTICAL PLC,1,20GM
6008671.00,TITO WELL,,TITO WELL SYR 200ML,Pharmacy,SYRUP,BOTTLE,,1500,,1,1
1000424.00,TOBREX,Tobramycin,TOBREX EYE DROPS 5ML,Pharmacy,EYE DROPS,BOTTLE,,1510,,1,1
5413900000000.00,TOBREX,Tobramycin,TOBREX EYE OINTMENT  XG,Pharmacy,EYE OINTMENT,TUBE,,1680,,1,3.5G
6013008.00,TOCOVID(jar),,TOCOVID(JAR) TABS 200MG X 30,Pharmacy,TABLETS,JAR,,16800,,1,1
1000706.00,TOGAMYCIN,,TOGAMYCIN INJ 2G X 1,Pharmacy,INJECTION (POWDER),VIALS,,1950,,1,1
6012983.00,TOPEFENAC,,TOPEFENAC TABS 50MG X 200,Pharmacy,TABLETS,PACK,,5000,,200,10
5170.00,TOUCH & GO X 12,,TOUCH & GO SOLUTION 7ML X 12,Pharmacy,SOLUTION,BOTTLE,,895,,1,1
6009351.00,toxi flush x 60,,TOXI FLUSH X 60 TABS,Pharmacy,TABLETS,JAR,,5700,,1,1
8327.00,TRACTION KIT,,TRACTION KIT  ADULT,Pharmacy,,PCS,,760,,1,1
8328.00,TRACTION KIT(CHILD),,TRACTION KIT(CHILD)   X 1,Pharmacy,,PCS,,760,,1,1
6008857.00,TRAMADEX,,TRAMADEX CAPS 100MG X 100,Pharmacy,CAPSULES,CAPS,,2000,,100,10
6010072.00,tranexamic acid,,TRANEXAMIC ACID (MULTICOY)  INJ X 1,Pharmacy,INJECTION (POWDER),VIALS,,400,,1,1
5413900000000.00,TRAVATAN,Travoprost,TRAVATAN EYE DROPS  XML,Pharmacy,EYE DROPS,BOTTLE,,5130,,1,XML
9244.00,TRAY HOSPITAL,,TRAY HOSPITAL  BIG SIZE,Pharmacy,,PCS,,2640,,1,1
10084.00,TRAY HOSPITAL,,TRAY HOSPITAL  MEDIUM SIZE,Pharmacy,,PCS,,1820,,1,1
6009277.00,tray(small size),,TRAY(SMALL SIZE) X 1,Pharmacy,,PCS,,400,,1,1
6012048.00,TREVIAMET,,TREVIAMET TABS 50/500MG X 35,Pharmacy,TABLETS,BLISTER,,18250,,35,7
15495.00,TREVO BIG SIZE,,TREVO BIG SIZE X 1,Pharmacy,,BOTTLE,,15005,,1,1
6011371.00,TREVO M/S,,TREVO M/S X 1,Pharmacy,,JAR,,12500,,1,1
1003657.00,TREVO SMALL SIZE,,TREVO SMALL SIZE,Pharmacy,,BOTTLE,,1365,,1,1
10770.00,TRGRETOL,,TRGRETOL SUSP 2% 100ML,Pharmacy,SUSPENSION,BOTTLE,,1600,,1,100ML
1003038.00,tribact,,TRIBACT CREAM 20MG,Pharmacy,CREAM,TUBE,,270,,1,1
6034000000000.00,TRIBOTAN,,TRIBOTAN  BABY CREAM 20G,Pharmacy,CREAM,TUBE,,480,,1,20G
1000192.00,TRIBOTAN ADULT,,TRIBOTAN ADULT CREAM  20G,Pharmacy,CREAM,TUBE,,375,,1,20G
6010316.00,TRICLAV DRY,,TRICLAV DRY SYR 228.5MG X 1,Pharmacy,SYRUP,BOTTLE,,740,,1,1
,TRIMAC,Sulfacetamide,TRIMAC SYR 200/40MG X 1,Pharmacy,SYRUP,BOTTLE,,240,SWISS PHARMA NIG. LTD.,1,1
,triple omega 3.6.9(earth's creation),,TRIPLE OMEGA 3.6.9(EARTH'S CREATION) SOFTGEL  X 100,Pharmacy,SOFTGEL,JAR,,6500,,1,1
6012601.00,trophen,,TROPHEN EYE DROPS X 1,Pharmacy,EYE DROPS,BOTTLE,,1400,,1,1
8470010000000.00,TRUSOPT,Dorzolamide,TRUSOPT EYE DROPS 20MG XML,Pharmacy,EYE DROPS,BOTTLE,,3885,,1,5ML
9129.00,TUCLOX,,TUCLOX DROPS 12ML,Pharmacy,ORAL DROPS,BOTTLE,,280,,1,12ML
9191.00,TUCLOX,,TUCLOX SYR  100ML,Pharmacy,SYRUP,BOTTLE,,280,,1,100ML
1008089.00,TUTOLIN COUGH & COLD,,TUTOLIN COUGH & COLD SYR 100ML,Pharmacy,SYRUP,BOTTLE,,215,,1,1
1001050.00,TUTOLIN COUGH CHILD,,TUTOLIN COUGH CHILD SYR  100ML,Pharmacy,SYRUP,BOTTLE,,210,TUYIL PHARMACEUTICAL INDUSTRIES LTD.,1,100ML
1001068.00,TUTOLIN COUGH(EXPECT),,TUTOLIN COUGH(EXPECT) SYR  100ML,Pharmacy,SYRUP,BOTTLE,,210,TUYIL PHARMACEUTICAL INDUSTRIES LTD.,1,100ML
9547.00,TUTOLIN WITH CODEIN X 60,,TUTOLIN WITH CODEIN SYR X 60,Pharmacy,SYRUP,BOTTLE,,735,,1,100ML
6034000000000.00,TUXIL-C WITH  CODINE,,TUXIL-C WITH  CODINE SYR,Pharmacy,SYRUP,BOTTLE,,820,,1,1
6034000000000.00,TUXIL-D CHILDREN,,TUXIL-D CHILDREN SYR,Pharmacy,SYRUP,BOTTLE,,280,,1,1
6034000000000.00,TUXIL-D,,TUXIL-D SYR  100ML,Pharmacy,SYRUP,BOTTLE,,280,,1,100ML
6034000000000.00,TUXIL-N ADULT,,TUXIL-N ADULT SYR  100ML,Pharmacy,SYRUP,BOTTLE,,280,,1,100ML
6034000000000.00,TUXIL-N CHILDREN X 48,,TUXIL-N CHILDREN X 48 SYR,Pharmacy,SYRUP,BOTTLE,,325,,1,1
,tydibact plus,,TYDIBACT PLUS CREAM 30G X 1,Pharmacy,CREAM,TUBE,,336,OSWORTH NIG.LTD,1,1
6928620000000.00,TYDINEAL CREAM,,TYDINEAL CREAM,Pharmacy,,TUBE,,380,,1,1
6928620000000.00,tydisilXTRA,,TYDISILXTRA CREAM 20G,Pharmacy,CREAM,TUBE,,870,,1,1
,tylenol,,TYLENOL TABS 500MG X 24,Pharmacy,TABLETS,JAR,,4000,,1,1
1002626.00,ULGICID,,ULGICID SUSP  200ML,Pharmacy,SUSPENSION,BOTTLE,,905,,1,200ML
,ultra collagen(mason),,ULTRA COLLAGEN(MASON) CAPS X 100,Pharmacy,CAPSULES,JAR,,7400,megavox ltd,1,1
15000.00,UNASYN,,UNASYN INJ 1.5G,Pharmacy,INJECTION (POWDER),VIALS,,1100,,1,1
1007586.00,UNASYN,,UNASYN SYR,Pharmacy,SYRUP,BOTTLE,,2600,,1,1
7400.00,UNIGYL,,UNIGYL SYR  60ML,Pharmacy,SYRUP,BOTTLE,,188,,1,60ML
6439.00,UNIPLEX,,UNIPLEX SYR  100ML,Pharmacy,SYRUP,BOTTLE,,225,,1,100ML
6011886.00,UNITRIM,,UNITRIM SUSP  50ML,Pharmacy,SUSPENSION,BOTTLE,,295,,1,50ml
6012043.00,UNIVAL,,UNIVAL INJ 10MG X 1,Pharmacy,INJECTION (POWDER),AMPOULES,,320,,1,1
9972.00,UNIVERSAL BOTTLE,,UNIVERSAL BOTTLE   X 1,Pharmacy,,PCS,,45,,1,1
6013406.00,UPTAMIN,,UPTAMIN SYR 200ML X 1,Pharmacy,SYRUP,BOTTLE,,600,,1,1
8886430000000.00,URAH,,URAH CREAM 50G,Pharmacy,CREAM,TUBE,,2150,,1,50G
9175.00,URINE CAN,,URINE CAN,Pharmacy,,PCS,,50,,1,1
6011658.00,UTILEV,,UTILEV SYR 60ML X 1,Pharmacy,SYRUP,BOTTLE,,1250,,1,1
,valupak multi vitamin & iron,Mianserin,VALUPAK MULTI VITAMIN & IRON TABS X 50,Pharmacy,TABLETS,JAR,,750,GORBA JOHN INTERL LTD,1,1
1000846.00,vami cee,,VAMI CEE SYR  100ML,Pharmacy,SYRUP,BOTTLE,,178,TUYIL PHARMACEUTICAL INDUSTRIES LTD.,1,100ML
9908.00,VaMICEE,,VAMICEE DROPS  30ML,Pharmacy,ORAL DROPS,BOTTLE,,215,,1,30ML
1001052.00,VAMIREX,,VAMIREX SYR  X 1,Pharmacy,SYRUP,BOTTLE,,230,TUYIL PHARMACEUTICAL INDUSTRIES LTD.,1,60ML
1000840.00,VAMIRON,,VAMIRON SYR  200ML,Pharmacy,SYRUP,BOTTLE,,340,TUYIL PHARMACEUTICAL INDUSTRIES LTD.,1,200ML
1007441.00,VAMIRON,,VAMIRON SYR 1L,Pharmacy,SYRUP,BOTTLE,,685,,1,1
6013029.00,VAMIS TONIC,,VAMIS TONIC 1L,Pharmacy,,BOTTLE,,650,,1,1
9228.00,VAMIS TONIC,,VAMIS TONIC SYR  300ML,Pharmacy,SYRUP,BOTTLE,,960,,1,300ML
1000933.00,vamivite,,VAMIVITE SYR  100ML,Pharmacy,SYRUP,BOTTLE,,190,TUYIL PHARMACEUTICAL INDUSTRIES LTD.,1,100ML
7986.00,VAMOBION,,VAMOBION SYR  200ML,Pharmacy,SYRUP,BOTTLE,,330,,1,200ML
6013187.00,VANCOMYCIN,,VANCOMYCIN (EXCEL)  INJ 1G,Pharmacy,INJECTION (POWDER),VIALS,,2500,,1,1
1000175.00,VECUTEN,,VECUTEN CREAM  15G,Pharmacy,CREAM,TUBE,,1200,,1,15G
311845000000.00,VEIN ERECT,,VEIN ERECT (MANSON)  CAPS,Pharmacy,CAPSULES,JAR,,5250,,1,80
6012208.00,VEMFEN,,VEMFEN SYR 100MG/5ML X 1,Pharmacy,SYRUP,BOTTLE,,215,,1,1
1000256.00,VENTOLIN,Albuterol Sulfate,VENTOLIN INHALER 100MG 200 DOSES,Pharmacy,INHALER,BOTTLE,,1300,WWCVL (GSK),1,200 DOSES
6161100000000.00,VENTOLIN,,VENTOLIN SYR 100ML,Pharmacy,SYRUP,BOTTLE,,570,,1,100ML
6011560.00,VERZOL,,VERZOL SUSP 200MG 5ML,Pharmacy,SUSPENSION,BOTTLE,,150,,1,5ML
6013340.00,VESTMIN,,VESTMIN SYR  X 1,Pharmacy,SYRUP,BOTTLE,,700,,1,1
,VIBOOST E,,VIBOOST E CAPS 1000IU X 50,Pharmacy,CAPSULES,JAR,,3050,E-MEC IMPEX COMPANY LTD,1,1
2154.00,VICILIN  BALM,,VICILIN  BALM 30GM,Pharmacy,,BOTTLE,,190,DAILY-NEED INDUSTRIES LTD.,1,1
6721.00,vicks inhaler UK,,VICKS INHALER UK   X 1,Pharmacy,,PCS,,1280,,1,1
4836.00,VICLOX,,VICLOX SUSP 125MG/5ML 100ML,Pharmacy,SUSPENSION,BOTTLE,,90,,1,100ML
1007982.00,VICTOZA,,VICTOZA INJ 3ML,Pharmacy,INJECTION (SOLUTION),VIALS,,27130,,1,1
8902320000000.00,ViFAZER  COUGH,,VIFAZER  COUGH SYR 100ML,Pharmacy,SYRUP,BOTTLE,,620,,1,1
1007759.00,VIFEX 100ml,,VIFEX 100ML SYR,Pharmacy,SYRUP,BOTTLE,,250,,1,1
6013107.00,VIGO,,VIGO CAPS X 30,Pharmacy,CAPSULES,JAR,,1950,,1,1
6034000000000.00,VINAQUIN,,VINAQUIN SYR  60ML,Pharmacy,SYRUP,BOTTLE,,455,MAY & BAKER NIGERIA PLC,1,60ML
6013278.00,VINCID GEL,,VINCID GEL SUSP  X 1,Pharmacy,SUSPENSION,BOTTLE,,350,,1,1
6013279.00,VINTONE,,VINTONE SYR  200MLS,Pharmacy,SYRUP,BOTTLE,,350,,1,200mls
UVIR18,VIREST,Acyclovir,VIREST CREAM 5% 5G,Pharmacy,CREAM,TUBE,,995,HOVID,1,5G
,virgin coconut oil caps(agewell),,VIRGIN COCONUT OIL CAPS(AGEWELL)   X 1,Pharmacy,,JAR,,4700,AGEWELL HEALTHCARE LTD,1,1
,VISCETRIN,,VISCETRIN SUSP  X 1,Pharmacy,SUSPENSION,BOTTLE,,370,VISKO PHARMACY LTD,1,1
108904000000000.00,viscof expectorant,,VISCOF EXPECTORANT SYR 100ML,Pharmacy,SYRUP,BOTTLE,,620,,1,1
108904000000000.00,viscof-s,,VISCOF-S SYR 100ML,Pharmacy,SYRUP,BOTTLE,,604,,1,1
8993210000000.00,VISINE,,VISINE EYE DROPS 15ML,Pharmacy,EYE DROPS,BOTTLE,,1180,,1,15ML
615225000000.00,VISION PlUS,,VISION PLUS CAPS X 120,Pharmacy,CAPSULES,JAR,,8000,,1,1
25683820301.00,VISION PlUS X 30,,VISION PLUS X 30 CAPS,Pharmacy,CAPSULES,JAR,,3750,,1,1
25683820608.00,vision plus x 60,,VISION PLUS X 60 CAPS,Pharmacy,CAPSULES,JAR,,5100,,1,1
4636.00,Visita,,VISITA CREAM 1% 25GM,Pharmacy,CREAM,TUBE,,240,,1,1
1001442.00,Visita plus x 12,,VISITA PLUS X 12 CREAM 30G,Pharmacy,CREAM,TUBE,,320,ELBE PHARMA NIG LTD,1,1
,VISKOMYCIN,,VISKOMYCIN SUSP  X 1,Pharmacy,SUSPENSION,BOTTLE,,450,VISKO PHARMACY LTD,1,1
254635.00,VIT -C 2LITRE,,VIT -C 2LITRE SYR,Pharmacy,SYRUP,JAR,,650,BESPHA PHARM NIGERIA LTD,1,1
311845000000.00,VIT B COMPLEX(MASON),,VIT B COMPLEX(MASON) CAPS X 100,Pharmacy,CAPSULES,BOTTLE,,1150,,1,1
9133.00,VIT C(NATURE MADE),,VIT C(NATURE MADE) CAPLET 500MG X 100,Pharmacy,CAPLET,BOTTLE,,1000,,1,1
25248.00,VIT-B 12 INJ,,VIT-B 12 INJ INJ X 1,Pharmacy,INJECTION (SOLUTION),VIALS,,15,THINE FOREVER PHARMACEUTIAL,1,1
10153.00,VITA WATE EMULSION,,VITA WATE EMULSION 300ML,Pharmacy,,BOTTLE,,3300,,1,1
6012979.00,vita-kid amino,,VITA-KID AMINO SYR X 1,Pharmacy,SYRUP,BOTTLE,,650,,1,1
1073.00,Vitacee,,VITACEE DROPS 15ML,Pharmacy,ORAL DROPS,BOTTLE,,135,,1,15ML
1076.00,VITACEE,,VITACEE SYR  100ML,Pharmacy,SYRUP,BOTTLE,,165,,1,100ML
6011901.00,vitaglobin,,VITAGLOBIN SYR  150ML {VITANE},Pharmacy,SYRUP,BOTTLE,,1755,,1,150ML
6013242.00,VITAMIN A,Vitamin A,VITAMIN A (PURITANS PRIDE)  SOFTGEL 8000IU X 100,Pharmacy,SOFTGEL,JAR,,1250,,1,1
8302.00,VITAMIN A,,VITAMIN A SYR  200ML {CAMPHARM},Pharmacy,SYRUP,BOTTLE,,425,,1,200ML
,vitamin A(21 century),,VITAMIN A(21 CENTURY) SOFTGEL 3000MCG(10000IU) X 110,Pharmacy,SOFTGEL,JAR,,2500,megavox ltd,1,1
311845000000.00,VITAMIN A(MASON),Vitamin A,VITAMIN A(MASON) CAPS 10000 IU X 100,Pharmacy,CAPSULES,JAR,,2250,,1,1
1007711.00,VITAMIN A(NATURE FIELD),,VITAMIN A(NATURE FIELD) CAPS 10000 IU,Pharmacy,CAPSULES,JAR,,2080,,1,1
6011246.00,vitamin a(sundownnaturals),,VITAMIN A(SUNDOWNNATURALS)  10000IU X 100,Pharmacy,,JAR,,900,,1,1
11218.00,VITAMIN B CO ( LEADY),,VITAMIN B CO ( LEADY) SYR 2L,Pharmacy,SYRUP,BOTTLE,,860,,1,1
8331.00,VITAMIN B CO (ARCHY),,VITAMIN B CO (ARCHY) SYR  X 1,Pharmacy,SYRUP,BOTTLE,,140,,1,100ML
6013209.00,VITAMIN B CO,,VITAMIN B CO (GAUZE) 2L,Pharmacy,,JAR,,1050,,1,1
6013484.00,VITAMIN B CO (GAUZE),,VITAMIN B CO (GAUZE) TABS  X 1000,Pharmacy,TABLETS,JAR,,430,,1,1
7960.00,VITAMIN B CO,,VITAMIN B CO (MOPSON)  SYR 2L,Pharmacy,SYRUP,JAR,,2050,,1,1
7826.00,VITAMIN B CO 100ML,,VITAMIN B CO 100ML (MOP)  SYR,Pharmacy,SYRUP,BOTTLE,,185,,1,1
8069.00,VITAMIN B CO,,VITAMIN B CO SYR  X 1 {KP} 100ML,Pharmacy,SYRUP,BOTTLE,,85,,1,1
9802.00,VITAMIN B CO,,VITAMIN B CO TABS X 1000,Pharmacy,TABLETS,JAR,,570,,1,1
1002035.00,VITAMIN B CO X 100,,VITAMIN B CO X 100 (MEYER)  TABS,Pharmacy,TABLETS,JAR,,285,,1,1
6009599.00,vitamin b co(banbiz),,VITAMIN B CO(BANBIZ)  2L X 1,Pharmacy,,JAR,,935,,1,1
6010245.00,vitamin b co(emzor) x 1000,,VITAMIN B CO(EMZOR) X 1000 TABS,Pharmacy,TABLETS,JAR,,720,,1,1
,VITAMIN B CO(FIDSON),,VITAMIN B CO(FIDSON) SYR  100ML,Pharmacy,SYRUP,BOTTLE,,210,,1,100ML
6010773.00,vitamin b co(meyer),,VITAMIN B CO(MEYER) SYR X 1,Pharmacy,SYRUP,BOTTLE,,140,,1,1
8192.00,VITAMIN B CO(MULTI CO),,VITAMIN B CO(MULTI CO) SYR 2L,Pharmacy,SYRUP,JAR,,945,,1,1
311845000000.00,VITAMIN B COMPLEX,,VITAMIN B COMPLEX (MASON)  TABS,Pharmacy,TABLETS,JAR,,1980,,1,60
,vitamin B complex plus vit.C(21 century),,VITAMIN B COMPLEX PLUS VIT.C(21 CENTURY) TABS X 100,Pharmacy,TABLETS,JAR,,2800,megavox ltd,1,1
6012542.00,VITAMIN B(MASON NATURAL),,VITAMIN B(MASON NATURAL) TABS 100MG X 100,Pharmacy,TABLETS,JAR,,2010,,1,1
8351.00,VITAMIN B-CO,,VITAMIN B-CO SYR  X 1 {MEYER},Pharmacy,SYRUP,BOTTLE,,140,,1,100ML
311845000000.00,VITAMIN B1  (MASON),,VITAMIN B1  (MASON) TABS 100MG X 1,Pharmacy,TABLETS,JAR,,2800,,1,100
11404.00,VITAMIN B12,,VITAMIN B12 (MASON)  TABS  X 100,Pharmacy,TABLETS,JAR,,2700,,1,1
6009494.00,vitamin b12(nature field) x 100,,VITAMIN B12(NATURE FIELD) X 100 TABS,Pharmacy,TABLETS,JAR,,2600,,1,1
7874.00,VITAMIN B2 RIBOFLAVIN,,VITAMIN B2 (RIBOFLAVIN) TABS  X 1000,Pharmacy,TABLETS,JAR,,450,,1,1
6009164.00,vitamin b6(mason) X100,,VITAMIN B6(MASON) X100 CAPS,Pharmacy,CAPSULES,JAR,,2300,,1,1
6009495.00,vitamin b6(nature field) x 100,,VITAMIN B6(NATURE FIELD) X 100 TABS,Pharmacy,TABLETS,JAR,,2950,,1,1
6012385.00,vitamin b6(P/P) X 100,,VITAMIN B6(P/P) X 100,Pharmacy,,JAR,,1550,,1,1
,VITAMIN C  EFFEREVENCE TURKEY,,VITAMIN C  EFFEREVENCE TURKEY TABS 1000MG X 10,Pharmacy,TABLETS,JAR,,800,LIFEMEANS STANDARD LIMITED,1,1
6011166.00,ViTAMIN C & E(PIPINGROCK),,VITAMIN C & E(PIPINGROCK) X 100,Pharmacy,,JAR,,2700,,1,1
,VITAMIN C (21 CENTURY),,VITAMIN C (21 CENTURY) TABS 1000MG X 110,Pharmacy,TABLETS,JAR,,3900,megavox ltd,1,1
,VITAMIN C (21 CENTURY),,VITAMIN C (21 CENTURY) TABS 500MG X 110,Pharmacy,TABLETS,JAR,,2600,,1,1
,VITAMIN C (21 CENTURY)CHEWABLE,,VITAMIN C (21 CENTURY)CHEWABLE TABS 500MG X 110,Pharmacy,TABLETS,JAR,,3100,megavox ltd,1,1
,VITAMIN C (ALFA),,VITAMIN C (ALFA) TABS 100MG X 100,Pharmacy,TABLETS,JAR,,3450,MARK PHARM LTD.,1,1
8052.00,VITAMIN C,,VITAMIN C (ARCHY) 100ML SYR,Pharmacy,SYRUP,BOTTLE,,140,,1,100
9142.00,VITAMIN C,,VITAMIN C (BOND)  TABS X 1000,Pharmacy,TABLETS,JAR,,400,,1,1
6012943.00,VITAMIN C (CHEWABLE) N/F,,VITAMIN C (CHEWABLE) N/F TABS 500MG X 60,Pharmacy,TABLETS,JAR,,3850,,1,1
6012893.00,vitamin c,,VITAMIN C (ELFIMO)  SYR 100ML X 1,Pharmacy,SYRUP,BOTTLE,,210,,1,1
1009136.00,VITAMIN C (EMZOR CHEWA),,VITAMIN C (EMZOR CHEWA) TABS  X 1000,Pharmacy,TABLETS,JAR,,1550,EMZOR PHARMACEUTICAL INDUSTRIES,1,1
6154000000000.00,VITAMIN C (EMZOR WHITE),,VITAMIN C (EMZOR WHITE) TABS  X 1000,Pharmacy,TABLETS,JAR,,1550,,1,1
,vitamin c,,VITAMIN C (EMZOR)  TABS 100MG X 100,Pharmacy,TABLETS,JAR,,348,,1,1
,VITAMIN C (EUROBOOST),,VITAMIN C (EUROBOOST) TABS 1000MG X 20,Pharmacy,TABLETS,JAR,,1150,EUROMED LTD.,1,1
6013211.00,VITAMIN C,,VITAMIN C (GAUZE) 2L,Pharmacy,,JAR,,1017,,1,1
9499.00,VITAMIN C,,VITAMIN C (GOZZE)  SYR 2L,Pharmacy,SYRUP,BOTTLE,,970,,1,1
6012755.00,VITAMIN C,,VITAMIN C (GREENS)  TABS 1000MG X 100,Pharmacy,TABLETS,JAR,,3600,,1,1
6012756.00,VITAMIN C,,VITAMIN C (GREENS)  TABS 500MG X 100,Pharmacy,TABLETS,JAR,,1195,,1,1
311845000000.00,VITAMIN C,Ascorbic Acid (Vitamin C),VITAMIN C (MASON)  TABS 1000MG X 100,Pharmacy,TABLETS,JAR,,4800,,1,1
9633.00,VITAMIN C white,,VITAMIN C (MOPSON) TABS  X 1000,Pharmacy,TABLETS,JAR,,1250,,1,1
6012785.00,VITAMIN C,,VITAMIN C (MOXIE) SYR  100ML,Pharmacy,SYRUP,BOTTLE,,590,,1,100ML
6012714.00,vitamin c,,VITAMIN C (NATSUREMIN)  CAPLET 1000MG X 100,Pharmacy,CAPLET,JAR,,3600,,1,1
799873000000.00,vitamin c (nature field) x 50,,VITAMIN C (NATURE FIELD) X 50 TABS 1000MG,Pharmacy,TABLETS,JAR,,1500,,1,1
713757000000.00,VITAMIN C (NATURE'S FIELD) X100,,VITAMIN C (NATURE'S FIELD) X100 TABS 500MG,Pharmacy,TABLETS,JAR,,5350,,1,1
,vitamin c (prolife)x17,,VITAMIN C (PROLIFE)X17 TABS 102G X 1,Pharmacy,TABLETS,JAR,,1350,GLAMAZONE GLOBAL CONCEPT,1,1
,VITAMIN C (TYONEX)CHEWABLE,,VITAMIN C (TYONEX)CHEWABLE TABS 100MG X 100,Pharmacy,TABLETS,JAR,,250,TYONEX NIGERIA LIMITED,1,1
,VITAMIN C (TYONEX)WHITE,,VITAMIN C (TYONEX)WHITE TABS 100MG X 100,Pharmacy,TABLETS,JAR,,230,TYONEX NIGERIA LIMITED,1,1
6009565.00,vitamin c 2l(banbiz),,VITAMIN C 2L(BANBIZ) X 1,Pharmacy,,JAR,,935,,1,1
311845000000.00,VITAMIN C MASON,,VITAMIN C 500MG (MASON) TAB X 100,Pharmacy,TABLETS,JAR,,2200,,1,1
1009133.00,VITAMIN C CHEW (KUNIMED),,VITAMIN C CHEW (KUNIMED) TABS  X 1000,Pharmacy,TABLETS,JAR,,685,,1,1
7549.00,VITAMIN C CHEW MOP,Ascorbic Acid (Vitamin C),VITAMIN C CHEW (MOPSON) TABS  X 1000,Pharmacy,TABLETS,JAR,,1250,,1,1
6012905.00,vitamin c chewable,,VITAMIN C CHEWABLE (GREEN)  TABS 500MG X 100,Pharmacy,TABLETS,JAR,,2500,,1,1
,vitamin c chewable (mason),,VITAMIN C CHEWABLE (MASON) TABS 500MG X 100,Pharmacy,TABLETS,JAR,,3600,megavox ltd,1,1
,VITAMIN C CHEWABLE,,VITAMIN C CHEWABLE (ORGANIC HEALTH)  TABS 1000MG X 50,Pharmacy,TABLETS,JAR,,3500,,1,1
,vitamin c chewable(bio-well),,VITAMIN C CHEWABLE(BIO-WELL) TABS 1000MGS X 60,Pharmacy,TABLETS,JAR,,3500,CARE VANTAGE,1,1
,VITAMIN C CHEWABLE(EMZOR),,VITAMIN C CHEWABLE(EMZOR) TABS 100MG X 100,Pharmacy,TABLETS,JAR,,360,EMZOR PHARMACEUTICAL INDUSTRIES,1,1
6013378.00,VITAMIN C COLORED (ORFE-C),,VITAMIN C COLORED (ORFE-C) TABS  X 100,Pharmacy,TABLETS,JAR,,240,,1,1
,VITAMIN C HIGH STRENGTH(PROLIFE),,VITAMIN C HIGH STRENGTH(PROLIFE) TABS 1000MG X 20,Pharmacy,TABLETS,JAR,,1750,GLAMAZONE GLOBAL CONCEPT,1,1
,VITAMIN C IMMUNECARE CHEWABLE(BIOFEM),,VITAMIN C IMMUNECARE CHEWABLE(BIOFEM) TABS 500MG X 30,Pharmacy,TABLETS,JAR,,3300,BIOFEM PHAMACEUTICAL (NIGERIA) LIMITED,1,1
1009134.00,VITAMIN C INJ,,VITAMIN C INJ 5ML,Pharmacy,,AMPOULES,,40,,1,1
6008657.00,VITAMIN C ORANGE(KUNIMED,,VITAMIN C ORANGE(KUNIMED TABS 100MG X 100,Pharmacy,TABLETS,JAR,,330,,1,1
8245.00,VITAMIN C,,VITAMIN C TABS 100MG {CHEMO} X 1000,Pharmacy,TABLETS,JAR,,1300,,1,1
6152110000000.00,VITAMIN C WHITE (KUNIMED),,VITAMIN C WHITE (KUNIMED) TABS 100MG X 100,Pharmacy,TABLETS,JAR,,330,,1,1
1009132.00,VITAMIN C white (MULTI COY),,VITAMIN C WHITE (MULTI COY) TABS 100MG X 100,Pharmacy,TABLETS,JAR,,145,,1,1
6013379.00,VITAMIN C WhITE (ORFE-C),,VITAMIN C WHITE (ORFE-C) TABS 1 X 100,Pharmacy,TABLETS,JAR,,240,,1,1
,VITAMIN C WITH BIOFLAVONOIDS,,VITAMIN C WITH BIOFLAVONOIDS CAPS 1000MG X 250,Pharmacy,CAPSULES,JAR,,5500,UZORMARK GLOBAL SERVICE LTD,1,1
11216.00,VITAMIN C( LEADY),,VITAMIN C( LEADY) SYR 2L,Pharmacy,SYRUP,BOTTLE,,650,,1,1
6009885.00,VITAMIN C(CHEW) X 1000(MULTICOY),,VITAMIN C(CHEW) X 1000(MULTICOY),Pharmacy,,JAR,,685,,1,1
6012311.00,ViTAMIN C(FIDSON),,VITAMIN C(FIDSON) SYR 100ML,Pharmacy,SYRUP,BOTTLE,,200,,1,1
6011005.00,vitamin c(jar) n/f 1000mg,,VITAMIN C(JAR) N/F 1000MG X 100,Pharmacy,,JAR,,3700,,1,1
1009129.00,VITAMIN C(KUNIMED) WHITE,,VITAMIN C(KUNIMED) WHITE TABS 100MG X 1000,Pharmacy,TABLETS,JAR,,685,,1,1
1009131.00,VITAMIN C(MULTI COY),,VITAMIN C(MULTI COY) SYR 2L,Pharmacy,SYRUP,JAR,,1120,,1,1
,VITAMIN C(Nature field),,VITAMIN C(NATURE FIELD) TABS 1500MG X 60,Pharmacy,TABLETS,JAR,,5350,SYLKEN LIMITED,1,1
6010184.00,vitamin c(nature field) x 30,,VITAMIN C(NATURE FIELD) X 30 TABS 1000MG,Pharmacy,TABLETS,JAR,,1350,,1,1
625273000000.00,ViTAMIN C(NATURESMART),,VITAMIN C(NATURESMART)  1000MG X 30,Pharmacy,,PCS,,44100,,30,1
,VITAMIN C(NEW AGE),,VITAMIN C(NEW AGE) TABS 1000MG X 100,Pharmacy,TABLETS,JAR,,3600,LIFEMEANS STANDARD LIMITED,1,1
6012244.00,vitamin c(organic health),,VITAMIN C(ORGANIC HEALTH) TABS 1000MG X 100,Pharmacy,TABLETS,JAR,,4000,,1,1
74312106903.00,VITAMIN C(PURITAN'S PRIDE),,VITAMIN C(PURITAN'S PRIDE) TABS 1000MG X 100,Pharmacy,TABLETS,JAR,,2350,,1,1
1008690.00,VITAMIN C(WHITE) X1000 (MUTICOY),,VITAMIN C(WHITE) X1000 (MUTICOY) TABS,Pharmacy,TABLETS,BOTTLE,,1500,,1,1
1008831.00,VITAMIN D (NATURE'S MEASURE),,VITAMIN D (NATURE'S MEASURE) CAPS 400IU,Pharmacy,CAPSULES,BOTTLE,,1540,,1,1
6011563.00,VITAMIN D,,VITAMIN D (PURITANS PRIDE)  CAPS 10000IU X 100,Pharmacy,CAPSULES,JAR,,5300,,1,1
15492.00,VITAMIN D 1000IU,,VITAMIN D 1000IU CAPS X 60,Pharmacy,CAPSULES,JAR,,3800,,1,1
25077306855.00,VITAMIN D 5000IU,,VITAMIN D 5000IU CAPS,Pharmacy,CAPSULES,JAR,,4800,,1,1
15493.00,VITAMIN D 5000IU DROP,,VITAMIN D 5000IU DROP,Pharmacy,,BOTTLE,,1610,,1,1
1009138.00,VITAMIN D X 90,,VITAMIN D X 90  5000IU X 1,Pharmacy,,JAR,,1735,,1,1
6010596.00,vitamin d(mason) x 100,,VITAMIN D(MASON) X 100 CAPS,Pharmacy,CAPSULES,JAR,,2750,,1,1
6009217.00,vitamin d(nature field) x 60,,VITAMIN D(NATURE FIELD) X 60  100ML,Pharmacy,,JAR,,2610,,1,1
6008930.00,vitamin d(puritan's pride),,VITAMIN D(PURITAN'S PRIDE) CAPS 4000IU,Pharmacy,CAPSULES,JAR,,1,,1,1
25077156054.00,VITAMIN D3,,VITAMIN D3 (NATURE FIELD)  TABS 1000IU [JAR] X 100,Pharmacy,TABLETS,JAR,,2720,,1,1
,VITAMIN D3(21 CENTURY),,VITAMIN D3(21 CENTURY) TABS 10MCG(400IU) X 100,Pharmacy,TABLETS,JAR,,1800,megavox ltd,1,1
,VITAMIN D3(21 CENTURY),,VITAMIN D3(21 CENTURY) TABS 125MCG(5000IU) X 110,Pharmacy,TABLETS,JAR,,5000,,1,1
,VITAMIN D3(21 CENTURY),,VITAMIN D3(21 CENTURY) TABS 2000IU X 110,Pharmacy,TABLETS,JAR,,3650,megavox ltd,1,1
,VITAMIN D3(21 CENTURY),,VITAMIN D3(21 CENTURY) TABS 25MCG(1000IU) X 110,Pharmacy,TABLETS,JAR,,3600,megavox ltd,1,1
,VITAMIN D3(MASON),,VITAMIN D3(MASON) SOFTGEL 1000IU X 60,Pharmacy,SOFTGEL,JAR,,2550,megavox ltd,1,1
,vitamin d3(mason),,VITAMIN D3(MASON) SOFTGEL 2000IU(50MCG) X 60,Pharmacy,SOFTGEL,JAR,,3500,megavox ltd,1,1
,vitamin d3(mason),,VITAMIN D3(MASON) SOFTGEL 400IU(10MCG) X 100,Pharmacy,SOFTGEL,JAR,,3000,megavox ltd,1,1
,vitamin d3(NATURES FIELD),,VITAMIN D3(NATURES FIELD) CAPS 50001U X 100,Pharmacy,CAPSULES,JAR,,3600,SYLKEN LIMITED,1,1
,VITAMIN D3+K2 (OAKLIFE),,VITAMIN D3+K2 (OAKLIFE) SOFTGEL 5000IU+100MCG X 100,Pharmacy,SOFTGEL,JAR,,5200,OAKLEAF PHARM,1,1
,vitamin e,,VITAMIN E (DAILY PRIDE)  SOFTGEL 1000IU X 100,Pharmacy,SOFTGEL,JAR,,4800,,1,1
,vitamin e (earth's creation),,VITAMIN E (EARTH'S CREATION) SOFTGEL 1000IU X 100,Pharmacy,SOFTGEL,JAR,,5800,,1,1
6013182.00,VITAMIN E,,VITAMIN E (ELA(JAR))  CAPS 1000IU X 50,Pharmacy,CAPSULES,JAR,,1600,,1,1
6012070.00,ViTAMIN E (GMP),,VITAMIN E (GMP) SOFTGEL 1000IU X 50,Pharmacy,SOFTGEL,JAR,,2005,,1,1
,vitamin e (healthpath natural),Vitamin E,VITAMIN E (HEALTHPATH NATURAL) SOFTGEL 1000IU X 100,Pharmacy,SOFTGEL,JAR,,3200,DIVINE MORNING STAR VENTURES,1,1
,VITAMIN E (KRIKLAND),,VITAMIN E (KRIKLAND) SOFTGEL 1000I.U X 100,Pharmacy,SOFTGEL,JAR,,3500,DIVINE MORNING STAR VENTURES,1,1
6012198.00,VITAMIN E (MASON),,VITAMIN E (MASON) SOFTGEL 1000IU X 100,Pharmacy,SOFTGEL,JAR,,5950,,1,1
,VITAMIN E,,VITAMIN E (NATURAL ACCESS)  SOFTGEL 1000IU X 100,Pharmacy,SOFTGEL,JAR,,4500,,1,1
799873000000.00,VITAMIN E (NATURE / FIELD),,VITAMIN E (NATURE / FIELD) CAPS 1000MG X 100,Pharmacy,CAPSULES,JAR,,6750,,1,1
8906050000000.00,VITAMIN E,Vitamin E,VITAMIN E (UNBRANDED)  INJ 2ML,Pharmacy,INJECTION (SOLUTION),AMPOULES,Other antineoplastic drugs,65,,1,1
311845000000.00,VITAMIN E X 50,,VITAMIN E 10000IU (MASON) CAP X 50,Pharmacy,CAPSULES,JAR,,3630,,1,1
1008823.00,VITAMIN E 400IU X (NATURE''S MEASURE),,VITAMIN E 400IU X (NATURE''S MEASURE) X 30,Pharmacy,,JAR,,1100,,1,1
,vitamin e(21 century),,VITAMIN E(21 CENTURY) SOFTGEL 180MG(400IU) X 110,Pharmacy,SOFTGEL,JAR,,3800,megavox ltd,1,1
,vitamin e(21 century),,VITAMIN E(21 CENTURY) SOFTGEL 450MG(1000IU) X 55,Pharmacy,SOFTGEL,JAR,,4000,megavox ltd,1,1
,vitamin e(alfa),,VITAMIN E(ALFA) SOFTGEL 1000IU X 100,Pharmacy,SOFTGEL,JAR,,7000,MARK PHARM LTD.,1,1
1002906.00,VITAMIN E(ARCHY'S) 1000 I.U. CAPS X 50,,VITAMIN E(ARCHY'S) 1000 I.U. CAPS X 50,Pharmacy,,BOTTLE,,2350,,1,1
6008861.00,VITAMIN E(EMBASSY),,VITAMIN E(EMBASSY) CAPS 1000IU X 50,Pharmacy,CAPSULES,JAR,,95000,EMBASSY PHARMCEUTICAL AND CHEM. LTD,50,1
6011637.00,ViTAMIN E(HILLS NATURAL),,VITAMIN E(HILLS NATURAL) CAPS X 100,Pharmacy,CAPSULES,JAR,,3800,,1,1
6009543.00,VITAMIN E(HILLS NATURAL) X 50,,VITAMIN E(HILLS NATURAL) X 50 SOFTGEL 1000IU,Pharmacy,SOFTGEL,JAR,,1950,,1,1
6009361.00,vitamin e(mason) x 100,,VITAMIN E(MASON) X 100  400IU,Pharmacy,,JAR,,2070,,1,1
799873000000.00,vitamin e(n/f) x 50,,VITAMIN E(N/F) X 50  1000MG,Pharmacy,,JAR,,2140,,1,1
1008703.00,VITAMIN E(PURITAN PRIDE)X50,,VITAMIN E(PURITAN PRIDE)X50,Pharmacy,,JAR,,2135,,1,1
74312117817.00,VITAMIN E(PURITAN'S  PRIDE) X 100,,VITAMIN E(PURITAN'S  PRIDE) X 100  1000IU,Pharmacy,,JAR,,4000,,1,1
6013332.00,VITAMIN K (PP),,VITAMIN K (PP)  100MG X 100,Pharmacy,,JAR,,1500,,1,1
11189.00,VITAMIN K 1,,VITAMIN K 1 INJ,Pharmacy,INJECTION (SOLUTION),AMPOULES,,135,,1,1
9811.00,VITAMIN K TAB 3MG,,VITAMIN K3 TABS  X 100,Pharmacy,TABLETS,JAR,,750,,1,1
4204000000000.00,VITANE ORAL LIQUID 200ML,,VITANE ORAL LIQUID 200ML SYR,Pharmacy,SYRUP,BOTTLE,,3560,,1,1
6008934.00,VITAPROST,,VITAPROST EYE DROPS  X 1,Pharmacy,EYE DROPS,BOTTLE,,3900,,1,1
,VITAWIN C-MAX VIT.C,vitamin C,VITAWIN C-MAX VIT.C TABS 500MG X 30,Pharmacy,TABLETS,JAR,,1100,PDRUGS PHARMACY LIMITED,1,1
,VITAWIN IMMUWIN,,VITAWIN IMMUWIN TABS X 60,Pharmacy,TABLETS,JAR,,2350,PDRUGS PHARMACY LIMITED,1,1
,VITAWIN MAN 50+,,VITAWIN MAN 50+ TABS X 60,Pharmacy,TABLETS,JAR,,2250,PDRUGS PHARMACY LIMITED,1,1
,VITAWIN MAN,,VITAWIN MAN TABS X 60,Pharmacy,TABLETS,JAR,,2200,PDRUGS PHARMACY LIMITED,1,1
,VITAWIN WOMAN 50+,,VITAWIN WOMAN 50+ TABS X 60,Pharmacy,TABLETS,JAR,,2250,PDRUGS PHARMACY LIMITED,1,1
,VITAWIN WOMAN,,VITAWIN WOMAN TABS X 60,Pharmacy,TABLETS,JAR,,2200,PDRUGS PHARMACY LIMITED,1,1
610257000000.00,ViTEX CHASTE TREE,,VITEX CHASTE TREE CAPS 410MG X 100,Pharmacy,CAPSULES,JAR,,4500,,1,1
5152.00,VITREOLENT,,VITREOLENT EYE DROPS  10ML,Pharmacy,EYE DROPS,BOTTLE,,1700,,1,10ML
4728.00,VITRICINE,,VITRICINE EYE DROPS,Pharmacy,EYE DROPS,BOTTLE,,750,,1,1
6009299.00,vocal zone,,VOCAL ZONE TABS  X 20,Pharmacy,TABLETS,TABS,,1200,,20,10
1646.00,VOLTAREN EMULGEL,Diclofenac,VOLTAREN EMULGEL  20G,Pharmacy,CREAM,TUBE,,820,WWCVL (GSK-CX),1,20G
8699500000000.00,VOLTAREN EMULGEL,,VOLTAREN EMULGEL  50G,Pharmacy,CREAM,TUBE,,1750,WWCVL (GSK-CX),1,50G
3587380000000.00,voltaren,Diclofenac,VOLTAREN EYE DROPS  5ML,Pharmacy,EYE DROPS,BOTTLE,,2650,,1,5ML
6778.00,voltaren,Diclofenac,VOLTAREN INJ 75MG/3ML X 1,Pharmacy,INJECTION (SOLUTION),AMPOULES,,1450,,1,1
6012034.00,vvs 10,,VVS 10 CAPS X 60,Pharmacy,CAPSULES,JAR,,3400,,1,1
1000095.00,WATE ON TONIC,,WATE ON TONIC SYR  X 1,Pharmacy,SYRUP,BOTTLE,,2850,,1,450ML
1007842.00,WaTER CARE,,WATER CARE 100ML,Pharmacy,,BOTTLE,,235,,1,1
1798.00,WATER FOR INJECTION,"Water For Injection, Sterile",WATER FOR INJECTION INJ X 1,Pharmacy,INJECTION (SOLUTION),VIALS,,35,,1,1
6011928.00,WELCO-B-COMPLEX,,WELCO-B-COMPLEX SYR  100ML,Pharmacy,SYRUP,BOTTLE,,130,,1,100ML
6010893.00,well baby drop,,WELL BABY DROP  30ML X 1,Pharmacy,,BOTTLE,,2950,,1,1
,well baby vit d,,WELL BABY VIT D DROPS 400IU 30ML,Pharmacy,ORAL DROPS,BOTTLE,,2200,,1,30ml
5021270000000.00,WELL KID (BABY & INFANT),,WELL KID (BABY & INFANT) SYR,Pharmacy,SYRUP,BOTTLE,,2950,,1,1
6011977.00,WELL KID DROP,,WELL KID DROP X 1,Pharmacy,,BOTTLE,,2100,,1,1
,well kid,,WELL KID SYR (4-12YRS) 200ML,Pharmacy,SYRUP,BOTTLE,,2800,,1,200ml
5683.00,WELTONIC 200ML,,WELTONIC 200ML SYR,Pharmacy,SYRUP,BOTTLE,,245,,1,1
1007536.00,WELTONIC EXTRA 1L,,WELTONIC EXTRA 1L SYR,Pharmacy,SYRUP,BOTTLE,,665,,1,1
1007537.00,WELTONIC EXTRA 750ML,,WELTONIC EXTRA 750ML SYR,Pharmacy,SYRUP,BOTTLE,,260,,1,1
7985.00,WELTONIC,,WELTONIC SYR  100ML,Pharmacy,SYRUP,BOTTLE,,110,,1,100ML
,WHEY PROTEIN,,WHEY PROTEIN (PERFECT) POWDER  726G,Pharmacy,POWDER,JAR,,18500,,1,726g
,WHEY PROTEIN,,WHEY PROTEIN (SIX STARS)  POWDER 64G X 1,Pharmacy,POWDER,JAR,,20000,LIFEMEANS STANDARD LIMITED,1,1
,WHEY PROTEIN BODY FORTRESS,,WHEY PROTEIN BODY FORTRESS POWDER 60G 12G X 1,Pharmacy,POWDER,JAR,,20000,LIFEMEANS STANDARD LIMITED,1,1
6010556.00,WHEY PROTEIN,,WHEY PROTEIN X 1,Pharmacy,,JAR,,12000,,1,1
,whey up,,WHEY UP POWDER  2000G,Pharmacy,POWDER,JAR,,30000,,1,2000g
1000204.00,WHITFIELD'S,,WHITFIELD'S OINTMENT 20G,Pharmacy,SKIN OINTMENT,TUBE,,390,DRUGFIELD PHARMACEUTICALS LIMITED,1,1
,WHITFIELD(FIDSON),,WHITFIELD(FIDSON) OINTMENT 25G X 1,Pharmacy,SKIN OINTMENT,TUBE,,220,FIDSON HEALTHCARE PLC,1,1
1002216.00,WIPPER EYE,,WIPPER EYE CAPS,Pharmacy,CAPSULES,JAR,,1405,,1,1
7688.00,Wormin,,WORMIN SUSP  XML,Pharmacy,SUSPENSION,BOTTLE,,90,,1,XML
,wormzap(UNIQUE),,WORMZAP(UNIQUE) SYR 100MG X 1,Pharmacy,SYRUP,BOTTLE,,250,,1,1
1559.00,WOSAN,,WOSAN CREAM,Pharmacy,CREAM,TUBE,,375,,1,1
1008614.00,Wosan,,WOSAN MOUTHWASH X 1,Pharmacy,MOUTHWASH,BOTTLE,,350,,1,1
,X-TEND MALE ENHANCEMENT,,X-TEND MALE ENHANCEMENT TABS  X 60,Pharmacy,TABLETS,JAR,,7000,,1,1
1003550.00,0,,XALACOM EYE DROPS 0.4% 2.5ML,Pharmacy,EYE DROPS,BOTTLE,,5150,WWCVL (NOVO),1,1
1001153.00,XALATAN,Latanoprost,XALATAN EYE DROPS  2.5ML,Pharmacy,EYE DROPS,BOTTLE,,4800,WWCVL (NOVO),1,2.5ML
15283.00,XALOST(LATANOPROST),,XALOST(LATANOPROST) EYE DROPS 2.5ML,Pharmacy,EYE DROPS,BOTTLE,,5150,,1,1
,xtreme 2000,,XTREME 2000 CAPS  X 90,Pharmacy,CAPSULES,JAR,,9000,,1,1
11171.00,XYLO-MEPHA ADULT,,XYLO-MEPHA ADULT  0.1% 10ML,Pharmacy,,BOTTLE,,980,,1,10ML
10312.00,XYLO-MEPHA ENFANT,,"XYLO-MEPHA ENFANT  0,05% 10ML [BOTTLE]",Pharmacy,,BOTTLE,,1085,,1,10ML
5165.00,XYLOCAin,,XYLOCAIN GEL  20G,Pharmacy,GEL,TUBE,,720,,1,20G
8180.00,XYLOCAIN PLAIN,,XYLOCAIN PLAIN INJ 50ML,Pharmacy,INJECTION (SOLUTION),VIALS,,430,,1,1
10460.00,XYLOCAINE WITH ADRENALINE,,XYLOCAINE WITH ADRENALINE INJ 30ML,Pharmacy,INJECTION (SOLUTION),VIALS,,285,,1,1
6187.00,XYLOCAINE WITH ADRENALINE,,XYLOCAINE WITH ADRENALINE INJ 50ML,Pharmacy,INJECTION (SOLUTION),BOTTLE,,300,,1,1
1000457.00,YEAST,,YEAST (KUNIMED)  TABS X 100,Pharmacy,TABLETS,JAR,,400,,1,1
6152110000000.00,YEAST,,YEAST POWDER  200G,Pharmacy,POWDER,JAR,,750,,1,200G
8243.00,YEAST,,YEAST TABS X 1000,Pharmacy,TABLETS,JAR,,2350,,1,1
445937000000.00,YOYO BITTERS,,YOYO BITTERS SYR 200ML,Pharmacy,SYRUP,BOTTLE,,937,,1,1
1007614.00,YOYO BITTERS X 30,,YOYO BITTERS X 30 CAPS,Pharmacy,CAPSULES,JAR,,1650,,1,1
1009149.00,YtACAN,,YTACAN CREAM 30GM,Pharmacy,CREAM,TUBE,,260,,1,1
8680180000000.00,Zaditen,Ketotifen,ZADITEN EYE DROPS  5ML,Pharmacy,EYE DROPS,BOTTLE,,1800,,1,5ML
6011468.00,ZANDU BALM,,ZANDU BALM   9ML,Pharmacy,,BOTTLE,,148,,1,9ML
8901070000000.00,zedex,,ZEDEX SYR  100ML,Pharmacy,SYRUP,BOTTLE,,580,,1,100ML
,ZEGEM SYR,,ZEGEM SYR   X 1,Pharmacy,,BOTTLE,,650,ZOLON HEALTHCARE LIMITED,1,1
6010267.00,zemcifer,,ZEMCIFER SYR 150ML X 1,Pharmacy,SYRUP,BOTTLE,,1000,,1,1
6012150.00,zeniron,,ZENIRON SYR 200ML X 1,Pharmacy,SYRUP,BOTTLE,,720,,1,1
8901040000000.00,ZENTEL,Albendazole,ZENTEL SUSP 125ML,Pharmacy,SUSPENSION,BOTTLE,,350,WWCVL (GSK),1,1
6034000000000.00,ZET GEL,,ZET GEL CREAM  20G,Pharmacy,CREAM,TUBE,,425,,1,20G
,zifomin,,ZIFOMIN SYR  200ML,Pharmacy,SYRUP,BOTTLE,,1250,,1,200ml
6013424.00,ZIMACILLIN,Ampicillin,ZIMACILLIN SUSP 125MG/5ML X 1,Pharmacy,SUSPENSION,BOTTLE,,180,,1,1
10466.00,ZIMACLOX,,ZIMACLOX SUSP 100ML,Pharmacy,SUSPENSION,BOTTLE,,0,,1,100ML
6013423.00,ZIMACLOX,Ampicillin and Cloxacillin,ZIMACLOX SUSP 60ML X 1,Pharmacy,SUSPENSION,BOTTLE,,190,,1,1
6013422.00,ZIMAMOX,Amoxicillin,ZIMAMOX SUSP 100ML X 1,Pharmacy,SUSPENSION,BOTTLE,,190,,1,1
6013306.00,ZINATEM,,ZINATEM SUSP  X 1,Pharmacy,SUSPENSION,BOTTLE,,300,,1,1
,ZINC,,ZINC (ORGANIC HEALTH)  TABS 60MG X 100,Pharmacy,TABLETS,JAR,,3450,,1,1
7717.00,ZINC X 100 (NATURE FILED),,ZINC X 100 (NATURE FILED) TABS 100MG,Pharmacy,TABLETS,JAR,,3300,,1,1
,ZINC(21 CENTURY),,ZINC(21 CENTURY) TABS 50MG X 110,Pharmacy,TABLETS,JAR,,2500,,1,1
311845000000.00,ZINC(MASON)  X 100,,ZINC(MASON)  X 100  50MG,Pharmacy,,JAR,,3300,,1,1
311845000000.00,ZINC(MASON)  X 100,,ZINC(MASON)  X 100 CAPS 100MG,Pharmacy,CAPSULES,JAR,,4200,,1,1
6011959.00,ZINC(NaTURE FIELD),,ZINC(NATURE FIELD) TABS 50MG X 100,Pharmacy,TABLETS,JAR,,2600,,1,1
5567870000000.00,zinchlor,,ZINCHLOR EYE DROPS X 1,Pharmacy,EYE DROPS,BOTTLE,,850,,1,1
6013268.00,ZINETEM SUSPENSION,,ZINETEM SUSPENSION SUSP X 1,Pharmacy,SUSPENSION,BOTTLE,,300,,1,1
1000027.00,Zinnat,Cefuroxime,ZINNAT 125ML/5ML  SUSP  50ML,Pharmacy,SUSPENSION,BOTTLE,,3800,WWCVL (GSK),1,50ML
1007952.00,Zinnat,,ZINNAT INJ 750MG,Pharmacy,INJECTION (POWDER),VIALS,,1600,WWCVL (GSK),1,1
5033440000000.00,Zinnat,,ZINNAT SUSP 100ML,Pharmacy,SUSPENSION,BOTTLE,,4800,WWCVL (GSK),1,1
1000005.00,Zithromax,Azithromycin,ZITHROMAX SUSP 200MG/5ML,Pharmacy,SUSPENSION,BOTTLE,Prophylactic drugs,2233,WWCVL (PFIZER),1,1
1007918.00,ZMAX,,ZMAX SUSP 2MG/5ML,Pharmacy,SUSPENSION,BOTTLE,,3625,WWCVL (PFIZER),1,1
1007507.00,ZOGLOBIN,,ZOGLOBIN SYR,Pharmacy,SYRUP,BOTTLE,,1020,,1,1
6154000000000.00,ZOLAT,Mebendazole,ZOLAT SUSP  20ML,Pharmacy,SUSPENSION,BOTTLE,,180,EMZOR PHARMACEUTICAL INDUSTRIES,1,20ML
1007506.00,ZORAMIN,,ZORAMIN SYR,Pharmacy,SYRUP,BOTTLE,,1190,,1,1
6011274.00,ZOTREX,,ZOTREX SYR 100ML X 1,Pharmacy,SYRUP,BOTTLE,,275,,1,1
5096.00,ZOTRIM,Cotrimoxazole,ZOTRIM SUSP  50ML,Pharmacy,SUSPENSION,BOTTLE,,165,,1,50ML
8901320000000.00,ZYNCET(CETIRIZINE HCL),,ZYNCET(CETIRIZINE HCL) SYR,Pharmacy,SYRUP,BOTTLE,,860,,1,1
